lag,minutes,acf,pacf,acf_ci_95,pacf_ci_95,acf_n_pairs,pacf_nobs,acf_conventional,pacf_conventional,acf_significant,pacf_significant,scale,label,bar_minutes,separation_value,separation_unit
0,0.0,1.0,1.0,0.00537763891509221,0.00537763891509221,132840,132840,1.0,1.0,False,False,1min,1 minuto,1.0,0,minutos
1,1.0,-0.008154120719197626,-0.008129513557293872,0.005382625136761547,0.005382625136761547,132594,132594,-0.008117997501711384,-0.00811799750171139,True,True,1min,1 minuto,1.0,1,minutos
2,2.0,-0.002660936659559745,-0.0027131387497250584,0.005387625254083814,0.005387625254083814,132348,132348,-0.0026265747566406677,-0.002692654091054504,False,False,1min,1 minuto,1.0,2,minutos
3,3.0,0.0033350140292374023,0.0032750586519887403,0.005392639331720062,0.005392639331720062,132102,132102,0.003053130352043475,0.003010111646416539,False,False,1min,1 minuto,1.0,3,minutos
4,4.0,0.004172673846378278,0.004186511832841889,0.005397667434753374,0.005397667434753374,131856,131856,0.004309705898247417,0.0043523189848595,False,False,1min,1 minuto,1.0,4,minutos
5,5.0,-0.004132666714404609,-0.004011897699426431,0.005402709628692408,0.005402709628692408,131610,131610,-0.00382424099794162,-0.003738075078655372,False,False,1min,1 minuto,1.0,5,minutos
6,6.0,0.009195373777209184,0.009044176683391277,0.005407765979474989,0.005407765979474989,131364,131364,0.0094276379373582,0.009380770115046663,True,True,1min,1 minuto,1.0,6,minutos
7,7.0,-0.0041639199559285545,-0.004022116316198594,0.005412836553471727,0.005412836553471727,131118,131118,-0.00434366040456683,-0.004238184933588849,False,False,1min,1 minuto,1.0,7,minutos
8,8.0,-0.0026478154487521296,-0.002611825161562584,0.0054179214174896705,0.0054179214174896705,130872,130872,-0.002804027746498798,-0.0028200270278178614,False,False,1min,1 minuto,1.0,8,minutos
9,9.0,-0.002780660241245614,-0.0028327194213847245,0.005423020638776016,0.005423020638776016,130626,130626,-0.0031859973196082816,-0.0032794944766010156,False,False,1min,1 minuto,1.0,9,minutos
10,10.0,-0.010389195351683757,-0.010349924146003315,0.005428134285021833,0.005428134285021833,130380,130380,-0.010354869098990705,-0.010493837137216125,True,True,1min,1 minuto,1.0,10,minutos
11,11.0,-0.0012814210694621628,-0.001324411377343137,0.005433262424365839,0.005433262424365839,130134,130134,-0.0011887028012746686,-0.0012502787616838268,False,False,1min,1 minuto,1.0,11,minutos
12,12.0,0.006750910603582141,0.0064993655454850165,0.005438405125398219,0.005438405125398219,129888,129888,0.006428451142040138,0.006279077087185148,True,True,1min,1 minuto,1.0,12,minutos
13,13.0,0.0003180348530734918,0.0005453044732561925,0.005443562457164474,0.005443562457164474,129642,129642,0.0001792908757493414,0.00042728974733295086,False,False,1min,1 minuto,1.0,13,minutos
14,14.0,0.003891894639005491,0.00394193976433974,0.005448734489169312,0.005448734489169312,129396,129396,0.003657190648206614,0.0038065413014850297,False,False,1min,1 minuto,1.0,14,minutos
15,15.0,0.00821835492064235,0.008046089047478916,0.00545392129138059,0.00545392129138059,129150,129150,0.008355018544737735,0.008351832989241838,True,True,1min,1 minuto,1.0,15,minutos
16,16.0,-0.005181803051012351,-0.004864393317190441,0.005459122934233282,0.005459122934233282,128904,128904,-0.0048847136983095375,-0.004638712153089996,False,False,1min,1 minuto,1.0,16,minutos
17,17.0,-0.002639917024916278,-0.002668426551017415,0.005464339488633502,0.005464339488633502,128658,128658,-0.0028246612928206683,-0.002922705768992171,False,False,1min,1 minuto,1.0,17,minutos
18,18.0,-0.0005937393349405642,-0.0008993484081647825,0.005469571025962556,0.005469571025962556,128412,128412,-0.0012161367686006612,-0.001569950958836829,False,False,1min,1 minuto,1.0,18,minutos
19,19.0,-0.004280493145053111,-0.004243510798528403,0.005474817618081055,0.005474817618081055,128166,128166,-0.004556293362937211,-0.004642014345839853,False,False,1min,1 minuto,1.0,19,minutos
20,20.0,-0.006282723304439683,-0.006230836158827117,0.005480079337333053,0.005480079337333053,127920,127920,-0.00554648058974981,-0.0056579843643982655,True,True,1min,1 minuto,1.0,20,minutos
21,21.0,-0.006988555430590281,-0.007056016565195903,0.005485356256550235,0.005485356256550235,127674,127674,-0.005832337799034771,-0.0060572204102953275,True,True,1min,1 minuto,1.0,21,minutos
22,22.0,-0.0037017079339113977,-0.0034592123622256407,0.005490648449056161,0.005490648449056161,127428,127428,-0.003967925434273911,-0.0037625078873566257,False,False,1min,1 minuto,1.0,22,minutos
23,23.0,0.00783385300679149,0.0077324141378299375,0.005495955988670536,0.005495955988670536,127182,127182,0.007201745454181499,0.0072850172302099106,True,True,1min,1 minuto,1.0,23,minutos
24,24.0,0.005746042942657831,0.005824850473362755,0.005501278949713538,0.005501278949713538,126936,126936,0.004739335712562211,0.004962887218855076,True,True,1min,1 minuto,1.0,24,minutos
25,25.0,0.002966774676432455,0.0032460100698853207,0.0055066174070101895,0.0055066174070101895,126690,126690,0.0037723452678082264,0.004134512418482408,False,False,1min,1 minuto,1.0,25,minutos
26,26.0,0.00043663650446453797,0.0003535654908963043,0.0055119714358947735,0.0055119714358947735,126444,126444,0.0006408035793347524,0.0005932757440728583,False,False,1min,1 minuto,1.0,26,minutos
27,27.0,-0.0027849901912716177,-0.002923812773286346,0.0055173411122153015,0.0055173411122153015,126198,126198,-0.0031945793868951296,-0.0034404984317651906,False,False,1min,1 minuto,1.0,27,minutos
28,28.0,-0.0026172043038256623,-0.0025644783405762723,0.005522726512338022,0.005522726512338022,125952,125952,-0.0026962488618374994,-0.0028038931169447464,False,False,1min,1 minuto,1.0,28,minutos
29,29.0,0.0016856297148737697,0.0012496723438864127,0.005528127713151989,0.005528127713151989,125706,125706,0.001741205935686352,0.0013091406098429625,False,False,1min,1 minuto,1.0,29,minutos
30,30.0,-0.002984364160089776,-0.0030758716210459985,0.0055335447920736615,0.0055335447920736615,125460,125460,-0.0025000748286098996,-0.002685556774159419,False,False,1min,1 minuto,1.0,30,minutos
31,31.0,0.0005955649949415588,0.0005397969154679713,0.005538977827051577,0.005538977827051577,125214,125214,0.0001799386257743918,0.00020072702856051332,False,False,1min,1 minuto,1.0,31,minutos
32,32.0,-0.00703455402738019,-0.006687826877953072,0.005544426896571053,0.005544426896571053,124968,124968,-0.0071869298738783385,-0.0070955375062590085,True,True,1min,1 minuto,1.0,32,minutos
33,33.0,0.0073979070097191495,0.007284636734208031,0.005549892079658955,0.005549892079658955,124722,124722,0.0071422216352481655,0.007389888613547104,True,True,1min,1 minuto,1.0,33,minutos
34,34.0,0.0023061585403784677,0.0026687502029595746,0.005555373455888502,0.005555373455888502,124476,124476,0.00266452370310928,0.00310952122959723,False,False,1min,1 minuto,1.0,34,minutos
35,35.0,0.002378612460311238,0.0024691906685116102,0.005560871105384145,0.005560871105384145,124230,124230,0.002210405708617698,0.002350493152625487,False,False,1min,1 minuto,1.0,35,minutos
36,36.0,-0.0002005730546910872,-6.012311351428621e-05,0.005566385108826476,0.005566385108826476,123984,123984,-0.0008570623273457231,-0.0007560367445908104,False,False,1min,1 minuto,1.0,36,minutos
37,37.0,0.0016536849412762584,0.0012342228593945654,0.005571915547457201,0.005571915547457201,123738,123738,0.0023724258552705567,0.001988319411214837,False,False,1min,1 minuto,1.0,37,minutos
38,38.0,-0.0005643350917344179,-0.0006842596712006476,0.005577462503084177,0.005577462503084177,123492,123492,-0.00033338722977787564,-0.0005050961902510984,False,False,1min,1 minuto,1.0,38,minutos
39,39.0,0.0009498966077529021,0.0006195486210816932,0.005583026058086484,0.005583026058086484,123246,123246,0.0007284694293852894,0.00045509298332795214,False,False,1min,1 minuto,1.0,39,minutos
40,40.0,0.0024701847194603956,0.0022737250257686705,0.00558860629541957,0.00558860629541957,123000,123000,0.002336867489080047,0.0022266366355205972,False,False,1min,1 minuto,1.0,40,minutos
41,41.0,0.0016713990431178642,0.0015439260088639694,0.005594203298620443,0.005594203298620443,122754,122754,0.0008787509993910984,0.0008482365219206388,False,False,1min,1 minuto,1.0,41,minutos
42,42.0,-0.000867966665763943,-0.0007519558353820482,0.005599817151812924,0.005599817151812924,122508,122508,-0.0005496110458791329,-0.00041702325597120743,False,False,1min,1 minuto,1.0,42,minutos
43,43.0,0.0005904542218003087,0.0007684239861999389,0.005605447939712958,0.005605447939712958,122262,122262,0.00036703161936598794,0.0005602086688917935,False,False,1min,1 minuto,1.0,43,minutos
44,44.0,0.0009220300072182797,0.0012160143667320291,0.005611095747633984,0.005611095747633984,122016,122016,0.00018937225616915757,0.0004955145329770869,False,False,1min,1 minuto,1.0,44,minutos
45,45.0,0.006365803152683554,0.0062806609767828685,0.005616760661492363,0.005616760661492363,121770,121770,0.006333958328524687,0.0065186326675288585,True,True,1min,1 minuto,1.0,45,minutos
46,46.0,-0.00033186133424432316,-0.00016986875180160827,0.005622442767812869,0.005622442767812869,121524,121524,-0.001259409653258399,-0.0011875327514350939,False,False,1min,1 minuto,1.0,46,minutos
47,47.0,-0.0001301625253563772,-0.0001763046199411988,0.005628142153734233,0.005628142153734233,121278,121278,-0.0004988379732207923,-0.0005205985150072783,False,False,1min,1 minuto,1.0,47,minutos
48,48.0,-0.0021104482578370065,-0.0023535406208246,0.005633858907014768,0.005633858907014768,121032,121032,-0.0023324449189183446,-0.0027018498857242137,False,False,1min,1 minuto,1.0,48,minutos
49,49.0,-0.006649351390419238,-0.006511221803177376,0.005639593116038035,0.005639593116038035,120786,120786,-0.005076781371843994,-0.005334113626127148,True,True,1min,1 minuto,1.0,49,minutos
50,50.0,-0.0026291796487071706,-0.002566451157507276,0.005645344869818583,0.005645344869818583,120540,120540,-0.0010360060835627265,-0.0010109514402202532,False,False,1min,1 minuto,1.0,50,minutos
51,51.0,-0.003659457564551079,-0.003624105799444656,0.0056511142580077545,0.0056511142580077545,120294,120294,-0.003440576421601816,-0.0035395715201454246,False,False,1min,1 minuto,1.0,51,minutos
52,52.0,0.002063393555203753,0.0018947680548892917,0.005656901370899557,0.005656901370899557,120048,120048,0.0021599964048310545,0.0021754571770320964,False,False,1min,1 minuto,1.0,52,minutos
53,53.0,-0.000664353936258318,-0.0004405330038598492,0.005662706299436595,0.005662706299436595,119802,119802,-0.0003731878189457737,-0.0001850694565012996,False,False,1min,1 minuto,1.0,53,minutos
54,54.0,-0.008559070997155294,-0.007881577505542237,0.005668529135216072,0.005668529135216072,119556,119556,-0.006974174616213598,-0.006815453016386237,True,True,1min,1 minuto,1.0,54,minutos
55,55.0,-0.006209334102535276,-0.00564338007789857,0.005674369970495862,0.005674369970495862,119310,119310,-0.00636365941729246,-0.006099443433298731,True,False,1min,1 minuto,1.0,55,minutos
56,56.0,-0.004464717083916332,-0.004363593158800616,0.005680228898200651,0.005680228898200651,119064,119064,-0.0034432079203765126,-0.0036405233997259473,False,False,1min,1 minuto,1.0,56,minutos
57,57.0,-0.0008647583643653596,-0.000936391826926947,0.005686106011928141,0.005686106011928141,118818,118818,-0.0003856388420276251,-0.0005138309080305433,False,False,1min,1 minuto,1.0,57,minutos
58,58.0,0.0014537266650790734,0.001172171556124456,0.005692001405955339,0.005692001405955339,118572,118572,0.0024433401029283217,0.0022533375390372777,False,False,1min,1 minuto,1.0,58,minutos
59,59.0,-0.0030616261628357132,-0.0030980898522694985,0.005697915175244901,0.005697915175244901,118326,118326,-0.003154012309323664,-0.0032981023137952418,False,False,1min,1 minuto,1.0,59,minutos
60,60.0,0.0036854670223917005,0.0034141091778088347,0.005703847415451556,0.005703847415451556,118080,118080,0.0024237559188208598,0.002388521148970439,False,False,1min,1 minuto,1.0,60,minutos
0,0.0,1.0,1.0,0.012024766172594402,0.012024766172594402,26568,26568,1.0,1.0,False,False,5min,5 minutos,5.0,0,minutos
1,5.0,0.0024396615186024822,0.002416801353861768,0.012080825992448873,0.012080825992448873,26322,26322,0.0024168222232547505,0.002416822223254752,False,False,5min,5 minutos,5.0,5,minutos
2,10.0,-0.011523707758756697,-0.01134766350434954,0.012137677252306037,0.012137677252306037,26076,26076,-0.012003525682497105,-0.012009436859632808,False,False,5min,5 minutos,5.0,10,minutos
3,15.0,0.009870818285286713,0.009722693803606866,0.012195338751460437,0.012195338751460437,25830,25830,0.009973113758314039,0.010033002838488719,False,False,5min,5 minutos,5.0,15,minutos
4,20.0,-0.0115653127941217,-0.011471600007950427,0.012253829920368704,0.012253829920368704,25584,25584,-0.01194000884276515,-0.012137344332084986,False,False,5min,5 minutos,5.0,20,minutos
5,25.0,-0.002188769969849001,-0.0018713986537850307,0.012313170848158412,0.012313170848158412,25338,25338,-0.0023984898033411147,-0.002095615769971634,False,False,5min,5 minutos,5.0,25,minutos
6,30.0,7.057232085978288e-05,-0.0002070541458504849,0.012373382311616646,0.012373382311616646,25092,25092,0.0002344468212602763,-0.00014507801617677293,False,False,5min,5 minutos,5.0,30,minutos
7,35.0,0.008372293130958658,0.008125281136432938,0.012434485805753346,0.012434485805753346,24846,24846,0.008182272769112299,0.008371937833464124,False,False,5min,5 minutos,5.0,35,minutos
8,40.0,-0.00399641208695384,-0.0038765050319657323,0.01249650357604143,0.01249650357604143,24600,24600,-0.004976007864001653,-0.005121289361936167,False,False,5min,5 minutos,5.0,40,minutos
9,45.0,0.010482728003826733,0.0100207804826728,0.012559458652443609,0.012559458652443609,24354,24354,0.008785611732646272,0.008963227422276942,False,False,5min,5 minutos,5.0,45,minutos
10,50.0,-0.012939057039961436,-0.012437539873897945,0.012623374885344051,0.012623374885344051,24108,24108,-0.00993067714051464,-0.010278013010720108,True,False,5min,5 minutos,5.0,50,minutos
11,55.0,-0.017394301133468747,-0.01581317868845131,0.012688276983512221,0.012688276983512221,23862,23862,-0.013510507077538108,-0.012944710636034681,True,True,5min,5 minutos,5.0,55,minutos
12,60.0,-0.0020492887003060443,-0.0022730491607655962,0.012754190554236162,0.012754190554236162,23616,23616,-0.001000990054795358,-0.0014415305173484019,False,False,5min,5 minutos,5.0,60,minutos
13,65.0,-0.015407050600330029,-0.013985994905911781,0.012821142145773222,0.012821142145773222,23370,23370,-0.0161028055626297,-0.01603400302184557,True,True,5min,5 minutos,5.0,65,minutos
14,70.0,0.0017873844433441302,0.0017834621141880652,0.01288915929227812,0.01288915929227812,23124,23124,0.002522732787053333,0.002572616587472228,False,False,5min,5 minutos,5.0,70,minutos
15,75.0,0.006796752877214634,0.005467709726509528,0.01295827056138098,0.01295827056138098,22878,22878,0.005388212187485824,0.004734685429882661,False,False,5min,5 minutos,5.0,75,minutos
16,80.0,-0.002481320334899552,-0.002255492967955981,0.013028505604602092,0.013028505604602092,22632,22632,-0.005021256004300367,-0.004928150436278704,False,False,5min,5 minutos,5.0,80,minutos
17,85.0,-0.002804145730762651,-0.0024803627955967333,0.01309989521080546,0.01309989521080546,22386,22386,-0.0009034356568065612,-0.0009404319802903008,False,False,5min,5 minutos,5.0,85,minutos
18,90.0,-0.004337547530423754,-0.003990579919327226,0.013172471362910027,0.013172471362910027,22140,22140,-0.00014385534439624093,-0.0003278974238715198,False,False,5min,5 minutos,5.0,90,minutos
19,95.0,0.00309633981944866,0.0028982330822240818,0.013246267298095811,0.013246267298095811,21894,21894,0.0007486284113691815,0.0010157946578134502,False,False,5min,5 minutos,5.0,95,minutos
20,100.0,-0.0013562842680667866,-0.0008179397680765841,0.013321317571762402,0.013321317571762402,21648,21648,-0.003298399537159499,-0.0030033946423954714,False,False,5min,5 minutos,5.0,100,minutos
21,105.0,0.00027007299503060354,-0.00019517326429496263,0.013397658125519346,0.013397658125519346,21402,21402,-0.004914604037957455,-0.00536999101853326,False,False,5min,5 minutos,5.0,105,minutos
22,110.0,0.003957055867279708,0.0029209422120111033,0.013475326359512327,0.013475326359512327,21156,21156,0.003468488879098301,0.0034145969862480496,False,False,5min,5 minutos,5.0,110,minutos
23,115.0,0.007161741439863174,0.005789887210347225,0.013554361209415706,0.013554361209415706,20910,20910,0.005584221682204884,0.005265488608261062,False,False,5min,5 minutos,5.0,115,minutos
24,120.0,0.006561200953947186,0.004825942377621947,0.013634803228451476,0.013634803228451476,20664,20664,-0.00011337341526587708,-0.0005297566301986893,False,False,5min,5 minutos,5.0,120,minutos
25,125.0,-0.0033250335146250264,-0.002355616767381919,0.013716694674827067,0.013716694674827067,20418,20418,-0.01037951531776627,-0.010251079026828291,False,False,5min,5 minutos,5.0,125,minutos
26,130.0,0.009377014394737492,0.007648552372759835,0.013800079605020324,0.013800079605020324,20172,20172,0.007829637534926511,0.007622129293052331,False,False,5min,5 minutos,5.0,130,minutos
27,135.0,0.011464049723748326,0.009090116113151385,0.013885003973379367,0.013885003973379367,19926,19926,0.010658099829029146,0.010535079947876481,False,False,5min,5 minutos,5.0,135,minutos
28,140.0,0.002249591970946626,0.00202827795012323,0.013971515738548925,0.013971515738548925,19680,19680,0.00030923851020514694,0.0008148390167111374,False,False,5min,5 minutos,5.0,140,minutos
29,145.0,0.013317976310830088,0.010359797717257972,0.014059664977283002,0.014059664977283002,19434,19434,0.010577776621240582,0.010215424313847605,False,False,5min,5 minutos,5.0,145,minutos
30,150.0,0.002172063515160405,0.0014070324721552555,0.014149504006257526,0.014149504006257526,19188,19188,0.004953921400344069,0.004813489687325517,False,False,5min,5 minutos,5.0,150,minutos
0,0.0,1.0,1.0,0.020827505960069048,0.020827505960069048,8856,8856,1.0,1.0,False,False,15min,15 minutos,15.0,0,minutos
1,15.0,0.00706198744013198,0.006901237632911897,0.021122946333043076,0.021122946333043076,8610,8610,0.007447323234157828,0.007447323234157822,False,False,15min,15 minutos,15.0,15,minutos
2,30.0,0.008777698351267101,0.008254497392334035,0.021431326825194073,0.021431326825194073,8364,8364,0.005689201453368036,0.005634051309279728,False,False,15min,15 minutos,15.0,30,minutos
3,45.0,-0.01398735419478959,-0.013333390349291438,0.021753620501592876,0.021753620501592876,8118,8118,-0.01197427413722931,-0.012059414971630968,False,False,15min,15 minutos,15.0,45,minutos
4,60.0,-0.02639237861388277,-0.024248479593971896,0.02209090604935209,0.02209090604935209,7872,7872,-0.02210158132674031,-0.021959953179000104,True,True,15min,15 minutos,15.0,60,minutos
5,75.0,0.001528131605584587,0.0018002873026414486,0.022444382990535937,0.022444382990535937,7626,7626,0.0007036934388848882,0.0011651007308586098,False,False,15min,15 minutos,15.0,75,minutos
6,90.0,-0.009899913971606163,-0.008335916366320428,0.022815389661806223,0.022815389661806223,7380,7380,-0.00608526634365989,-0.005991281646328287,False,False,15min,15 minutos,15.0,90,minutos
7,105.0,0.004288704035772437,0.0029884764296351785,0.023205424575837515,0.023205424575837515,7134,7134,-0.0029893409219929118,-0.003441420271591191,False,False,15min,15 minutos,15.0,105,minutos
8,120.0,0.018302496093552948,0.014178960245978011,0.023616171942882114,0.023616171942882114,6888,6888,0.0024572254928789733,0.002112413640983185,False,False,15min,15 minutos,15.0,120,minutos
9,135.0,0.016530217173076497,0.012647827340522564,0.024049532345188803,0.024049532345188803,6642,6642,0.011640872748932815,0.011551316912067741,False,False,15min,15 minutos,15.0,135,minutos
10,150.0,0.03188398066722722,0.02365485371368199,0.024507659840737408,0.024507659840737408,6396,6396,0.026804942019365535,0.026291352671280886,True,False,15min,15 minutos,15.0,150,minutos
11,165.0,0.011439256422440409,0.008641435860621424,0.02499300715208286,0.02499300715208286,6150,6150,0.005001839859172385,0.004425028786251768,False,False,15min,15 minutos,15.0,165,minutos
12,180.0,0.009746520361971057,0.00791192660194843,0.025508381108472325,0.025508381108472325,5904,5904,0.0038256933721692353,0.0038081580764800387,False,False,15min,15 minutos,15.0,180,minutos
13,195.0,-0.009500732308478506,-0.005384176765516825,0.026057011209204183,0.026057011209204183,5658,5658,-0.011169882707019694,-0.010194034353329991,False,False,15min,15 minutos,15.0,195,minutos
14,210.0,0.0017829516083999947,0.0026750883279949935,0.026642635143524804,0.026642635143524804,5412,5412,-0.0036246561130443902,-0.0022602291924566846,False,False,15min,15 minutos,15.0,210,minutos
15,225.0,0.011703524140462235,0.008091199433831736,0.02726960645690295,0.02726960645690295,5166,5166,-0.006308145843858045,-0.005775347431455495,False,False,15min,15 minutos,15.0,225,minutos
16,240.0,0.01009285327045555,0.006852444789403798,0.02794303147709785,0.02794303147709785,4920,4920,0.01275354430476327,0.013163002456289841,False,False,15min,15 minutos,15.0,240,minutos
17,255.0,-0.013538220112402199,-0.010203695520053652,0.028668945387136442,0.028668945387136442,4674,4674,-0.021275503633513576,-0.021804858806423733,False,False,15min,15 minutos,15.0,255,minutos
18,270.0,-0.0005015696403439256,-0.0006636592897314925,0.029454541399136124,0.029454541399136124,4428,4428,0.010951224415429537,0.010713432357505721,False,False,15min,15 minutos,15.0,270,minutos
19,285.0,0.005826518269248559,0.002970219784677676,0.030308473055839787,0.030308473055839787,4182,4182,-0.0040962159102085885,-0.004701468830142235,False,False,15min,15 minutos,15.0,285,minutos
20,300.0,0.007687738763008954,0.004296604237140802,0.031241258940103576,0.031241258940103576,3936,3936,0.0023941247713877064,0.0015069529541117455,False,False,15min,15 minutos,15.0,300,minutos
21,315.0,0.029600117271694107,0.01712030257280884,0.03226583349055326,0.03226583349055326,3690,3690,0.0036792614165880796,0.0026046234151421094,False,False,15min,15 minutos,15.0,315,minutos
22,330.0,-0.017268165120906714,-0.009461276536295643,0.033398310652958854,0.033398310652958854,3444,3444,-0.0004324141869077452,7.26852302675958e-05,False,False,15min,15 minutos,15.0,330,minutos
23,345.0,0.007018281791574379,0.004949679364360724,0.03465906492879729,0.03465906492879729,3198,3198,-0.008734565833973073,-0.008509628353167091,False,False,15min,15 minutos,15.0,345,minutos
24,360.0,0.0006014172258352269,-0.0002594126943960296,0.0360742985177832,0.0360742985177832,2952,2952,0.001728704071798059,0.002354062119667726,False,False,15min,15 minutos,15.0,360,minutos
25,375.0,0.007975013243930542,0.0055920607198937005,0.037678375957330826,0.037678375957330826,2706,2706,-0.003538508169307432,-0.003118066023951866,False,False,15min,15 minutos,15.0,375,minutos
26,390.0,0.054842366845726645,0.028608216919175655,0.03951741408873008,0.03951741408873008,2460,2460,0.01583017184017861,0.015401351381486551,True,False,15min,15 minutos,15.0,390,minutos
27,405.0,-0.0019626769011795446,-0.0031884486084472813,0.041655011920138096,0.041655011920138096,2214,2214,0.012380492738562163,0.012711810682647486,False,False,15min,15 minutos,15.0,405,minutos
28,420.0,-0.024154856742920422,-0.01195582612845656,0.04418181209870418,0.04418181209870418,1968,1968,-0.005881918910155115,-0.006720178243643732,False,False,15min,15 minutos,15.0,420,minutos
29,435.0,0.039367425038294046,0.02335630195671617,0.04723234388576423,0.04723234388576423,1722,1722,0.014773181314003838,0.015378816113191737,False,False,15min,15 minutos,15.0,435,minutos
30,450.0,0.04638982700246224,0.02295710387856978,0.05101676221694465,0.05101676221694465,1476,1476,-0.005302821076453453,-0.005163960026638476,False,False,15min,15 minutos,15.0,450,minutos
0,0.0,1.0,1.0,0.029454541399136124,0.029454541399136124,4428,4428,1.0,1.0,False,False,30min,30 minutos,30.0,0,minutos
1,30.0,0.009532872656896908,0.009090386781477187,0.030308473055839787,0.030308473055839787,4182,4182,0.006420803714450037,0.006420803714450039,False,False,30min,30 minutos,30.0,30,minutos
2,60.0,-0.02443118836656809,-0.02274302054437439,0.031241258940103576,0.031241258940103576,3936,3936,-0.021722883861792164,-0.02176500788202479,False,False,30min,30 minutos,30.0,60,minutos
3,90.0,-0.0063283312201733105,-0.0052571979874587085,0.03226583349055326,0.03226583349055326,3690,3690,-0.0033370167040843845,-0.0030563275119398748,False,False,30min,30 minutos,30.0,90,minutos
4,120.0,0.027166520865406232,0.02128693092946341,0.033398310652958854,0.033398310652958854,3444,3444,0.004885064002474081,0.004456331877163325,False,False,30min,30 minutos,30.0,120,minutos
5,150.0,0.04658884936991735,0.035694849389335,0.03465906492879729,0.03465906492879729,3198,3198,0.037247777256730605,0.037068282046952776,True,True,30min,30 minutos,30.0,150,minutos
6,180.0,0.0016207512286407538,0.0031148905641576645,0.0360742985177832,0.0360742985177832,2952,2952,-0.008707562680816258,-0.009009949436182187,False,False,30min,30 minutos,30.0,180,minutos
7,210.0,-0.0064011709991777304,-0.0031606584229858037,0.037678375957330826,0.037678375957330826,2706,2706,-0.014690879982100993,-0.012969001704008989,False,False,30min,30 minutos,30.0,210,minutos
8,240.0,0.01370121178738558,0.008434481381442791,0.03951741408873008,0.03951741408873008,2460,2460,-0.0019667178691064728,-0.0019808814580627872,False,False,30min,30 minutos,30.0,240,minutos
9,270.0,0.003308575213083945,0.00016170059406385104,0.041655011920138096,0.041655011920138096,2214,2214,0.003700618040284632,0.0027639482349405362,False,False,30min,30 minutos,30.0,270,minutos
10,300.0,0.033878090260691315,0.020267292257503188,0.04418181209870418,0.04418181209870418,1968,1968,0.0027973308462084295,0.001304655880434953,False,False,30min,30 minutos,30.0,300,minutos
11,330.0,-0.019737625001928393,-0.009746637448825847,0.04723234388576423,0.04723234388576423,1722,1722,-0.0053817583021911145,-0.004516897828420501,False,False,30min,30 minutos,30.0,330,minutos
12,360.0,0.03250503346338765,0.019322960336773918,0.05101676221694465,0.05101676221694465,1476,1476,0.002470083547991155,0.0036067965092141554,False,False,30min,30 minutos,30.0,360,minutos
13,390.0,0.03843213552739755,0.018615418217507746,0.0558860629541957,0.0558860629541957,1230,1230,0.020147497003035343,0.01982846471757298,False,False,30min,30 minutos,30.0,390,minutos
14,420.0,0.03571630415447681,0.017705556806954337,0.06248251788020715,0.06248251788020715,984,984,0.011038225758336472,0.010429424021678391,False,False,30min,30 minutos,30.0,420,minutos
15,450.0,0.062296060508145006,0.028007810047141864,0.0721485970355664,0.0721485970355664,738,738,-0.006108548351460401,-0.005519442135246543,False,False,30min,30 minutos,30.0,450,minutos
16,480.0,0.011425434578520698,-0.0009257603964516436,0.08836362419740836,0.08836362419740836,492,492,-0.01397652847166199,-0.012938417658329895,False,False,30min,30 minutos,30.0,480,minutos
17,510.0,0.042336198813889545,0.01791536075212866,0.1249650357604143,0.1249650357604143,246,246,-0.0012858103649718475,-0.0017176666553360876,False,False,30min,30 minutos,30.0,510,minutos
0,0.0,1.0,1.0,0.041655011920138096,0.041655011920138096,2214,2214,1.0,1.0,False,False,60min,60 minutos,60.0,0,minutos
1,60.0,-0.04534359430410923,-0.04210527477314138,0.04418181209870418,0.04418181209870418,1968,1968,-0.04084120602719234,-0.04084120602719235,True,False,60min,60 minutos,60.0,60,minutos
2,120.0,0.07488152278942796,0.05732895232357269,0.04723234388576423,0.04723234388576423,1722,1722,0.031720376113697574,0.03010258323649473,True,True,60min,60 minutos,60.0,120,minutos
3,180.0,0.012105101235815752,0.012512533617839822,0.05101676221694465,0.05101676221694465,1476,1476,0.005195813816769239,0.007701553652587997,False,False,60min,60 minutos,60.0,180,minutos
4,240.0,0.029090768543901278,0.016028163091985164,0.0558860629541957,0.0558860629541957,1230,1230,0.0006743350206970863,0.0002319639938312047,False,False,60min,60 minutos,60.0,240,minutos
5,300.0,0.009187781006564462,0.007889920421171764,0.06248251788020715,0.06248251788020715,984,984,-0.001992273368196659,-0.0023646993318852715,False,False,60min,60 minutos,60.0,300,minutos
6,360.0,0.010956484411911466,0.0033603078180716975,0.0721485970355664,0.0721485970355664,738,738,-0.0006895463107895407,-0.0009332859012877433,False,False,60min,60 minutos,60.0,360,minutos
7,420.0,0.13246136914348314,0.06576875668093682,0.08836362419740836,0.08836362419740836,492,492,0.031396161457669595,0.03154446830820661,True,False,60min,60 minutos,60.0,420,minutos
8,480.0,0.04142893095927144,0.012406277994551568,0.1249650357604143,0.1249650357604143,246,246,-0.020339808814827033,-0.01782229346516027,False,False,60min,60 minutos,60.0,480,minutos
0,,1.0,1.0,0.1249650357604143,0.1249650357604143,246,246,1.0,1.0,False,False,1d,1 dia,,0,pregões
1,,-0.02557664246595705,-0.024731002151075796,0.1275851327612074,0.1275851327612074,236,236,-0.04453898840697101,-0.04453898840697102,False,False,1d,1 dia,,1,pregões
2,,-0.024246768208283812,-0.024758810431625006,0.1303772606265969,0.1303772606265969,226,226,0.004989361506645185,0.003011614222175923,False,False,1d,1 dia,,2,pregões
3,,-0.012005621841045772,-0.013205997368508051,0.13305346972721763,0.13305346972721763,217,217,0.017047573408378654,0.017438009529424613,False,False,1d,1 dia,,3,pregões
4,,0.10369449253198917,0.10093287013099557,0.13557603491775064,0.13557603491775064,209,209,0.15407783701587993,0.15595161328461257,False,False,1d,1 dia,,4,pregões
5,,-0.02421913881968288,-0.017878827986360042,0.13824774070828524,0.13824774070828524,201,201,-0.037646290366242924,-0.02425168445421873,False,False,1d,1 dia,,5,pregões
6,,0.06628063401709185,0.07749585399156737,0.14108388714674414,0.14108388714674414,193,193,0.029096410752254876,0.025296394000137886,False,False,1d,1 dia,,6,pregões
7,,0.06202871578484628,0.08703316260797646,0.1441020659303863,0.1441020659303863,185,185,0.09092400659434889,0.0895834532084381,False,False,1d,1 dia,,7,pregões
8,,-0.04415260571524488,-0.06329503165422214,0.14690821104318882,0.14690821104318882,178,178,0.002158960266066771,-0.013164050096672108,False,False,1d,1 dia,,8,pregões
9,,-0.00605731251945464,0.0038617582136043836,0.14988494612876702,0.14988494612876702,171,171,-0.021068060029981486,-0.014133476971061008,False,False,1d,1 dia,,9,pregões
10,,0.056599168673778934,0.060399421369106414,0.15305028665083395,0.15305028665083395,164,164,0.04921836414980084,0.03682493987962869,False,False,1d,1 dia,,10,pregões
11,,0.033289446653379004,0.02799181250696694,0.15642502935565394,0.15642502935565394,157,157,0.017859045381048103,-0.004260245249697717,False,False,1d,1 dia,,11,pregões
12,,0.05252176634174328,0.054845512888637406,0.1600333298618343,0.1600333298618343,150,150,-0.008177353901799399,-0.0013697032188850933,False,False,1d,1 dia,,12,pregões
13,,-0.04239540656516478,-0.05707490712628858,0.1639034339613898,0.1639034339613898,143,143,-0.045227517673063385,-0.04851042627554117,False,False,1d,1 dia,,13,pregões
14,,-0.1441133634840276,-0.17306505762814567,0.16806861343965865,0.16806861343965865,136,136,-0.003595300654461462,-0.030665882800868346,False,True,1d,1 dia,,14,pregões
15,,-0.019437889501582817,-0.024926673922713857,0.17256837763982227,0.17256837763982227,129,129,0.03443436523393365,0.03717781942207885,False,False,1d,1 dia,,15,pregões
