lag,minutes,acf_absolute_returns,acf_squared_returns,n_pairs,scale,label,bar_minutes,separation_value,separation_unit
0,0.0,1.0,1.0,132840,1min,1 minuto,1.0,0,minutos
1,1.0,0.24229535553357656,0.2769338990910422,132594,1min,1 minuto,1.0,1,minutos
2,2.0,0.21573341806852953,0.14805825569353448,132348,1min,1 minuto,1.0,2,minutos
3,3.0,0.19447567834534416,0.06558912033537694,132102,1min,1 minuto,1.0,3,minutos
4,4.0,0.18447139547355748,0.05517230856589984,131856,1min,1 minuto,1.0,4,minutos
5,5.0,0.18494980028582417,0.054507551934243906,131610,1min,1 minuto,1.0,5,minutos
6,6.0,0.1767099594622424,0.041898486969246675,131364,1min,1 minuto,1.0,6,minutos
7,7.0,0.17494357653721668,0.048815171876302126,131118,1min,1 minuto,1.0,7,minutos
8,8.0,0.17174166762197898,0.043318646231874786,130872,1min,1 minuto,1.0,8,minutos
9,9.0,0.16454825657110234,0.044808707974231,130626,1min,1 minuto,1.0,9,minutos
10,10.0,0.1711093564139904,0.04894268089439459,130380,1min,1 minuto,1.0,10,minutos
11,11.0,0.16014364006310458,0.044102421465243506,130134,1min,1 minuto,1.0,11,minutos
12,12.0,0.1648300444489633,0.05364130844413079,129888,1min,1 minuto,1.0,12,minutos
13,13.0,0.15812686880721868,0.04265559479498253,129642,1min,1 minuto,1.0,13,minutos
14,14.0,0.15036866318033593,0.035363523624375795,129396,1min,1 minuto,1.0,14,minutos
15,15.0,0.15150355245901526,0.03159301199288633,129150,1min,1 minuto,1.0,15,minutos
16,16.0,0.15466068137831868,0.03348074906634151,128904,1min,1 minuto,1.0,16,minutos
17,17.0,0.15010966331985934,0.03516177762899566,128658,1min,1 minuto,1.0,17,minutos
18,18.0,0.1463397336594763,0.02988775104639362,128412,1min,1 minuto,1.0,18,minutos
19,19.0,0.14581941123054382,0.03328929115913035,128166,1min,1 minuto,1.0,19,minutos
20,20.0,0.1474530566386506,0.04396550972989842,127920,1min,1 minuto,1.0,20,minutos
21,21.0,0.14133020145123612,0.03649467065668009,127674,1min,1 minuto,1.0,21,minutos
22,22.0,0.13946102674804142,0.0353521510807975,127428,1min,1 minuto,1.0,22,minutos
23,23.0,0.13825888558518998,0.03318617487518679,127182,1min,1 minuto,1.0,23,minutos
24,24.0,0.13999460283227827,0.03033943086279152,126936,1min,1 minuto,1.0,24,minutos
25,25.0,0.14393674482138466,0.043277729361262986,126690,1min,1 minuto,1.0,25,minutos
26,26.0,0.13745029044595053,0.03872849984439171,126444,1min,1 minuto,1.0,26,minutos
27,27.0,0.14001493044267768,0.04450601883389186,126198,1min,1 minuto,1.0,27,minutos
28,28.0,0.1378828876768782,0.03876653008512437,125952,1min,1 minuto,1.0,28,minutos
29,29.0,0.14230774236913382,0.044349744340623144,125706,1min,1 minuto,1.0,29,minutos
30,30.0,0.1395120663641535,0.0386926299128825,125460,1min,1 minuto,1.0,30,minutos
31,31.0,0.1331882439477726,0.03815892049761447,125214,1min,1 minuto,1.0,31,minutos
32,32.0,0.12967111256605082,0.030996350219627346,124968,1min,1 minuto,1.0,32,minutos
33,33.0,0.1276553355745419,0.03228349524759998,124722,1min,1 minuto,1.0,33,minutos
34,34.0,0.12271398379895555,0.031418671558177534,124476,1min,1 minuto,1.0,34,minutos
35,35.0,0.1278050503467815,0.03580209950042018,124230,1min,1 minuto,1.0,35,minutos
36,36.0,0.12284046673938805,0.02739025021505685,123984,1min,1 minuto,1.0,36,minutos
37,37.0,0.12038801640475277,0.027772298302015483,123738,1min,1 minuto,1.0,37,minutos
38,38.0,0.1148154333830785,0.02329978363901001,123492,1min,1 minuto,1.0,38,minutos
39,39.0,0.12097065942797325,0.025902971890752278,123246,1min,1 minuto,1.0,39,minutos
40,40.0,0.11716414083063567,0.024249987130909777,123000,1min,1 minuto,1.0,40,minutos
41,41.0,0.1104638688005494,0.023937334488855013,122754,1min,1 minuto,1.0,41,minutos
42,42.0,0.1099855557707159,0.02269970057079828,122508,1min,1 minuto,1.0,42,minutos
43,43.0,0.11286195499974616,0.023717022679076067,122262,1min,1 minuto,1.0,43,minutos
44,44.0,0.11049720663562976,0.022411394357681406,122016,1min,1 minuto,1.0,44,minutos
45,45.0,0.11573584774764373,0.029535955880508672,121770,1min,1 minuto,1.0,45,minutos
46,46.0,0.11439537305599726,0.03183490978928251,121524,1min,1 minuto,1.0,46,minutos
47,47.0,0.11194742011811913,0.02506987758289478,121278,1min,1 minuto,1.0,47,minutos
48,48.0,0.10762032137709379,0.02358420835851485,121032,1min,1 minuto,1.0,48,minutos
49,49.0,0.11124688461187512,0.024569684653697466,120786,1min,1 minuto,1.0,49,minutos
50,50.0,0.109496882551722,0.02426427013284517,120540,1min,1 minuto,1.0,50,minutos
51,51.0,0.11459107185091666,0.029298733932110802,120294,1min,1 minuto,1.0,51,minutos
52,52.0,0.11013446605013678,0.035300475367439625,120048,1min,1 minuto,1.0,52,minutos
53,53.0,0.10950242533139645,0.028906264788406782,119802,1min,1 minuto,1.0,53,minutos
54,54.0,0.10800630382637952,0.036341054280940914,119556,1min,1 minuto,1.0,54,minutos
55,55.0,0.11760053748249022,0.046452121364103295,119310,1min,1 minuto,1.0,55,minutos
56,56.0,0.1121964830084864,0.03938883657952303,119064,1min,1 minuto,1.0,56,minutos
57,57.0,0.11026970967922048,0.0338143157476682,118818,1min,1 minuto,1.0,57,minutos
58,58.0,0.1120445385273986,0.025514086300276025,118572,1min,1 minuto,1.0,58,minutos
59,59.0,0.10783436850930246,0.028097747072873113,118326,1min,1 minuto,1.0,59,minutos
60,60.0,0.10864677058823376,0.027472183557669748,118080,1min,1 minuto,1.0,60,minutos
0,0.0,1.0,1.0,26568,5min,5 minutos,5.0,0,minutos
1,5.0,0.21644081635068027,0.16157379334958036,26322,5min,5 minutos,5.0,5,minutos
2,10.0,0.17428375355667272,0.057259177028453595,26076,5min,5 minutos,5.0,10,minutos
3,15.0,0.1599937225353107,0.050847187862732464,25830,5min,5 minutos,5.0,15,minutos
4,20.0,0.14779877229993663,0.047280401397502676,25584,5min,5 minutos,5.0,20,minutos
5,25.0,0.14197890536689103,0.025637127927738045,25338,5min,5 minutos,5.0,25,minutos
6,30.0,0.1415358040778883,0.03139605620653375,25092,5min,5 minutos,5.0,30,minutos
7,35.0,0.1169459678603222,0.020958609799569317,24846,5min,5 minutos,5.0,35,minutos
8,40.0,0.11118865756529096,0.023699075005844946,24600,5min,5 minutos,5.0,40,minutos
9,45.0,0.12778370470022826,0.034304077072625824,24354,5min,5 minutos,5.0,45,minutos
10,50.0,0.11277356463785575,0.02860815441036423,24108,5min,5 minutos,5.0,50,minutos
11,55.0,0.1247849921918048,0.03460439717482957,23862,5min,5 minutos,5.0,55,minutos
12,60.0,0.11039221416396132,0.030788691312909393,23616,5min,5 minutos,5.0,60,minutos
13,65.0,0.10748617171429053,0.04068619751347192,23370,5min,5 minutos,5.0,65,minutos
14,70.0,0.09716652409762029,0.015878758914488957,23124,5min,5 minutos,5.0,70,minutos
15,75.0,0.09699191160760079,0.02674509477304539,22878,5min,5 minutos,5.0,75,minutos
16,80.0,0.09782694074432793,0.01822002651576626,22632,5min,5 minutos,5.0,80,minutos
17,85.0,0.08622703617003245,0.013034698075967296,22386,5min,5 minutos,5.0,85,minutos
18,90.0,0.08869211305471993,0.012522853906636097,22140,5min,5 minutos,5.0,90,minutos
19,95.0,0.08823621328585263,0.020572853168248743,21894,5min,5 minutos,5.0,95,minutos
20,100.0,0.07365776647765707,0.013993584868831043,21648,5min,5 minutos,5.0,100,minutos
21,105.0,0.08503777311929514,0.022457657710289985,21402,5min,5 minutos,5.0,105,minutos
22,110.0,0.08661516407728913,0.016998810386398507,21156,5min,5 minutos,5.0,110,minutos
23,115.0,0.0657259607077888,0.008656293092114164,20910,5min,5 minutos,5.0,115,minutos
24,120.0,0.05777380052560112,0.007710461618610105,20664,5min,5 minutos,5.0,120,minutos
25,125.0,0.06932258795737016,0.009723198161150965,20418,5min,5 minutos,5.0,125,minutos
26,130.0,0.045696055596752355,0.0014139303405623896,20172,5min,5 minutos,5.0,130,minutos
27,135.0,0.06586822927084733,0.0058181437826926,19926,5min,5 minutos,5.0,135,minutos
28,140.0,0.05609178867285893,0.004390426944340528,19680,5min,5 minutos,5.0,140,minutos
29,145.0,0.049764795937560974,0.003599791713177142,19434,5min,5 minutos,5.0,145,minutos
30,150.0,0.04927382984947505,0.0023314369783703254,19188,5min,5 minutos,5.0,150,minutos
0,0.0,1.0,1.0,8856,15min,15 minutos,15.0,0,minutos
1,15.0,0.19945486087588846,0.15557765441326707,8610,15min,15 minutos,15.0,15,minutos
2,30.0,0.1674891649730778,0.09366543337895797,8364,15min,15 minutos,15.0,30,minutos
3,45.0,0.12947353508359372,0.05810661836462435,8118,15min,15 minutos,15.0,45,minutos
4,60.0,0.13001336240524766,0.06911226705535051,7872,15min,15 minutos,15.0,60,minutos
5,75.0,0.10627174595268848,0.06556341355440766,7626,15min,15 minutos,15.0,75,minutos
6,90.0,0.08411934694930921,0.022348349295608395,7380,15min,15 minutos,15.0,90,minutos
7,105.0,0.10223417289601588,0.034649596994480225,7134,15min,15 minutos,15.0,105,minutos
8,120.0,0.0764884509435876,0.019933610236939573,6888,15min,15 minutos,15.0,120,minutos
9,135.0,0.07585942538446788,0.013967292258681244,6642,15min,15 minutos,15.0,135,minutos
10,150.0,0.056731105592768914,0.0074603140632899115,6396,15min,15 minutos,15.0,150,minutos
11,165.0,0.0545277516019939,0.015419551496019887,6150,15min,15 minutos,15.0,165,minutos
12,180.0,0.045164093539919105,0.0012325847515976985,5904,15min,15 minutos,15.0,180,minutos
13,195.0,0.05842523329773215,0.007776453789677829,5658,15min,15 minutos,15.0,195,minutos
14,210.0,0.04441327153713989,0.014802062365815162,5412,15min,15 minutos,15.0,210,minutos
15,225.0,0.04973009334940621,0.00891089452964892,5166,15min,15 minutos,15.0,225,minutos
16,240.0,0.0569782361691883,0.00635540441549657,4920,15min,15 minutos,15.0,240,minutos
17,255.0,0.05649059712537327,0.007922855717217936,4674,15min,15 minutos,15.0,255,minutos
18,270.0,0.04591825635747539,0.005337665931572021,4428,15min,15 minutos,15.0,270,minutos
19,285.0,0.0826031066423839,0.026605171434810455,4182,15min,15 minutos,15.0,285,minutos
20,300.0,0.07241276788240722,0.03650355272428941,3936,15min,15 minutos,15.0,300,minutos
21,315.0,0.08036781170634286,0.024906415376903062,3690,15min,15 minutos,15.0,315,minutos
22,330.0,0.0755986933481555,0.021224302367033137,3444,15min,15 minutos,15.0,330,minutos
23,345.0,0.04981869632254613,0.022250001579881398,3198,15min,15 minutos,15.0,345,minutos
24,360.0,0.018601043845667527,0.0009904944405107925,2952,15min,15 minutos,15.0,360,minutos
25,375.0,0.04077493678516132,0.024273779517130296,2706,15min,15 minutos,15.0,375,minutos
26,390.0,0.04137024756169458,0.007668775949573837,2460,15min,15 minutos,15.0,390,minutos
27,405.0,-0.006053014802043578,-0.006534290892924136,2214,15min,15 minutos,15.0,405,minutos
28,420.0,-0.0063548315100799835,-0.004343067581688907,1968,15min,15 minutos,15.0,420,minutos
29,435.0,0.008240484680243975,-0.0010405074443733677,1722,15min,15 minutos,15.0,435,minutos
30,450.0,0.012710961048782112,-0.009659962361013127,1476,15min,15 minutos,15.0,450,minutos
0,0.0,1.0,1.0,4428,30min,30 minutos,30.0,0,minutos
1,30.0,0.1760828080700179,0.1311753299317724,4182,30min,30 minutos,30.0,30,minutos
2,60.0,0.12090035502573798,0.08534605587374214,3936,30min,30 minutos,30.0,60,minutos
3,90.0,0.08960091911273024,0.07887401579296589,3690,30min,30 minutos,30.0,90,minutos
4,120.0,0.0828205046365356,0.03650501889914245,3444,30min,30 minutos,30.0,120,minutos
5,150.0,0.08857413746251039,0.027519749709727395,3198,30min,30 minutos,30.0,150,minutos
6,180.0,0.06558102311144319,0.01726662067926929,2952,30min,30 minutos,30.0,180,minutos
7,210.0,0.06698412883566142,0.025680044949285802,2706,30min,30 minutos,30.0,210,minutos
8,240.0,0.060553919071197476,0.010268249356492917,2460,30min,30 minutos,30.0,240,minutos
9,270.0,0.051218490565143285,0.02931214838200364,2214,30min,30 minutos,30.0,270,minutos
10,300.0,0.05819317523252103,0.024312615647138866,1968,30min,30 minutos,30.0,300,minutos
11,330.0,0.06747644805934169,0.03407360957739786,1722,30min,30 minutos,30.0,330,minutos
12,360.0,0.011682716890662534,-0.012163677479255203,1476,30min,30 minutos,30.0,360,minutos
13,390.0,0.033074678039960614,-0.002421112840868472,1230,30min,30 minutos,30.0,390,minutos
14,420.0,0.020189462833254766,0.011213064292705851,984,30min,30 minutos,30.0,420,minutos
15,450.0,0.0013196469183490674,-0.002818024139377641,738,30min,30 minutos,30.0,450,minutos
16,480.0,0.0855983420717037,0.033733734382121676,492,30min,30 minutos,30.0,480,minutos
17,510.0,0.07029703940445242,0.018589992873670184,246,30min,30 minutos,30.0,510,minutos
0,0.0,1.0,1.0,2214,60min,60 minutos,60.0,0,minutos
1,60.0,0.16358981521694355,0.12416653313250431,1968,60min,60 minutos,60.0,60,minutos
2,120.0,0.09279639543672683,0.03961361952983434,1722,60min,60 minutos,60.0,120,minutos
3,180.0,0.06221321614101775,0.02175356493266435,1476,60min,60 minutos,60.0,180,minutos
4,240.0,0.10015819367417962,0.027559964132256778,1230,60min,60 minutos,60.0,240,minutos
5,300.0,0.10263377236788851,0.09548951247473635,984,60min,60 minutos,60.0,300,minutos
6,360.0,-0.0015736160819178596,-0.016346911736026773,738,60min,60 minutos,60.0,360,minutos
7,420.0,0.10802916414996962,0.02888415245912835,492,60min,60 minutos,60.0,420,minutos
8,480.0,0.06213513891276572,0.03606765698777166,246,60min,60 minutos,60.0,480,minutos
0,,1.0,1.0,246,1d,1 dia,,0,pregões
1,,0.03195592340320749,0.07624741067610616,236,1d,1 dia,,1,pregões
2,,-0.012275745595857543,-0.012235935589103696,226,1d,1 dia,,2,pregões
3,,-0.030463405238600465,-0.01850831065513157,217,1d,1 dia,,3,pregões
4,,0.05809219892287758,0.09002698594466722,209,1d,1 dia,,4,pregões
5,,0.019656078675591857,0.03569719539402867,201,1d,1 dia,,5,pregões
6,,-0.028828461811417384,-0.03902936680464662,193,1d,1 dia,,6,pregões
7,,-0.04891271099868877,-0.06837686571251994,185,1d,1 dia,,7,pregões
8,,-0.22778813444881274,-0.16816864877246168,178,1d,1 dia,,8,pregões
9,,-0.05652087587828542,-0.034316337264448375,171,1d,1 dia,,9,pregões
10,,0.10610375385574944,0.24690218778959402,164,1d,1 dia,,10,pregões
11,,0.09866055620288916,0.19022872405944657,157,1d,1 dia,,11,pregões
12,,0.0712029442273965,0.04796229816526335,150,1d,1 dia,,12,pregões
13,,0.040661053714598445,0.047666314929956814,143,1d,1 dia,,13,pregões
14,,0.08622343191713545,0.17916442473182628,136,1d,1 dia,,14,pregões
15,,0.13983081075909776,0.10086795140704409,129,1d,1 dia,,15,pregões
