scale,start,end,n,lag,statistic,pvalue
1min,2024-01-02,2024-01-02,540,10,17.746181730134154,0.059399138317486035
1min,2024-01-03,2024-01-03,540,10,14.795703216976886,0.13968956983544156
1min,2024-01-04,2024-01-04,540,10,16.371447508195672,0.0894815843238144
1min,2024-01-05,2024-01-05,540,10,14.687057180609319,0.1438945355009339
1min,2024-01-08,2024-01-08,540,10,10.745425743748811,0.3776926575527611
1min,2024-01-09,2024-01-09,540,10,14.27839539265742,0.16066765147693102
1min,2024-01-10,2024-01-10,540,10,7.808297029519632,0.6475558813084518
1min,2024-01-11,2024-01-11,540,10,5.9469523418531995,0.8197002036288744
1min,2024-01-12,2024-01-12,540,10,16.170017557519387,0.0948677896408868
1min,2024-01-15,2024-01-15,540,10,7.627193633338347,0.6652000168691298
1min,2024-01-16,2024-01-16,540,10,17.25250286841879,0.06896014238549601
1min,2024-01-17,2024-01-17,540,10,14.728781166102635,0.14226731468608494
1min,2024-01-18,2024-01-18,540,10,9.630183915850825,0.4735150522385059
1min,2024-01-19,2024-01-19,540,10,21.490539291746057,0.017921119263930318
1min,2024-01-22,2024-01-22,540,10,13.626135614192677,0.19073770371956872
1min,2024-01-23,2024-01-23,540,10,10.921746536115938,0.36364711953882917
1min,2024-01-24,2024-01-24,540,10,13.277671323060034,0.20855861648004376
1min,2024-01-25,2024-01-25,540,10,8.005708943193467,0.6282792663453064
1min,2024-01-26,2024-01-26,540,10,24.60369953224479,0.006149501566933082
1min,2024-01-29,2024-01-29,540,10,9.758293238790706,0.4619489561226152
1min,2024-01-30,2024-01-30,540,10,17.66998805951011,0.060792259300824894
1min,2024-01-31,2024-01-31,540,10,17.832177914491215,0.05786141292813494
1min,2024-02-01,2024-02-01,540,10,21.747983765748703,0.016441222237396365
1min,2024-02-02,2024-02-02,540,10,17.03971740802537,0.07348974171162675
1min,2024-02-05,2024-02-05,540,10,8.746311676904545,0.5563369587375131
1min,2024-02-07,2024-02-07,540,10,25.572688362720612,0.004359458903713512
1min,2024-02-08,2024-02-08,540,10,6.503551764210618,0.7713332757438396
1min,2024-02-09,2024-02-09,540,10,9.970931945632442,0.4430472283001501
1min,2024-02-15,2024-02-15,540,10,17.77825367491911,0.058821391671924926
1min,2024-02-16,2024-02-16,540,10,11.419105456289255,0.32581096187433684
1min,2024-02-19,2024-02-19,540,10,25.45406041804044,0.0045481567617766195
1min,2024-02-20,2024-02-20,540,10,10.922003539324548,0.3636268841707793
1min,2024-02-21,2024-02-21,540,10,21.72264295869768,0.01658162012692928
1min,2024-02-22,2024-02-22,540,10,10.495173567906999,0.39817464090014393
1min,2024-02-23,2024-02-23,540,10,13.43108845545058,0.20055754109710242
1min,2024-02-26,2024-02-26,540,10,24.35171244891287,0.006719608191066651
1min,2024-02-27,2024-02-27,540,10,25.926335883861146,0.0038405333639167706
1min,2024-02-28,2024-02-28,540,10,12.55717342788421,0.2494947743729477
1min,2024-02-29,2024-02-29,540,10,9.196324669309904,0.513578655251636
1min,2024-03-01,2024-03-01,540,10,19.749383965018513,0.03171421532330133
1min,2024-03-04,2024-03-04,540,10,11.521340173549397,0.3183671405879209
1min,2024-03-05,2024-03-05,540,10,22.19403286186094,0.014146069555227425
1min,2024-03-06,2024-03-06,540,10,24.782781994541086,0.0057727998551698
1min,2024-03-07,2024-03-07,540,10,15.487440853321356,0.11527530853329324
1min,2024-03-11,2024-03-11,540,10,10.64691922068925,0.38567939976987026
1min,2024-03-12,2024-03-12,540,10,19.132976479123936,0.03860582711839914
1min,2024-03-13,2024-03-13,540,10,18.78195833995422,0.04312115451511082
1min,2024-03-14,2024-03-14,540,10,18.9092411200987,0.041430716426245955
1min,2024-03-15,2024-03-15,540,10,15.648004483766208,0.11016180996647813
1min,2024-03-18,2024-03-18,540,10,12.495863170089818,0.2532392846770953
1min,2024-03-19,2024-03-19,540,10,15.994717574136514,0.09978371585283213
1min,2024-03-20,2024-03-20,540,10,24.271780676696523,0.006910772319552763
1min,2024-03-21,2024-03-21,540,10,17.28483038166542,0.06829424992774201
1min,2024-03-22,2024-03-22,540,10,14.535390051976034,0.14994102363078965
1min,2024-03-25,2024-03-25,540,10,25.241753571174762,0.004905621789692223
1min,2024-03-26,2024-03-26,540,10,10.83154347438219,0.37079214890538514
1min,2024-03-27,2024-03-27,540,10,26.74280334208137,0.0028597018929589746
1min,2024-03-28,2024-03-28,540,10,18.57434173736024,0.046014380372118864
1min,2024-04-01,2024-04-01,540,10,12.933610726739689,0.22740744532698925
1min,2024-04-02,2024-04-02,540,10,6.2244921033906175,0.7960628606883352
1min,2024-04-03,2024-04-03,540,10,18.299480511584733,0.0501171199491726
1min,2024-04-04,2024-04-04,540,10,34.743499027780715,0.0001380931665596355
1min,2024-04-05,2024-04-05,540,10,20.86791450943766,0.022033668530292344
1min,2024-04-08,2024-04-08,540,10,21.15284825030694,0.020052599702753346
1min,2024-04-09,2024-04-09,540,10,11.303483115005058,0.33436785022816795
1min,2024-04-10,2024-04-10,540,10,6.087631581167424,0.8078478407668981
1min,2024-04-11,2024-04-11,540,10,20.149513991437484,0.02786983423692985
1min,2024-04-12,2024-04-12,540,10,20.057302002423498,0.028715342306019367
1min,2024-04-15,2024-04-15,540,10,6.914793712160074,0.7334637256027708
1min,2024-04-17,2024-04-17,540,10,11.880305218740627,0.29314712572295676
1min,2024-04-18,2024-04-18,540,10,11.839170334378554,0.29596447058612924
1min,2024-04-19,2024-04-19,540,10,20.402296986132853,0.025669212304306823
1min,2024-04-22,2024-04-22,540,10,18.41320057845085,0.048380889169368814
1min,2024-04-23,2024-04-23,540,10,16.0817313333589,0.0973165284242119
1min,2024-04-24,2024-04-24,540,10,25.83670293731437,0.003966131003332776
1min,2024-04-25,2024-04-25,540,10,14.766520581778762,0.1408087875283036
1min,2024-04-26,2024-04-26,540,10,16.353868186801034,0.08994073006264634
1min,2024-04-29,2024-04-29,540,10,17.81597943286106,0.05814828762484427
1min,2024-04-30,2024-04-30,540,10,27.643115202393762,0.0020585275270844877
1min,2024-05-02,2024-05-02,540,10,6.10436254462427,0.8064202314874808
1min,2024-05-03,2024-05-03,540,10,30.59795655523945,0.0006834490092617607
1min,2024-05-06,2024-05-06,540,10,14.90607795072734,0.1355237905462848
1min,2024-05-07,2024-05-07,540,10,16.572264248043624,0.08438090208865529
1min,2024-05-08,2024-05-08,540,10,12.848762456551885,0.23225105684069342
1min,2024-05-09,2024-05-09,540,10,14.181875915824286,0.1648561652937646
1min,2024-05-10,2024-05-10,540,10,9.564971924059645,0.47945144269536233
1min,2024-05-13,2024-05-13,540,10,7.686681387654109,0.659411069860402
1min,2024-05-14,2024-05-14,540,10,19.303281879718146,0.03657540223011332
1min,2024-05-15,2024-05-15,540,10,15.53510673881441,0.11373641803240579
1min,2024-05-16,2024-05-16,540,10,13.160274480269416,0.21484826768475201
1min,2024-05-17,2024-05-17,540,10,11.00870823188311,0.3568399522411878
1min,2024-05-20,2024-05-20,540,10,16.81229940509596,0.07862187351230779
1min,2024-05-21,2024-05-21,540,10,16.13240054490472,0.09590449177050653
1min,2024-05-22,2024-05-22,540,10,26.16182640844847,0.0035285276772052464
1min,2024-05-23,2024-05-23,540,10,28.22673816330498,0.0016603086750623945
1min,2024-05-24,2024-05-24,540,10,15.925154053511251,0.10179509034324453
1min,2024-05-27,2024-05-27,540,10,18.566168492076446,0.046131822852410756
1min,2024-05-28,2024-05-28,540,10,8.778209298910634,0.5532738662297754
1min,2024-05-29,2024-05-29,540,10,9.509695137109548,0.4845083118797173
1min,2024-05-31,2024-05-31,540,10,16.687490342791158,0.08157141830498359
1min,2024-06-03,2024-06-03,540,10,11.925987998808411,0.29004039980418866
1min,2024-06-04,2024-06-04,540,10,8.14364210540063,0.6148084732660795
1min,2024-06-05,2024-06-05,540,10,4.360596819951876,0.9296172486556349
1min,2024-06-06,2024-06-06,540,10,22.274600684440596,0.013765191365006695
1min,2024-06-10,2024-06-10,540,10,9.553748721991129,0.48047634409376005
1min,2024-06-11,2024-06-11,540,10,5.734156513227004,0.837081807160293
1min,2024-06-12,2024-06-12,540,10,23.57782046855003,0.008803403449627805
1min,2024-06-13,2024-06-13,540,10,10.584638639565352,0.3907798717804454
1min,2024-06-14,2024-06-14,540,10,23.787237266504746,0.0081856031310549
1min,2024-06-17,2024-06-17,540,10,11.389042091806814,0.3280217806302568
1min,2024-06-18,2024-06-18,540,10,23.643470136050606,0.00860510276314742
1min,2024-06-19,2024-06-19,540,10,13.770128194513173,0.18373733440654288
1min,2024-06-20,2024-06-20,540,10,16.197199963558745,0.09412476568141367
1min,2024-06-21,2024-06-21,540,10,12.753263625901173,0.23779618139213415
1min,2024-06-24,2024-06-24,540,10,19.436320232567134,0.0350582065560836
1min,2024-06-25,2024-06-25,540,10,25.113220161067325,0.005134980594503656
1min,2024-06-26,2024-06-26,540,10,7.035436102550483,0.7220953872617916
1min,2024-06-27,2024-06-27,540,10,14.999298776883137,0.13208742371067714
1min,2024-06-28,2024-06-28,540,10,26.338994125546716,0.003310039005730813
1min,2024-07-01,2024-07-01,540,10,17.94278691196178,0.0559364480746944
1min,2024-07-02,2024-07-02,540,10,13.266433051977772,0.2091544173465437
1min,2024-07-03,2024-07-03,540,10,14.404016001358414,0.15534782474206812
1min,2024-07-04,2024-07-04,540,10,12.483975156586041,0.25397014622095987
1min,2024-07-05,2024-07-05,540,10,22.20514046144637,0.01409297380456125
1min,2024-07-08,2024-07-08,540,10,25.71111196935253,0.004148780117103781
1min,2024-07-09,2024-07-09,540,10,14.051789877957324,0.17064239237765616
1min,2024-07-10,2024-07-10,540,10,12.759375841705372,0.23743829975432548
1min,2024-07-11,2024-07-11,540,10,13.51158473411558,0.19645742635157476
1min,2024-07-12,2024-07-12,540,10,23.583657933963465,0.008785596055684335
1min,2024-07-15,2024-07-15,540,10,14.25112625536534,0.1618420488850949
1min,2024-07-16,2024-07-16,540,10,11.15961316268703,0.345218695122496
1min,2024-07-17,2024-07-17,540,10,14.516906457823225,0.1506921521862594
1min,2024-07-18,2024-07-18,540,10,14.250764978149176,0.1618576552070924
1min,2024-07-19,2024-07-19,540,10,18.078333082420517,0.05365656243343885
1min,2024-07-22,2024-07-22,540,10,19.85938240715614,0.03061110069622152
1min,2024-07-23,2024-07-23,540,10,13.843639049287424,0.1802439329482856
1min,2024-07-24,2024-07-24,540,10,7.878885467085321,0.6406659941347449
1min,2024-07-25,2024-07-25,540,10,9.432639847411712,0.49159450971107654
1min,2024-07-26,2024-07-26,540,10,11.695470612936731,0.3059544050068603
1min,2024-07-29,2024-07-29,540,10,18.53417792751942,0.04659413458114648
1min,2024-07-30,2024-07-30,540,10,8.507043363014882,0.5794355069465926
1min,2024-07-31,2024-07-31,540,10,19.44624601598734,0.0349473701541208
1min,2024-08-01,2024-08-01,540,10,13.267187815841062,0.20911436161279914
1min,2024-08-02,2024-08-02,540,10,19.381173103580338,0.03567993399329278
1min,2024-08-05,2024-08-05,540,10,15.98281143407993,0.10012550117824187
1min,2024-08-06,2024-08-06,540,10,23.207971765539245,0.010004411167822524
1min,2024-08-07,2024-08-07,540,10,19.20624036662367,0.037719974825817695
1min,2024-08-08,2024-08-08,540,10,25.555699196613983,0.00438601386570253
1min,2024-08-09,2024-08-09,540,10,7.087694217106454,0.7171409622108388
1min,2024-08-12,2024-08-12,540,10,22.164689889263087,0.014287243117277365
1min,2024-08-13,2024-08-13,540,10,22.310807585037452,0.013597201071446737
1min,2024-08-14,2024-08-14,540,10,8.742088693435885,0.5567428031458833
1min,2024-08-15,2024-08-15,540,10,12.803847611555867,0.23484666180594052
1min,2024-08-16,2024-08-16,540,10,13.16321235739276,0.21468908720064667
1min,2024-08-19,2024-08-19,540,10,8.427769665704233,0.5871283932783911
1min,2024-08-20,2024-08-20,540,10,6.808908574099637,0.7433536067812518
1min,2024-08-21,2024-08-21,540,10,13.15927485568575,0.2149024503993482
1min,2024-08-22,2024-08-22,540,10,2.2873577476402973,0.9936256498397648
1min,2024-08-23,2024-08-23,540,10,29.099263471779675,0.0012007585435098221
1min,2024-08-26,2024-08-26,540,10,18.258401620418248,0.05075809636625755
1min,2024-08-27,2024-08-27,540,10,37.4038460206967,4.8174322527075126e-05
1min,2024-08-28,2024-08-28,540,10,10.934534795019818,0.36264106930556844
1min,2024-08-29,2024-08-29,540,10,9.067894278638304,0.5256725302104927
1min,2024-08-30,2024-08-30,540,10,11.729241842168173,0.30358599538508924
1min,2024-09-02,2024-09-02,540,10,16.788388936328758,0.0791795107469962
1min,2024-09-03,2024-09-03,540,10,17.90119955970199,0.05665331065660897
1min,2024-09-04,2024-09-04,540,10,20.13452442099407,0.028005683229419123
1min,2024-09-05,2024-09-05,540,10,37.702720129560745,4.2749662049454145e-05
1min,2024-09-06,2024-09-06,540,10,18.75852076198273,0.04343922673919514
1min,2024-09-09,2024-09-09,540,10,16.23992430265292,0.09296719071087763
1min,2024-09-10,2024-09-10,540,10,25.377241422720658,0.004674509817651217
1min,2024-09-11,2024-09-11,540,10,18.86054266659106,0.042070175677018255
1min,2024-09-12,2024-09-12,540,10,15.628979931318954,0.11075730423916667
1min,2024-09-13,2024-09-13,540,10,16.59146362717616,0.08390692898313457
1min,2024-09-16,2024-09-16,540,10,30.58015911958781,0.0006880720940456209
1min,2024-09-17,2024-09-17,540,10,22.98991445410165,0.010783867086353923
1min,2024-09-18,2024-09-18,540,10,21.96079223231972,0.0153055900580619
1min,2024-09-19,2024-09-19,540,10,20.901951597055564,0.021787733872454987
1min,2024-09-20,2024-09-20,540,10,21.424679607944558,0.018319345724659087
1min,2024-09-23,2024-09-23,540,10,5.761476983527556,0.8348889267903292
1min,2024-09-24,2024-09-24,540,10,32.934746068376356,0.0002793492049621269
1min,2024-09-25,2024-09-25,540,10,5.7798307939927644,0.8334091948251656
1min,2024-09-26,2024-09-26,540,10,14.770582197895823,0.14065256665152145
1min,2024-09-27,2024-09-27,540,10,4.1899520369057335,0.9383712864832507
1min,2024-09-30,2024-09-30,540,10,6.781079419330811,0.7459381262201159
1min,2024-10-01,2024-10-01,540,10,14.434051540906998,0.15409766373783504
1min,2024-10-02,2024-10-02,540,10,18.70203195677311,0.04421467737416784
1min,2024-10-03,2024-10-03,540,10,27.456330195991292,0.0022044692914891706
1min,2024-10-04,2024-10-04,540,10,23.843805970198613,0.008025946646057281
1min,2024-10-07,2024-10-07,540,10,14.48357018364668,0.15205475814367125
1min,2024-10-08,2024-10-08,540,10,15.770660584063142,0.10638841187420559
1min,2024-10-09,2024-10-09,540,10,15.096795371605518,0.12857252120960594
1min,2024-10-10,2024-10-10,540,10,46.15272456898248,1.3456911898601232e-06
1min,2024-10-11,2024-10-11,540,10,12.467684586410448,0.254974208926531
1min,2024-10-14,2024-10-14,540,10,16.31199682952115,0.09104268249219301
1min,2024-10-15,2024-10-15,540,10,14.141899553803334,0.16661697564304634
1min,2024-10-16,2024-10-16,540,10,26.509846469968316,0.003111725265185181
1min,2024-10-17,2024-10-17,540,10,25.870931482345757,0.003917708945721352
1min,2024-10-18,2024-10-18,540,10,29.844133341486536,0.0009083924979172766
1min,2024-10-21,2024-10-21,540,10,15.653908597560559,0.10997756525208831
1min,2024-10-22,2024-10-22,540,10,19.829539093847213,0.030906816406590234
1min,2024-10-23,2024-10-23,540,10,11.635950663317098,0.3101594336016862
1min,2024-10-24,2024-10-24,540,10,5.1998425815062355,0.8774346198482003
1min,2024-10-25,2024-10-25,540,10,9.289056113001806,0.504908475078928
1min,2024-10-28,2024-10-28,540,10,12.365436147843738,0.26134333626029965
1min,2024-10-29,2024-10-29,540,10,18.84317995317211,0.04230034319871833
1min,2024-10-30,2024-10-30,540,10,16.775491262379298,0.07948176123671909
1min,2024-10-31,2024-10-31,540,10,27.88449811730567,0.0018837218924240204
1min,2024-11-01,2024-11-01,540,10,9.840689220109796,0.45457972190860296
1min,2024-11-04,2024-11-04,540,10,21.193533232517318,0.019783743023722475
1min,2024-11-05,2024-11-05,540,10,15.50212230044458,0.11479942511323447
1min,2024-11-06,2024-11-06,540,10,14.654835822132616,0.14516177945317987
1min,2024-11-07,2024-11-07,540,10,10.283853464735046,0.41595280815845376
1min,2024-11-08,2024-11-08,540,10,14.994529629369866,0.13226142346549397
1min,2024-11-11,2024-11-11,540,10,22.264211131194504,0.013813757138782764
1min,2024-11-12,2024-11-12,540,10,8.577576623408145,0.5726059872917633
1min,2024-11-13,2024-11-13,540,10,9.300521340531066,0.5038403017688942
1min,2024-11-14,2024-11-14,540,10,10.539709260665068,0.39448356284324826
1min,2024-11-18,2024-11-18,540,10,53.7357673009043,5.4342445698860776e-08
1min,2024-11-19,2024-11-19,540,10,8.995815004615736,0.5325007945001425
1min,2024-11-21,2024-11-21,540,10,8.403008773083153,0.5895345434869045
1min,2024-11-22,2024-11-22,540,10,12.976284087222371,0.22500082503093957
1min,2024-11-25,2024-11-25,540,10,15.403296122018864,0.1180355364604878
1min,2024-11-26,2024-11-26,540,10,26.206531675268213,0.003472120387501653
1min,2024-11-27,2024-11-27,540,10,25.917390185573172,0.003852894460477281
1min,2024-11-28,2024-11-28,540,10,13.650991041529855,0.18951433223657607
1min,2024-11-29,2024-11-29,540,10,36.57187079330737,6.710034466555787e-05
1min,2024-12-02,2024-12-02,540,10,10.842396721577261,0.36992795384093036
1min,2024-12-03,2024-12-03,540,10,19.972565393533014,0.02951324376755722
1min,2024-12-04,2024-12-04,540,10,23.30480662603395,0.009675714039203063
1min,2024-12-05,2024-12-05,540,10,21.6915455010861,0.016755454800064826
1min,2024-12-06,2024-12-06,540,10,10.008744063528482,0.43972647184381153
1min,2024-12-09,2024-12-09,540,10,8.243392745536587,0.6050759468220093
1min,2024-12-10,2024-12-10,540,10,15.82361200457002,0.10479426779127397
1min,2024-12-11,2024-12-11,540,10,189.91754844252924,2.033961567404322e-35
1min,2024-12-12,2024-12-12,540,10,23.013905370498115,0.01069536755624763
1min,2024-12-13,2024-12-13,540,10,18.864983237491813,0.04201149408191554
1min,2024-12-16,2024-12-16,540,10,43.42205069535232,4.179146997885973e-06
1min,2024-12-17,2024-12-17,540,10,5.083719937341452,0.8855156811882149
1min,2024-12-18,2024-12-18,540,10,9.176569538813254,0.5154326011203446
1min,2024-12-19,2024-12-19,540,10,25.24169842991269,0.004905718044075709
1min,2024-12-20,2024-12-20,540,10,23.99298486025371,0.007619032751213292
1min,2024-12-23,2024-12-23,540,10,14.096958146066621,0.16861481209790669
1min,2024-12-26,2024-12-26,540,10,12.874683694822966,0.23076305453865978
1min,2024-12-27,2024-12-27,540,10,11.38230840995659,0.32851832557946015
1min,2024-12-30,2024-12-30,540,10,10.097999786724936,0.43193793867301805
5min,2024-01-02,2024-01-02,108,10,8.674664782619997,0.5632320959559612
5min,2024-01-03,2024-01-03,108,10,15.70635473841884,0.10835255545467498
5min,2024-01-04,2024-01-04,108,10,21.790247967264,0.01620954993025327
5min,2024-01-05,2024-01-05,108,10,12.115599340891396,0.2773943854646235
5min,2024-01-08,2024-01-08,108,10,12.745537570576477,0.23824913999243716
5min,2024-01-09,2024-01-09,108,10,11.724983116194627,0.30388396550695185
5min,2024-01-10,2024-01-10,108,10,5.2877152325446435,0.8711484342223819
5min,2024-01-11,2024-01-11,108,10,10.39395393120522,0.40663623744304805
5min,2024-01-12,2024-01-12,108,10,7.527470845256483,0.6748847871863276
5min,2024-01-15,2024-01-15,108,10,15.06716267895582,0.1296323450618007
5min,2024-01-16,2024-01-16,108,10,15.232318898953082,0.12381869362440144
5min,2024-01-17,2024-01-17,108,10,7.666352966377686,0.6613901542215316
5min,2024-01-18,2024-01-18,108,10,8.154175882123088,0.6137802023937704
5min,2024-01-19,2024-01-19,108,10,7.769184701320473,0.6513710703202295
5min,2024-01-22,2024-01-22,108,10,5.379633553990854,0.8644195626441696
5min,2024-01-23,2024-01-23,108,10,9.03158969003744,0.5291082481375005
5min,2024-01-24,2024-01-24,108,10,6.224487870681812,0.7960632288524332
5min,2024-01-25,2024-01-25,108,10,5.779232625025492,0.8334575033633969
5min,2024-01-26,2024-01-26,108,10,22.7445524149672,0.011729779195557125
5min,2024-01-29,2024-01-29,108,10,11.767559793529554,0.3009140771485523
5min,2024-01-30,2024-01-30,108,10,9.234575129847965,0.5099957859473357
5min,2024-01-31,2024-01-31,108,10,19.94084300346576,0.029817204972756087
5min,2024-02-01,2024-02-01,108,10,4.757725260799654,0.9067634896203792
5min,2024-02-02,2024-02-02,108,10,11.819193887924394,0.29733946714549064
5min,2024-02-05,2024-02-05,108,10,10.788885354801616,0.37420069298252456
5min,2024-02-07,2024-02-07,108,10,15.406734493615593,0.1179216469922372
5min,2024-02-08,2024-02-08,108,10,7.092284496798625,0.7167049600863253
5min,2024-02-09,2024-02-09,108,10,12.506782761618515,0.25256933636418205
5min,2024-02-15,2024-02-15,108,10,44.36252976517949,2.833007249807608e-06
5min,2024-02-16,2024-02-16,108,10,18.9818833543612,0.04049339552464856
5min,2024-02-19,2024-02-19,108,10,15.827389277708182,0.10468134458198655
5min,2024-02-20,2024-02-20,108,10,5.945404209534803,0.8198290886212218
5min,2024-02-21,2024-02-21,108,10,28.129677573576277,0.001720917530345441
5min,2024-02-22,2024-02-22,108,10,19.201434658570857,0.03777750397537057
5min,2024-02-23,2024-02-23,108,10,11.641153450254643,0.309790293553463
5min,2024-02-26,2024-02-26,108,10,16.890683573292403,0.07681814265374771
5min,2024-02-27,2024-02-27,108,10,6.822137201665502,0.742122833520363
5min,2024-02-28,2024-02-28,108,10,9.002006311131373,0.5319131804211963
5min,2024-02-29,2024-02-29,108,10,5.97139240953402,0.8176609735136453
5min,2024-03-01,2024-03-01,108,10,10.590266663120518,0.39031735822354935
5min,2024-03-04,2024-03-04,108,10,19.502105897250704,0.03432961571749039
5min,2024-03-05,2024-03-05,108,10,19.23592300156482,0.03736642644046958
5min,2024-03-06,2024-03-06,108,10,15.982609589781003,0.10013130421751915
5min,2024-03-07,2024-03-07,108,10,6.1216752400978205,0.8049390755490582
5min,2024-03-11,2024-03-11,108,10,15.21105625298641,0.12455449426689487
5min,2024-03-12,2024-03-12,108,10,13.995733544905995,0.17318630308057173
5min,2024-03-13,2024-03-13,108,10,5.852875642136471,0.8274687578326598
5min,2024-03-14,2024-03-14,108,10,14.324037626335551,0.15871767675528428
5min,2024-03-15,2024-03-15,108,10,14.262970988859074,0.1613310688917924
5min,2024-03-18,2024-03-18,108,10,17.080135822185188,0.07260947887472817
5min,2024-03-19,2024-03-19,108,10,11.680191228592527,0.3070301270328692
5min,2024-03-20,2024-03-20,108,10,25.933818054778325,0.0038302238765261782
5min,2024-03-21,2024-03-21,108,10,5.657542620396204,0.8431678300832336
5min,2024-03-22,2024-03-22,108,10,14.927962169343902,0.13471038209499114
5min,2024-03-25,2024-03-25,108,10,40.7007314116861,1.2747012125580484e-05
5min,2024-03-26,2024-03-26,108,10,4.422224169723845,0.9262964458491555
5min,2024-03-27,2024-03-27,108,10,14.429051750176235,0.15430518906629356
5min,2024-03-28,2024-03-28,108,10,12.927918376265268,0.2277299584486353
5min,2024-04-01,2024-04-01,108,10,10.405288663710046,0.4056837241888037
5min,2024-04-02,2024-04-02,108,10,22.951283508635154,0.010927834389183084
5min,2024-04-03,2024-04-03,108,10,8.723560628042089,0.5585242739972192
5min,2024-04-04,2024-04-04,108,10,11.362225155283626,0.3300022255017601
5min,2024-04-05,2024-04-05,108,10,20.614009631314683,0.023951815688021207
5min,2024-04-08,2024-04-08,108,10,13.856074313405252,0.1796583117192705
5min,2024-04-09,2024-04-09,108,10,14.457261960960933,0.15313729782649457
5min,2024-04-10,2024-04-10,108,10,11.095359548625197,0.3501370597582099
5min,2024-04-11,2024-04-11,108,10,5.747501566040798,0.8360121315851436
5min,2024-04-12,2024-04-12,108,10,10.674406583194623,0.38344080806985203
5min,2024-04-15,2024-04-15,108,10,11.382765045299093,0.328484637356902
5min,2024-04-17,2024-04-17,108,10,9.026292402010466,0.529610162908017
5min,2024-04-18,2024-04-18,108,10,5.972146137653392,0.8175979485860898
5min,2024-04-19,2024-04-19,108,10,10.784357830770398,0.37456356726765017
5min,2024-04-22,2024-04-22,108,10,8.21561688266814,0.6077848037463789
5min,2024-04-23,2024-04-23,108,10,9.232897657870911,0.5101527223012092
5min,2024-04-24,2024-04-24,108,10,39.89164799596943,1.7705541700562046e-05
5min,2024-04-25,2024-04-25,108,10,11.54313169784572,0.31679537710969663
5min,2024-04-26,2024-04-26,108,10,4.514089171823605,0.921190833883309
5min,2024-04-29,2024-04-29,108,10,7.264225217288636,0.700287158481002
5min,2024-04-30,2024-04-30,108,10,14.35636378075154,0.15734843769194282
5min,2024-05-02,2024-05-02,108,10,19.550910295285696,0.033798153949721674
5min,2024-05-03,2024-05-03,108,10,4.569712346199316,0.9180097058274983
5min,2024-05-06,2024-05-06,108,10,4.525871821014038,0.9205226029785509
5min,2024-05-07,2024-05-07,108,10,9.138100548701251,0.5190494867206217
5min,2024-05-08,2024-05-08,108,10,17.048004687404543,0.07330848446933418
5min,2024-05-09,2024-05-09,108,10,3.0503740213146657,0.9802135931085095
5min,2024-05-10,2024-05-10,108,10,31.710034729705995,0.00044750008881849524
5min,2024-05-13,2024-05-13,108,10,17.46483376635633,0.06469062177539149
5min,2024-05-14,2024-05-14,108,10,11.090005282875234,0.35054891029072943
5min,2024-05-15,2024-05-15,108,10,28.031922352373158,0.0017841251797699543
5min,2024-05-16,2024-05-16,108,10,11.459306583027637,0.3228701430256889
5min,2024-05-17,2024-05-17,108,10,16.087254842323684,0.09716172516963634
5min,2024-05-20,2024-05-20,108,10,7.223914924897724,0.7041504128820357
5min,2024-05-21,2024-05-21,108,10,22.931680740541815,0.01100158459003903
5min,2024-05-22,2024-05-22,108,10,18.300457969859128,0.05010195815427541
5min,2024-05-23,2024-05-23,108,10,10.238004096462117,0.4198664895866929
5min,2024-05-24,2024-05-24,108,10,12.054409901278643,0.28143155705433
5min,2024-05-27,2024-05-27,108,10,23.07183663972032,0.01048450069743655
5min,2024-05-28,2024-05-28,108,10,8.97395083864109,0.534577516891853
5min,2024-05-29,2024-05-29,108,10,15.985778025702327,0.10004024517498436
5min,2024-05-31,2024-05-31,108,10,8.808675602536013,0.5503522602333558
5min,2024-06-03,2024-06-03,108,10,5.438498265555923,0.8600300714743593
5min,2024-06-04,2024-06-04,108,10,4.539064218504934,0.9197708270347269
5min,2024-06-05,2024-06-05,108,10,15.977195567586403,0.10028706696181196
5min,2024-06-06,2024-06-06,108,10,23.863678670762614,0.00797056725571931
5min,2024-06-10,2024-06-10,108,10,9.385662876446284,0.4959351397527205
5min,2024-06-11,2024-06-11,108,10,14.015565793794964,0.17228278722501472
5min,2024-06-12,2024-06-12,108,10,10.560289899271584,0.3927845215596084
5min,2024-06-13,2024-06-13,108,10,7.74912503547673,0.6533269430941782
5min,2024-06-14,2024-06-14,108,10,13.070046264269614,0.21978178730239564
5min,2024-06-17,2024-06-17,108,10,25.953555709655276,0.003803155520381967
5min,2024-06-18,2024-06-18,108,10,15.20013207010507,0.12493397400001667
5min,2024-06-19,2024-06-19,108,10,4.684829561599245,0.9112134970694258
5min,2024-06-20,2024-06-20,108,10,10.32458412326794,0.412492720817648
5min,2024-06-21,2024-06-21,108,10,36.98150122974294,5.701197136964264e-05
5min,2024-06-24,2024-06-24,108,10,9.934256313247099,0.4462800552783296
5min,2024-06-25,2024-06-25,108,10,18.930179288887626,0.04115852584197119
5min,2024-06-26,2024-06-26,108,10,13.857626434889395,0.1795853246753734
5min,2024-06-27,2024-06-27,108,10,11.69044842476935,0.30630769850505746
5min,2024-06-28,2024-06-28,108,10,14.102657793984804,0.16836036047943292
5min,2024-07-01,2024-07-01,108,10,26.87982118620961,0.00272079441500142
5min,2024-07-02,2024-07-02,108,10,16.96376642222283,0.07516959129205425
5min,2024-07-03,2024-07-03,108,10,18.346242176724495,0.049396434407597695
5min,2024-07-04,2024-07-04,108,10,10.138914392558828,0.428391614458873
5min,2024-07-05,2024-07-05,108,10,14.235003596805027,0.16253971420376512
5min,2024-07-08,2024-07-08,108,10,47.03141734634423,9.319277418178918e-07
5min,2024-07-09,2024-07-09,108,10,9.137184236313045,0.5191357458625627
5min,2024-07-10,2024-07-10,108,10,5.312686717336014,0.8693357272565617
5min,2024-07-11,2024-07-11,108,10,7.33089606919562,0.6938804550522405
5min,2024-07-12,2024-07-12,108,10,20.591953952928613,0.024125595612496768
5min,2024-07-15,2024-07-15,108,10,22.92851249043379,0.011013548539778125
5min,2024-07-16,2024-07-16,108,10,27.547816106175485,0.002131779460731623
5min,2024-07-17,2024-07-17,108,10,21.560570206964506,0.017506605302371678
5min,2024-07-18,2024-07-18,108,10,5.759585462839531,0.8350411274547875
5min,2024-07-19,2024-07-19,108,10,13.786993812330433,0.18293106515056565
5min,2024-07-22,2024-07-22,108,10,10.92867602321549,0.36310176397466654
5min,2024-07-23,2024-07-23,108,10,25.096215449119654,0.005166084133271988
5min,2024-07-24,2024-07-24,108,10,13.977641273656564,0.17401390390565932
5min,2024-07-25,2024-07-25,108,10,23.56883396554362,0.008830884303704266
5min,2024-07-26,2024-07-26,108,10,5.083521105568157,0.8855292932180456
5min,2024-07-29,2024-07-29,108,10,6.479997339542808,0.7734540441599341
5min,2024-07-30,2024-07-30,108,10,7.491560637178072,0.678365211349619
5min,2024-07-31,2024-07-31,108,10,13.863648630445786,0.1793023632218599
5min,2024-08-01,2024-08-01,108,10,29.414030353237145,0.0010674818969739564
5min,2024-08-02,2024-08-02,108,10,11.43474676848469,0.3246646464732725
5min,2024-08-05,2024-08-05,108,10,14.734618192386813,0.1420409055556102
5min,2024-08-06,2024-08-06,108,10,6.884999544080489,0.7362552769306772
5min,2024-08-07,2024-08-07,108,10,6.797703190642812,0.7443950274987925
5min,2024-08-08,2024-08-08,108,10,21.663381788801576,0.016914368899155305
5min,2024-08-09,2024-08-09,108,10,8.864106085355818,0.5450472467276213
5min,2024-08-12,2024-08-12,108,10,14.915810017815781,0.1351615524323652
5min,2024-08-13,2024-08-13,108,10,9.940251267212862,0.44575082717858916
5min,2024-08-14,2024-08-14,108,10,16.241696262850446,0.09291945137488813
5min,2024-08-15,2024-08-15,108,10,16.124148430733495,0.09613323349203713
5min,2024-08-16,2024-08-16,108,10,11.693377943420053,0.3061015829895205
5min,2024-08-19,2024-08-19,108,10,9.0463901413038,0.5277067212219289
5min,2024-08-20,2024-08-20,108,10,13.19503056702703,0.21297097792361439
5min,2024-08-21,2024-08-21,108,10,10.275630563875646,0.4166532547863292
5min,2024-08-22,2024-08-22,108,10,5.606243516318292,0.8471895536873418
5min,2024-08-23,2024-08-23,108,10,11.415854565299501,0.3260495495146719
5min,2024-08-26,2024-08-26,108,10,11.340802844043042,0.33158993205992776
5min,2024-08-27,2024-08-27,108,10,11.282699642293323,0.3359214693252659
5min,2024-08-28,2024-08-28,108,10,11.917870632484735,0.29059073341405256
5min,2024-08-29,2024-08-29,108,10,5.635260523411179,0.8449200177869121
5min,2024-08-30,2024-08-30,108,10,12.24124615073275,0.269235248334808
5min,2024-09-02,2024-09-02,108,10,9.889084459361314,0.4502776711564984
5min,2024-09-03,2024-09-03,108,10,6.586469126152171,0.7638225035116584
5min,2024-09-04,2024-09-04,108,10,22.181514536912843,0.014206135226735564
5min,2024-09-05,2024-09-05,108,10,24.635571630187915,0.006080780175318491
5min,2024-09-06,2024-09-06,108,10,20.32365373045371,0.026335881708050235
5min,2024-09-09,2024-09-09,108,10,6.1856945842600775,0.7994280914688304
5min,2024-09-10,2024-09-10,108,10,6.487649079774166,0.7727657418145383
5min,2024-09-11,2024-09-11,108,10,12.715155010583654,0.24003671636196838
5min,2024-09-12,2024-09-12,108,10,10.857621355067948,0.3687177558457347
5min,2024-09-13,2024-09-13,108,10,23.275710260447028,0.009773383981609068
5min,2024-09-16,2024-09-16,108,10,15.780287949048441,0.10609702144837788
5min,2024-09-17,2024-09-17,108,10,10.52480677569661,0.39571647625074113
5min,2024-09-18,2024-09-18,108,10,6.006211056330171,0.8147411486046172
5min,2024-09-19,2024-09-19,108,10,42.76025840274215,5.4885812940499635e-06
5min,2024-09-20,2024-09-20,108,10,14.213873197371061,0.1634578135473114
5min,2024-09-23,2024-09-23,108,10,6.517608129706234,0.7700649355283191
5min,2024-09-24,2024-09-24,108,10,14.588952375710509,0.1477819419292374
5min,2024-09-25,2024-09-25,108,10,20.093815685963726,0.028377732749992474
5min,2024-09-26,2024-09-26,108,10,9.545285963189617,0.48124978126173257
5min,2024-09-27,2024-09-27,108,10,3.714078089156361,0.9593250279173599
5min,2024-09-30,2024-09-30,108,10,9.391670255668272,0.4953792144729878
5min,2024-10-01,2024-10-01,108,10,8.539016593114997,0.5763377459197493
5min,2024-10-02,2024-10-02,108,10,12.534342713925001,0.2508843085265645
5min,2024-10-03,2024-10-03,108,10,14.02590606499287,0.17181322854300585
5min,2024-10-04,2024-10-04,108,10,24.0033122058955,0.007591603945414629
5min,2024-10-07,2024-10-07,108,10,22.72988215202656,0.011788758861032764
5min,2024-10-08,2024-10-08,108,10,29.71734191404822,0.0009527230410488043
5min,2024-10-09,2024-10-09,108,10,13.21721856232339,0.2117792282778659
5min,2024-10-10,2024-10-10,108,10,18.66030851743439,0.044795539195089794
5min,2024-10-11,2024-10-11,108,10,22.83938537237108,0.011355213353169295
5min,2024-10-14,2024-10-14,108,10,21.371607785594403,0.018646282567169117
5min,2024-10-15,2024-10-15,108,10,15.992694039294378,0.09984173305672728
5min,2024-10-16,2024-10-16,108,10,11.650140032572875,0.30915339873017655
5min,2024-10-17,2024-10-17,108,10,39.04138620057224,2.4968350934096292e-05
5min,2024-10-18,2024-10-18,108,10,18.55886647719125,0.046236977774717046
5min,2024-10-21,2024-10-21,108,10,13.740113355765438,0.1851792713537127
5min,2024-10-22,2024-10-22,108,10,24.92557403748735,0.005488377158465956
5min,2024-10-23,2024-10-23,108,10,12.2468675536972,0.26887431941096984
5min,2024-10-24,2024-10-24,108,10,13.75184428406468,0.18461463020693103
5min,2024-10-25,2024-10-25,108,10,24.65179377072017,0.006046085551790583
5min,2024-10-28,2024-10-28,108,10,5.1971824184323285,0.8776226470811352
5min,2024-10-29,2024-10-29,108,10,14.942051683877917,0.13418887393965861
5min,2024-10-30,2024-10-30,108,10,10.897674234580382,0.3655455539882731
5min,2024-10-31,2024-10-31,108,10,49.774884052755716,2.9359226871341026e-07
5min,2024-11-01,2024-11-01,108,10,13.197568852697103,0.21283437880751482
5min,2024-11-04,2024-11-04,108,10,7.38143966425309,0.6890103699638176
5min,2024-11-05,2024-11-05,108,10,9.479338689511506,0.48729489774007906
5min,2024-11-06,2024-11-06,108,10,10.801630060100488,0.3731803641551832
5min,2024-11-07,2024-11-07,108,10,8.421476570287163,0.5877397874812142
5min,2024-11-08,2024-11-08,108,10,9.172581120556053,0.5158071854687011
5min,2024-11-11,2024-11-11,108,10,17.517531626469072,0.06366838984360614
5min,2024-11-12,2024-11-12,108,10,13.159201932180807,0.21490640349226656
5min,2024-11-13,2024-11-13,108,10,19.881375280746138,0.030394854689209157
5min,2024-11-14,2024-11-14,108,10,14.470408901944142,0.15259552711965105
5min,2024-11-18,2024-11-18,108,10,30.534973358307806,0.0006999469706951238
5min,2024-11-19,2024-11-19,108,10,13.955210504689214,0.1750444168417263
5min,2024-11-21,2024-11-21,108,10,8.147127013546111,0.6144682776672544
5min,2024-11-22,2024-11-22,108,10,13.335814084748444,0.20549735758169918
5min,2024-11-25,2024-11-25,108,10,14.235536627647463,0.1625166092906847
5min,2024-11-26,2024-11-26,108,10,8.385077453365614,0.5912779239969018
5min,2024-11-27,2024-11-27,108,10,7.089191868903144,0.7169987237003983
5min,2024-11-28,2024-11-28,108,10,4.644664293021826,0.9136171028738563
5min,2024-11-29,2024-11-29,108,10,7.728896373823519,0.6552986502165883
5min,2024-12-02,2024-12-02,108,10,19.28776907526951,0.03675619695096482
5min,2024-12-03,2024-12-03,108,10,9.776540540136274,0.4603121829798147
5min,2024-12-04,2024-12-04,108,10,8.946629163776603,0.5371760692766572
5min,2024-12-05,2024-12-05,108,10,24.417369674189963,0.006566375257325134
5min,2024-12-06,2024-12-06,108,10,8.642151579748422,0.566367549109979
5min,2024-12-09,2024-12-09,108,10,9.82366415089023,0.45609780712887826
5min,2024-12-10,2024-12-10,108,10,19.082181337767285,0.03923118552436749
5min,2024-12-11,2024-12-11,108,10,8.790357706743512,0.552108397948772
5min,2024-12-12,2024-12-12,108,10,7.181571656451518,0.708199495788023
5min,2024-12-13,2024-12-13,108,10,21.169691897901195,0.019940879713477484
5min,2024-12-16,2024-12-16,108,10,10.48287293206098,0.39919756642089044
5min,2024-12-17,2024-12-17,108,10,13.029251455071728,0.22204093260297042
5min,2024-12-18,2024-12-18,108,10,11.506981928506507,0.3194056274580235
5min,2024-12-19,2024-12-19,108,10,27.728198968165657,0.0019951906496007634
5min,2024-12-20,2024-12-20,108,10,5.3322985389650475,0.8679040278089011
5min,2024-12-23,2024-12-23,108,10,7.2044662793598935,0.7060113705748399
5min,2024-12-26,2024-12-26,108,10,9.119598453966457,0.520792172605946
5min,2024-12-27,2024-12-27,108,10,6.612286543346479,0.7614700237978559
5min,2024-12-30,2024-12-30,108,10,8.513322026432869,0.578826953417245
15min,2024-01-02,2024-01-02,36,7,3.27096759536779,0.8588556103975453
15min,2024-01-03,2024-01-03,36,7,4.490029947567961,0.7219175018888708
15min,2024-01-04,2024-01-04,36,7,3.621574199664935,0.8221857603759957
15min,2024-01-05,2024-01-05,36,7,4.090369948554039,0.76931172659758
15min,2024-01-08,2024-01-08,36,7,10.148136863451102,0.18033297005414942
15min,2024-01-09,2024-01-09,36,7,4.695278482568775,0.6970926197732301
15min,2024-01-10,2024-01-10,36,7,8.103561170331245,0.32355068184490854
15min,2024-01-11,2024-01-11,36,7,15.629959829272789,0.0287206936351311
15min,2024-01-12,2024-01-12,36,7,14.613252274590966,0.041289149646646595
15min,2024-01-15,2024-01-15,36,7,6.924049012963807,0.4368305210642587
15min,2024-01-16,2024-01-16,36,7,14.645146660382153,0.04082687941160155
15min,2024-01-17,2024-01-17,36,7,6.718826090679882,0.45873085476021525
15min,2024-01-18,2024-01-18,36,7,5.702935059096053,0.5748321310189719
15min,2024-01-19,2024-01-19,36,7,7.98839527632973,0.3336183103181631
15min,2024-01-22,2024-01-22,36,7,4.370826006322445,0.7362109406433133
15min,2024-01-23,2024-01-23,36,7,6.822794022065333,0.4475609430273887
15min,2024-01-24,2024-01-24,36,7,5.149503631303649,0.6417242739603881
15min,2024-01-25,2024-01-25,36,7,5.162203218335776,0.6401762410419289
15min,2024-01-26,2024-01-26,36,7,8.564605672866938,0.28544424346040626
15min,2024-01-29,2024-01-29,36,7,11.832857992968634,0.10619114203682262
15min,2024-01-30,2024-01-30,36,7,5.995283766353353,0.5403001505246303
15min,2024-01-31,2024-01-31,36,7,1.9194629067620654,0.964163019084973
15min,2024-02-01,2024-02-01,36,7,8.414182163285828,0.29749129756395
15min,2024-02-02,2024-02-02,36,7,5.33411290222939,0.6192608914532622
15min,2024-02-05,2024-02-05,36,7,11.785738154301846,0.10782882163228105
15min,2024-02-07,2024-02-07,36,7,10.814820741377092,0.14690289847934646
15min,2024-02-08,2024-02-08,36,7,12.083410490966594,0.0978490201589682
15min,2024-02-09,2024-02-09,36,7,8.809771849032112,0.2666037888186386
15min,2024-02-15,2024-02-15,36,7,2.699129738887276,0.9113715168193759
15min,2024-02-16,2024-02-16,36,7,8.239169770553847,0.31197748788863533
15min,2024-02-19,2024-02-19,36,7,10.193313034831558,0.17788072066046853
15min,2024-02-20,2024-02-20,36,7,5.3850679462611275,0.6130805754016628
15min,2024-02-21,2024-02-21,36,7,6.703025560842204,0.4604416079135627
15min,2024-02-22,2024-02-22,36,7,14.522027072934918,0.04263841795176946
15min,2024-02-23,2024-02-23,36,7,7.758700677686149,0.35435167788373173
15min,2024-02-26,2024-02-26,36,7,8.847731243911209,0.2637740413767842
15min,2024-02-27,2024-02-27,36,7,8.571757257020264,0.2848807540702348
15min,2024-02-28,2024-02-28,36,7,12.981825950988004,0.07255243835282128
15min,2024-02-29,2024-02-29,36,7,8.778645078161983,0.26894158643215116
15min,2024-03-01,2024-03-01,36,7,10.72545172230222,0.15105110794456164
15min,2024-03-04,2024-03-04,36,7,13.99176486854533,0.05132801720623755
15min,2024-03-05,2024-03-05,36,7,20.353620401030128,0.00485443805874313
15min,2024-03-06,2024-03-06,36,7,14.697741821217964,0.040075104234212795
15min,2024-03-07,2024-03-07,36,7,3.2091181950745535,0.8650067197198152
15min,2024-03-11,2024-03-11,36,7,11.27183402999688,0.12719343552215936
15min,2024-03-12,2024-03-12,36,7,5.551794198906256,0.5929440840647389
15min,2024-03-13,2024-03-13,36,7,7.23665912590572,0.40466209090956295
15min,2024-03-14,2024-03-14,36,7,10.894441087829438,0.14329018702232213
15min,2024-03-15,2024-03-15,36,7,5.7286766605607475,0.571763280749592
15min,2024-03-18,2024-03-18,36,7,9.685019365861592,0.2071367917975688
15min,2024-03-19,2024-03-19,36,7,4.0899988158537415,0.7693549314961159
15min,2024-03-20,2024-03-20,36,7,6.524350342584515,0.4800221117826844
15min,2024-03-21,2024-03-21,36,7,2.348855993549248,0.9380420695087367
15min,2024-03-22,2024-03-22,36,7,16.72766017843635,0.01923924722377274
15min,2024-03-25,2024-03-25,36,7,14.007638419264955,0.051045663385929876
15min,2024-03-26,2024-03-26,36,7,5.063216758358113,0.6522486709447484
15min,2024-03-27,2024-03-27,36,7,3.0865542354613584,0.876881426847526
15min,2024-03-28,2024-03-28,36,7,1.9543093723051177,0.9623258573785946
15min,2024-04-01,2024-04-01,36,7,6.456897959594542,0.4875229073812589
15min,2024-04-02,2024-04-02,36,7,10.791360116057579,0.1479822617704645
15min,2024-04-03,2024-04-03,36,7,5.763634198649023,0.5676037945233193
15min,2024-04-04,2024-04-04,36,7,11.904912253275086,0.10372956275215885
15min,2024-04-05,2024-04-05,36,7,5.96309638095627,0.544064973782036
15min,2024-04-08,2024-04-08,36,7,3.978164893834417,0.7822889316024078
15min,2024-04-09,2024-04-09,36,7,6.582729425223853,0.4735777470486834
15min,2024-04-10,2024-04-10,36,7,3.248636934759922,0.8610883597535828
15min,2024-04-11,2024-04-11,36,7,6.095358207741781,0.528660107672881
15min,2024-04-12,2024-04-12,36,7,4.6214019848166945,0.7060534065651138
15min,2024-04-15,2024-04-15,36,7,2.026774719844391,0.9583435827306613
15min,2024-04-17,2024-04-17,36,7,4.963258805387936,0.6644470797281152
15min,2024-04-18,2024-04-18,36,7,3.5347293482300555,0.8315334165905395
15min,2024-04-19,2024-04-19,36,7,4.721371965604653,0.6939222071715436
15min,2024-04-22,2024-04-22,36,7,6.238742300874436,0.5121657872704685
15min,2024-04-23,2024-04-23,36,7,4.657234542188399,0.7017101628084337
15min,2024-04-24,2024-04-24,36,7,7.57450611754271,0.3716026580700314
15min,2024-04-25,2024-04-25,36,7,8.697496936930134,0.2751102324102515
15min,2024-04-26,2024-04-26,36,7,8.750540166953797,0.27106592360979587
15min,2024-04-29,2024-04-29,36,7,3.899620430432476,0.7912639244685291
15min,2024-04-30,2024-04-30,36,7,13.565475345253544,0.05947203562670341
15min,2024-05-02,2024-05-02,36,7,7.193899325597094,0.4089743867346722
15min,2024-05-03,2024-05-03,36,7,1.3591099601555854,0.986790898854286
15min,2024-05-06,2024-05-06,36,7,12.143666773510713,0.09593219824405591
15min,2024-05-07,2024-05-07,36,7,5.681630817514622,0.5773756614849146
15min,2024-05-08,2024-05-08,36,7,15.195668897867236,0.03357143075163202
15min,2024-05-09,2024-05-09,36,7,1.6298300854880374,0.9774717235256608
15min,2024-05-10,2024-05-10,36,7,6.995613615626792,0.4293367099543831
15min,2024-05-13,2024-05-13,36,7,4.680206832687665,0.6989226495729292
15min,2024-05-14,2024-05-14,36,7,6.482754455715645,0.4846407709233267
15min,2024-05-15,2024-05-15,36,7,11.457347836540189,0.11987654139331591
15min,2024-05-16,2024-05-16,36,7,13.25500306458267,0.06613371530133612
15min,2024-05-17,2024-05-17,36,7,9.105612988531073,0.24516217511794827
15min,2024-05-20,2024-05-20,36,7,7.602540544737528,0.3689414638591803
15min,2024-05-21,2024-05-21,36,7,5.877744463821056,0.554094995916466
15min,2024-05-22,2024-05-22,36,7,14.075208245162644,0.049859756420843344
15min,2024-05-23,2024-05-23,36,7,4.239868641555362,0.7517718540976498
15min,2024-05-24,2024-05-24,36,7,5.279270722775479,0.6259236627618167
15min,2024-05-27,2024-05-27,36,7,16.461808582548198,0.02121634213856296
15min,2024-05-28,2024-05-28,36,7,7.66973820510956,0.3626145793060414
15min,2024-05-29,2024-05-29,36,7,6.636081709924217,0.4677276716173526
15min,2024-05-31,2024-05-31,36,7,3.6980062061771153,0.8138296337728905
15min,2024-06-03,2024-06-03,36,7,6.815117269136396,0.4483804895106317
15min,2024-06-04,2024-06-04,36,7,2.02598719301398,0.958388031922523
15min,2024-06-05,2024-06-05,36,7,1.413756788240284,0.9851461765358709
15min,2024-06-06,2024-06-06,36,7,7.811497523673364,0.3495091303525029
15min,2024-06-10,2024-06-10,36,7,2.127868566490245,0.9524252058668761
15min,2024-06-11,2024-06-11,36,7,8.291713647654413,0.30757509954949697
15min,2024-06-12,2024-06-12,36,7,7.593169963374564,0.36982955912248033
15min,2024-06-13,2024-06-13,36,7,13.650265631778266,0.05776304353285615
15min,2024-06-14,2024-06-14,36,7,5.307671400637988,0.6224719476530141
15min,2024-06-17,2024-06-17,36,7,9.486288407742693,0.21960091800002954
15min,2024-06-18,2024-06-18,36,7,6.163824230852307,0.5207561620293186
15min,2024-06-19,2024-06-19,36,7,6.825243197119713,0.4472996533075332
15min,2024-06-20,2024-06-20,36,7,7.318231339952682,0.3965145128121035
15min,2024-06-21,2024-06-21,36,7,11.183789344925643,0.13080071199169296
15min,2024-06-24,2024-06-24,36,7,5.720021727179492,0.5727945477019853
15min,2024-06-25,2024-06-25,36,7,1.9048210726372499,0.9649198487643064
15min,2024-06-26,2024-06-26,36,7,0.5973948096332454,0.9990059924422238
15min,2024-06-27,2024-06-27,36,7,8.924782029927055,0.2581016180590273
15min,2024-06-28,2024-06-28,36,7,18.68793676437631,0.009223203029971686
15min,2024-07-01,2024-07-01,36,7,17.805763069431055,0.012877780979899459
15min,2024-07-02,2024-07-02,36,7,11.161176303662437,0.13174147172877396
15min,2024-07-03,2024-07-03,36,7,4.601994061657764,0.7084032110807055
15min,2024-07-04,2024-07-04,36,7,6.431127793321194,0.4904037984483187
15min,2024-07-05,2024-07-05,36,7,10.351822622041682,0.16949710625605155
15min,2024-07-08,2024-07-08,36,7,14.659866340663653,0.04061516715038871
15min,2024-07-09,2024-07-09,36,7,9.56307306306534,0.21471479663455145
15min,2024-07-10,2024-07-10,36,7,15.134470097114859,0.03431381133814707
15min,2024-07-11,2024-07-11,36,7,24.74824137053675,0.0008408362095591672
15min,2024-07-12,2024-07-12,36,7,8.846242528221437,0.263884581574898
15min,2024-07-15,2024-07-15,36,7,10.209211590205102,0.17702440185776555
15min,2024-07-16,2024-07-16,36,7,6.246003006651968,0.5113365900777853
15min,2024-07-17,2024-07-17,36,7,5.1189175655264005,0.6454537288085671
15min,2024-07-18,2024-07-18,36,7,6.830694271398114,0.44671841380151533
15min,2024-07-19,2024-07-19,36,7,9.241666493073124,0.23576798025450996
15min,2024-07-22,2024-07-22,36,7,15.647023284805089,0.028544285664816246
15min,2024-07-23,2024-07-23,36,7,9.815027353931232,0.1993002867640907
15min,2024-07-24,2024-07-24,36,7,9.390044843910687,0.22585181471311414
15min,2024-07-25,2024-07-25,36,7,11.533983661506872,0.11696354239735783
15min,2024-07-26,2024-07-26,36,7,4.551159694837743,0.7145483486117378
15min,2024-07-29,2024-07-29,36,7,5.941766401446213,0.5465652653665332
15min,2024-07-30,2024-07-30,36,7,16.087069311801063,0.02433267907057459
15min,2024-07-31,2024-07-31,36,7,9.075350786215324,0.24729136247384073
15min,2024-08-01,2024-08-01,36,7,16.212971727019426,0.02324027175932025
15min,2024-08-02,2024-08-02,36,7,9.133535052884971,0.24321047687725209
15min,2024-08-05,2024-08-05,36,7,8.019226075180391,0.33090162002161855
15min,2024-08-06,2024-08-06,36,7,4.034655363318172,0.7757772449754443
15min,2024-08-07,2024-08-07,36,7,5.00619735750058,0.6592068952404113
15min,2024-08-08,2024-08-08,36,7,3.421805681616973,0.8434370185451399
15min,2024-08-09,2024-08-09,36,7,8.537762836186351,0.2875667396800846
15min,2024-08-12,2024-08-12,36,7,3.5483641496848946,0.8300765746383058
15min,2024-08-13,2024-08-13,36,7,13.64664386324226,0.05783510845762674
15min,2024-08-14,2024-08-14,36,7,4.0894400346759925,0.7694199778669863
15min,2024-08-15,2024-08-15,36,7,7.9767126062889915,0.33465184724421276
15min,2024-08-16,2024-08-16,36,7,7.5431888098473205,0.3745905097858336
15min,2024-08-19,2024-08-19,36,7,0.9823710805195794,0.9951079242775032
15min,2024-08-20,2024-08-20,36,7,4.976087565283764,0.6628815117280494
15min,2024-08-21,2024-08-21,36,7,9.550574991327728,0.21550403448783312
15min,2024-08-22,2024-08-22,36,7,7.576087365328784,0.3714522181567982
15min,2024-08-23,2024-08-23,36,7,11.250247367523883,0.12806972418986168
15min,2024-08-26,2024-08-26,36,7,13.592444389627,0.05892348326242696
15min,2024-08-27,2024-08-27,36,7,9.590130062186262,0.21301422563099787
15min,2024-08-28,2024-08-28,36,7,8.539396717195448,0.28743720850869164
15min,2024-08-29,2024-08-29,36,7,6.5574661079761265,0.4763610447194564
15min,2024-08-30,2024-08-30,36,7,4.594205277392879,0.7093456856691001
15min,2024-09-02,2024-09-02,36,7,6.381533261240917,0.49597125433732525
15min,2024-09-03,2024-09-03,36,7,9.893405195292955,0.194695014243173
15min,2024-09-04,2024-09-04,36,7,11.469868278957652,0.11939630937191649
15min,2024-09-05,2024-09-05,36,7,9.875852678301724,0.1957186358208232
15min,2024-09-06,2024-09-06,36,7,8.449171558765208,0.2946558285701025
15min,2024-09-09,2024-09-09,36,7,11.985828841151386,0.1010258589353315
15min,2024-09-10,2024-09-10,36,7,7.626075723317033,0.366717200107646
15min,2024-09-11,2024-09-11,36,7,9.115494617448146,0.2444700610042254
15min,2024-09-12,2024-09-12,36,7,3.6753304786161016,0.8163208644103908
15min,2024-09-13,2024-09-13,36,7,13.860821259225592,0.053712881612247736
15min,2024-09-16,2024-09-16,36,7,5.191967995868687,0.6365492751846976
15min,2024-09-17,2024-09-17,36,7,5.971360240273896,0.5430974400480365
15min,2024-09-18,2024-09-18,36,7,1.383106455698365,0.9860830867553557
15min,2024-09-19,2024-09-19,36,7,13.58819748115362,0.059009555942001614
15min,2024-09-20,2024-09-20,36,7,8.546061461080464,0.2869092937399296
15min,2024-09-23,2024-09-23,36,7,13.211097166400094,0.06712906140677782
15min,2024-09-24,2024-09-24,36,7,7.520192276282956,0.37679458484428
15min,2024-09-25,2024-09-25,36,7,7.236701335666358,0.40465784808565486
15min,2024-09-26,2024-09-26,36,7,4.616925612961197,0.7065955505632979
15min,2024-09-27,2024-09-27,36,7,4.7112479928928925,0.6951525941317424
15min,2024-09-30,2024-09-30,36,7,6.550936375231688,0.4770817984395824
15min,2024-10-01,2024-10-01,36,7,5.986913036198468,0.5412782830776682
15min,2024-10-02,2024-10-02,36,7,11.04528849805155,0.13665572197948303
15min,2024-10-03,2024-10-03,36,7,8.368907388225002,0.3011902547205799
15min,2024-10-04,2024-10-04,36,7,8.213257051266543,0.3141654117269019
15min,2024-10-07,2024-10-07,36,7,15.544208008335376,0.029622879569593245
15min,2024-10-08,2024-10-08,36,7,8.52618166038922,0.2884861319188989
15min,2024-10-09,2024-10-09,36,7,7.78453660816443,0.35197628224050204
15min,2024-10-10,2024-10-10,36,7,14.46964910827645,0.04343155682776191
15min,2024-10-11,2024-10-11,36,7,23.91806373138433,0.0011777527484640815
15min,2024-10-14,2024-10-14,36,7,8.28738296062382,0.30793621845925717
15min,2024-10-15,2024-10-15,36,7,6.805281953518666,0.4494317021943829
15min,2024-10-16,2024-10-16,36,7,12.398178396407381,0.08820172829487799
15min,2024-10-17,2024-10-17,36,7,12.136141167069345,0.09616974650568529
15min,2024-10-18,2024-10-18,36,7,11.923307771477571,0.10310930937407375
15min,2024-10-21,2024-10-21,36,7,7.678293553988468,0.3618143363249271
15min,2024-10-22,2024-10-22,36,7,9.426099216508103,0.22349355258630307
15min,2024-10-23,2024-10-23,36,7,9.106428909223741,0.24510496918903282
15min,2024-10-24,2024-10-24,36,7,13.117317089417899,0.06930105184324217
15min,2024-10-25,2024-10-25,36,7,19.09075063975855,0.007907757895859702
15min,2024-10-28,2024-10-28,36,7,6.650188739959692,0.4661872184637593
15min,2024-10-29,2024-10-29,36,7,21.571294582371088,0.00301051010985499
15min,2024-10-30,2024-10-30,36,7,7.445853507496448,0.3839776096821659
15min,2024-10-31,2024-10-31,36,7,10.188083306506106,0.17816316040595953
15min,2024-11-01,2024-11-01,36,7,11.150837647582513,0.13217354640362114
15min,2024-11-04,2024-11-04,36,7,12.18241456617678,0.09471740506487684
15min,2024-11-05,2024-11-05,36,7,3.373278286877039,0.8484597983140334
15min,2024-11-06,2024-11-06,36,7,6.428640492056315,0.4906822973327929
15min,2024-11-07,2024-11-07,36,7,3.380799974510097,0.8476850521444164
15min,2024-11-08,2024-11-08,36,7,3.568309686569042,0.8279381298894675
15min,2024-11-11,2024-11-11,36,7,15.818336909930094,0.026828883958634704
15min,2024-11-12,2024-11-12,36,7,6.310117412889759,0.5040408270050203
15min,2024-11-13,2024-11-13,36,7,2.2400482569501947,0.9453688786223561
15min,2024-11-14,2024-11-14,36,7,4.991045850956169,0.6610560062044165
15min,2024-11-18,2024-11-18,36,7,3.9767300546004476,0.7824537256165436
15min,2024-11-19,2024-11-19,36,7,7.972645891216799,0.3350121486984226
15min,2024-11-21,2024-11-21,36,7,3.490844397016882,0.8361942808304921
15min,2024-11-22,2024-11-22,36,7,9.534946918061015,0.21649423985127927
15min,2024-11-25,2024-11-25,36,7,7.16252780797264,0.4121561330411464
15min,2024-11-26,2024-11-26,36,7,4.2302610752531224,0.7529067329229647
15min,2024-11-27,2024-11-27,36,7,4.773746503856517,0.6875514634572661
15min,2024-11-28,2024-11-28,36,7,3.880537086217994,0.7934298745934358
15min,2024-11-29,2024-11-29,36,7,23.701844700182324,0.0012852683564523167
15min,2024-12-02,2024-12-02,36,7,12.818622234918768,0.07665289161324754
15min,2024-12-03,2024-12-03,36,7,5.2194449443032,0.633202855209712
15min,2024-12-04,2024-12-04,36,7,6.004138505222261,0.5392662003532296
15min,2024-12-05,2024-12-05,36,7,9.937036413743641,0.19216972852569603
15min,2024-12-06,2024-12-06,36,7,4.496583843782312,0.7211285976618427
15min,2024-12-09,2024-12-09,36,7,11.617518211604187,0.11385953081910308
15min,2024-12-10,2024-12-10,36,7,16.58205424979011,0.020299324111898085
15min,2024-12-11,2024-12-11,36,7,5.429325901530567,0.6077216249158228
15min,2024-12-12,2024-12-12,36,7,6.597042534569712,0.4720045909124918
15min,2024-12-13,2024-12-13,36,7,6.6173060190266995,0.46978208789213804
15min,2024-12-16,2024-12-16,36,7,7.762730463811236,0.3539804528594676
15min,2024-12-17,2024-12-17,36,7,9.497329874612621,0.21889281249868192
15min,2024-12-18,2024-12-18,36,7,6.621394952954497,0.46933427804982875
15min,2024-12-19,2024-12-19,36,7,15.508253630337109,0.030009033040696884
15min,2024-12-20,2024-12-20,36,7,6.828151554088212,0.4469894869858847
15min,2024-12-23,2024-12-23,36,7,14.762262508066337,0.039170512040857905
15min,2024-12-26,2024-12-26,36,7,3.706151562485839,0.8129323151789136
15min,2024-12-27,2024-12-27,36,7,7.478675569329575,0.3807952389791408
15min,2024-12-30,2024-12-30,36,7,6.300390020101262,0.5051446594096339
30min,2024-01-02,2024-01-02,18,3,2.1263384010094306,0.5466027304475449
30min,2024-01-03,2024-01-03,18,3,1.684030738596632,0.6404899447857904
30min,2024-01-04,2024-01-04,18,3,0.8166136621347467,0.8454892767079453
30min,2024-01-05,2024-01-05,18,3,0.964555353175708,0.8098276096904301
30min,2024-01-08,2024-01-08,18,3,13.078117545321524,0.004470681385056276
30min,2024-01-09,2024-01-09,18,3,2.9392784107576406,0.401082312261016
30min,2024-01-10,2024-01-10,18,3,4.060699877279128,0.2549837979214189
30min,2024-01-11,2024-01-11,18,3,1.565001229463321,0.6673513303679872
30min,2024-01-12,2024-01-12,18,3,5.973235944306438,0.1129196399255084
30min,2024-01-15,2024-01-15,18,3,0.98876189296179,0.803971221022392
30min,2024-01-16,2024-01-16,18,3,6.871313230789439,0.07611455121057562
30min,2024-01-17,2024-01-17,18,3,4.440531082978199,0.21765651346987563
30min,2024-01-18,2024-01-18,18,3,0.8918464996276938,0.8273949775239097
30min,2024-01-19,2024-01-19,18,3,4.61955717090325,0.20187077431542375
30min,2024-01-22,2024-01-22,18,3,1.1378831282790745,0.7679377019889455
30min,2024-01-23,2024-01-23,18,3,4.027308885790748,0.25853032301093326
30min,2024-01-24,2024-01-24,18,3,4.944128426189575,0.17593435061744925
30min,2024-01-25,2024-01-25,18,3,7.404218730812529,0.06007123442982345
30min,2024-01-26,2024-01-26,18,3,3.052456211124082,0.383607960116805
30min,2024-01-29,2024-01-29,18,3,4.492731331717048,0.21293955304356946
30min,2024-01-30,2024-01-30,18,3,1.002144290682666,0.8007331015297309
30min,2024-01-31,2024-01-31,18,3,2.576064115375108,0.46170127720116083
30min,2024-02-01,2024-02-01,18,3,6.877082267278911,0.07592050221863857
30min,2024-02-02,2024-02-02,18,3,3.9429095220275516,0.26769522670929635
30min,2024-02-05,2024-02-05,18,3,6.774617092870537,0.07943920710517034
30min,2024-02-07,2024-02-07,18,3,1.354537948131091,0.7162250133008456
30min,2024-02-08,2024-02-08,18,3,4.082488502310633,0.25269352281637913
30min,2024-02-09,2024-02-09,18,3,6.5241815059279284,0.08871370795093216
30min,2024-02-15,2024-02-15,18,3,1.8842305757179265,0.5967791198060708
30min,2024-02-16,2024-02-16,18,3,6.658132269119716,0.08363048427750014
30min,2024-02-19,2024-02-19,18,3,2.3676659246586294,0.49968197961558947
30min,2024-02-20,2024-02-20,18,3,3.5140249624754665,0.3189476806227569
30min,2024-02-21,2024-02-21,18,3,2.5441921727466266,0.46735748028263313
30min,2024-02-22,2024-02-22,18,3,3.1403565045452955,0.3704871092834664
30min,2024-02-23,2024-02-23,18,3,1.1922189921311797,0.7548711174370538
30min,2024-02-26,2024-02-26,18,3,1.1009933103610512,0.7768342999596958
30min,2024-02-27,2024-02-27,18,3,4.496815216097415,0.212574538791466
30min,2024-02-28,2024-02-28,18,3,2.2972015508393118,0.5130572275336183
30min,2024-02-29,2024-02-29,18,3,1.8604562097572694,0.6018681690696857
30min,2024-03-01,2024-03-01,18,3,5.899928252856979,0.11658174546140798
30min,2024-03-04,2024-03-04,18,3,2.7613047993059303,0.4299095114748751
30min,2024-03-05,2024-03-05,18,3,3.626810187436286,0.30468384745218313
30min,2024-03-06,2024-03-06,18,3,10.40977264144507,0.015385620429613694
30min,2024-03-07,2024-03-07,18,3,2.615442992572096,0.45478862080953986
30min,2024-03-11,2024-03-11,18,3,2.5672220438355184,0.463264944169706
30min,2024-03-12,2024-03-12,18,3,2.963915451715245,0.3972222298526863
30min,2024-03-13,2024-03-13,18,3,3.215791494905317,0.35953590449894407
30min,2024-03-14,2024-03-14,18,3,3.359579260189183,0.33943603268098
30min,2024-03-15,2024-03-15,18,3,2.596898695298829,0.4580335050781803
30min,2024-03-18,2024-03-18,18,3,4.15432482798395,0.24527480627454082
30min,2024-03-19,2024-03-19,18,3,0.9543575193598046,0.8122941390383283
30min,2024-03-20,2024-03-20,18,3,7.066174332445914,0.06981821497594308
30min,2024-03-21,2024-03-21,18,3,0.2185065655612179,0.9745478203166419
30min,2024-03-22,2024-03-22,18,3,5.947955007583181,0.11416996525585617
30min,2024-03-25,2024-03-25,18,3,2.2374459798858086,0.5246103904596744
30min,2024-03-26,2024-03-26,18,3,9.835304315416444,0.02001925930914809
30min,2024-03-27,2024-03-27,18,3,0.6092774299245907,0.894305272243437
30min,2024-03-28,2024-03-28,18,3,1.5389558611294856,0.6733089587093617
30min,2024-04-01,2024-04-01,18,3,1.9482524247295083,0.583216269044516
30min,2024-04-02,2024-04-02,18,3,2.5585594906475593,0.46480096247790625
30min,2024-04-03,2024-04-03,18,3,1.7060969470973368,0.6355791564721269
30min,2024-04-04,2024-04-04,18,3,3.6587340550326717,0.3007508344242368
30min,2024-04-05,2024-04-05,18,3,2.183256671363489,0.5352538100163495
30min,2024-04-08,2024-04-08,18,3,0.7068741974491362,0.8715858896990267
30min,2024-04-09,2024-04-09,18,3,2.391744696348753,0.4951731949183916
30min,2024-04-10,2024-04-10,18,3,1.5408956029700358,0.6728643138749781
30min,2024-04-11,2024-04-11,18,3,4.174968532562331,0.24317998904431382
30min,2024-04-12,2024-04-12,18,3,1.392073289608258,0.7073938437929455
30min,2024-04-15,2024-04-15,18,3,1.9622662311330648,0.5802753102379508
30min,2024-04-17,2024-04-17,18,3,3.3519260775473736,0.34048064409270445
30min,2024-04-18,2024-04-18,18,3,0.25815815963775895,0.9676956052755009
30min,2024-04-19,2024-04-19,18,3,1.4968003554956522,0.6830090032971856
30min,2024-04-22,2024-04-22,18,3,2.812253703094994,0.42148670985921244
30min,2024-04-23,2024-04-23,18,3,0.7709096330227101,0.8564116519562565
30min,2024-04-24,2024-04-24,18,3,0.5185090558348224,0.9148066374800413
30min,2024-04-25,2024-04-25,18,3,4.667512530083695,0.19782644764108712
30min,2024-04-26,2024-04-26,18,3,3.742252538237868,0.29067495964970874
30min,2024-04-29,2024-04-29,18,3,4.106109031441543,0.25023188070434
30min,2024-04-30,2024-04-30,18,3,3.1812413473470804,0.3645165627592319
30min,2024-05-02,2024-05-02,18,3,1.3268596515111133,0.7227650827101051
30min,2024-05-03,2024-05-03,18,3,0.9260955246923671,0.8191262257364419
30min,2024-05-06,2024-05-06,18,3,4.509702449342655,0.2114264820338911
30min,2024-05-07,2024-05-07,18,3,3.3253415189379387,0.3441311225500311
30min,2024-05-08,2024-05-08,18,3,3.597502190861224,0.3083348416645161
30min,2024-05-09,2024-05-09,18,3,2.868181844649817,0.41239860659708516
30min,2024-05-10,2024-05-10,18,3,0.8784128611355462,0.8306339080778189
30min,2024-05-13,2024-05-13,18,3,4.468480379678381,0.21511905553935445
30min,2024-05-14,2024-05-14,18,3,0.3491541529733074,0.9505336361966747
30min,2024-05-15,2024-05-15,18,3,2.182145907401012,0.5354736270970579
30min,2024-05-16,2024-05-16,18,3,6.398182197540024,0.09376560235028654
30min,2024-05-17,2024-05-17,18,3,0.507918166139337,0.9171484130838528
30min,2024-05-20,2024-05-20,18,3,3.0783978304681305,0.37969500962493175
30min,2024-05-21,2024-05-21,18,3,3.065061182898325,0.3817023953594348
30min,2024-05-22,2024-05-22,18,3,0.8495663920648666,0.8375782969798167
30min,2024-05-23,2024-05-23,18,3,0.13129389342039952,0.987834111663224
30min,2024-05-24,2024-05-24,18,3,1.616701719892546,0.6556087741338148
30min,2024-05-27,2024-05-27,18,3,2.355336306516738,0.5020029003046569
30min,2024-05-28,2024-05-28,18,3,3.2013601108203966,0.361609103942519
30min,2024-05-29,2024-05-29,18,3,2.510799459520414,0.473342540390985
30min,2024-05-31,2024-05-31,18,3,1.8132136301226147,0.6120637319713653
30min,2024-06-03,2024-06-03,18,3,2.184320791799194,0.5350432856052196
30min,2024-06-04,2024-06-04,18,3,3.243224155899217,0.3556232776677286
30min,2024-06-05,2024-06-05,18,3,1.3140539284005495,0.7257985681448087
30min,2024-06-06,2024-06-06,18,3,0.6575951839225538,0.8831296886485782
30min,2024-06-10,2024-06-10,18,3,3.8322353120472923,0.2801588224568832
30min,2024-06-11,2024-06-11,18,3,3.9303028090530217,0.2690891858845495
30min,2024-06-12,2024-06-12,18,3,6.018334209254672,0.11072162510176524
30min,2024-06-13,2024-06-13,18,3,6.422935767193447,0.09275177851800567
30min,2024-06-14,2024-06-14,18,3,4.496205649172843,0.21262898459716062
30min,2024-06-17,2024-06-17,18,3,2.322358739125124,0.508251103777537
30min,2024-06-18,2024-06-18,18,3,5.089151385876753,0.16538423526219853
30min,2024-06-19,2024-06-19,18,3,5.3471438647885,0.1480723830863022
30min,2024-06-20,2024-06-20,18,3,4.091123173508288,0.25179110135952004
30min,2024-06-21,2024-06-21,18,3,5.651477937183489,0.12985410705542794
30min,2024-06-24,2024-06-24,18,3,0.8953698421177253,0.8265450266906088
30min,2024-06-25,2024-06-25,18,3,1.548766785824242,0.6710615678319709
30min,2024-06-26,2024-06-26,18,3,0.47534013570456635,0.9242746980734924
30min,2024-06-27,2024-06-27,18,3,2.752425024716036,0.43139160016089917
30min,2024-06-28,2024-06-28,18,3,5.081099670214887,0.16595404323676327
30min,2024-07-01,2024-07-01,18,3,9.319942979732804,0.025326065826846485
30min,2024-07-02,2024-07-02,18,3,3.67329825852272,0.29897161683908374
30min,2024-07-03,2024-07-03,18,3,1.8983235503552907,0.5937757803959451
30min,2024-07-04,2024-07-04,18,3,1.7171829849238585,0.633120406026624
30min,2024-07-05,2024-07-05,18,3,4.694191350991398,0.19560923797843313
30min,2024-07-08,2024-07-08,18,3,3.9720446696981138,0.2644986663001486
30min,2024-07-09,2024-07-09,18,3,2.4147656089425777,0.4908919280077194
30min,2024-07-10,2024-07-10,18,3,3.9297223119311555,0.26915353102039213
30min,2024-07-11,2024-07-11,18,3,3.223713826068949,0.3584021631475846
30min,2024-07-12,2024-07-12,18,3,2.2191466952932624,0.5281869223254536
30min,2024-07-15,2024-07-15,18,3,2.8067046711210395,0.42239739776940166
30min,2024-07-16,2024-07-16,18,3,2.7019070498344573,0.4399033084977121
30min,2024-07-17,2024-07-17,18,3,1.732443890224252,0.6297450279495729
30min,2024-07-18,2024-07-18,18,3,1.2980634756701719,0.7295929744899421
30min,2024-07-19,2024-07-19,18,3,5.532175779571221,0.13672676525858968
30min,2024-07-22,2024-07-22,18,3,2.703284974451539,0.4396693359930105
30min,2024-07-23,2024-07-23,18,3,5.191314786394376,0.15831232994522162
30min,2024-07-24,2024-07-24,18,3,1.3998811853821511,0.7055625822498819
30min,2024-07-25,2024-07-25,18,3,5.449971596297354,0.14166167871546614
30min,2024-07-26,2024-07-26,18,3,1.3047360900661507,0.7280087531479833
30min,2024-07-29,2024-07-29,18,3,1.869391688935187,0.5999521701677408
30min,2024-07-30,2024-07-30,18,3,1.1326052685084969,0.769209438732348
30min,2024-07-31,2024-07-31,18,3,3.2831584867117205,0.3499935567150297
30min,2024-08-01,2024-08-01,18,3,3.571123241116454,0.31165415340631175
30min,2024-08-02,2024-08-02,18,3,2.1934286122395052,0.5332438892831222
30min,2024-08-05,2024-08-05,18,3,3.09221368021438,0.37762500482415
30min,2024-08-06,2024-08-06,18,3,6.658379432726346,0.08362136935580633
30min,2024-08-07,2024-08-07,18,3,1.4921586382603658,0.6840812915567336
30min,2024-08-08,2024-08-08,18,3,2.890165302231506,0.40887136022475534
30min,2024-08-09,2024-08-09,18,3,6.360284421330466,0.09533842380203034
30min,2024-08-12,2024-08-12,18,3,2.830839061244797,0.41844838753992175
30min,2024-08-13,2024-08-13,18,3,2.7439691455744883,0.43280683789911556
30min,2024-08-14,2024-08-14,18,3,0.06651874016082868,0.9955271462264755
30min,2024-08-15,2024-08-15,18,3,3.9385154023044113,0.26818035267912055
30min,2024-08-16,2024-08-16,18,3,1.6686682278289753,0.6439218817101098
30min,2024-08-19,2024-08-19,18,3,1.1731667335867166,0.7594469668028319
30min,2024-08-20,2024-08-20,18,3,2.8949458811476863,0.4081076634292625
30min,2024-08-21,2024-08-21,18,3,2.9290413758439335,0.40269548735794214
30min,2024-08-22,2024-08-22,18,3,3.0227498925745935,0.3881308729609649
30min,2024-08-23,2024-08-23,18,3,2.123574900223728,0.5471581436720492
30min,2024-08-26,2024-08-26,18,3,7.445555064400751,0.05897400172556164
30min,2024-08-27,2024-08-27,18,3,3.4496846703062722,0.32734672125263553
30min,2024-08-28,2024-08-28,18,3,5.40237786294567,0.14459550217502867
30min,2024-08-29,2024-08-29,18,3,4.919606332503192,0.17777950801682055
30min,2024-08-30,2024-08-30,18,3,1.4352997217944303,0.6972815389583273
30min,2024-09-02,2024-09-02,18,3,3.4598074067979003,0.32601250063589365
30min,2024-09-03,2024-09-03,18,3,7.995204307708472,0.04611092223609729
30min,2024-09-04,2024-09-04,18,3,3.069823876863044,0.38098449478323176
30min,2024-09-05,2024-09-05,18,3,5.609838383505396,0.13221468659518162
30min,2024-09-06,2024-09-06,18,3,5.3206629875964175,0.14976720654258835
30min,2024-09-09,2024-09-09,18,3,9.023030588570297,0.028986244260329832
30min,2024-09-10,2024-09-10,18,3,4.686999596880248,0.19620463840873587
30min,2024-09-11,2024-09-11,18,3,3.324733718633379,0.34421498093929487
30min,2024-09-12,2024-09-12,18,3,2.4041322650313086,0.4928658664252582
30min,2024-09-13,2024-09-13,18,3,2.5922915900308228,0.4588425336003922
30min,2024-09-16,2024-09-16,18,3,2.345338948233173,0.5038908529789112
30min,2024-09-17,2024-09-17,18,3,1.703787575458712,0.6360920594390265
30min,2024-09-18,2024-09-18,18,3,0.792846324272675,0.8511773221833865
30min,2024-09-19,2024-09-19,18,3,1.0143491493163714,0.7977799419946535
30min,2024-09-20,2024-09-20,18,3,3.484460441225522,0.32278314914064793
30min,2024-09-23,2024-09-23,18,3,2.6940083791054508,0.44124646805075163
30min,2024-09-24,2024-09-24,18,3,5.005817817201039,0.17137163049179055
30min,2024-09-25,2024-09-25,18,3,2.7947119424319715,0.42437116546147313
30min,2024-09-26,2024-09-26,18,3,5.498477967755117,0.13872968010893946
30min,2024-09-27,2024-09-27,18,3,0.8302363047392293,0.8422220704859503
30min,2024-09-30,2024-09-30,18,3,2.776415163868843,0.4273971313325482
30min,2024-10-01,2024-10-01,18,3,1.4684598686089363,0.6895686707328494
30min,2024-10-02,2024-10-02,18,3,4.540897799801321,0.20867117859780426
30min,2024-10-03,2024-10-03,18,3,3.647366306616897,0.30214611899322336
30min,2024-10-04,2024-10-04,18,3,5.811459667793867,0.12115223612456781
30min,2024-10-07,2024-10-07,18,3,6.28229771428923,0.09865508223639786
30min,2024-10-08,2024-10-08,18,3,6.663299368125314,0.08344013057862876
30min,2024-10-09,2024-10-09,18,3,2.2823382573355877,0.5159128695273281
30min,2024-10-10,2024-10-10,18,3,6.308582838445173,0.09752503207978185
30min,2024-10-11,2024-10-11,18,3,6.017770751691178,0.1107488330487692
30min,2024-10-14,2024-10-14,18,3,10.470508899813893,0.014962292569228342
30min,2024-10-15,2024-10-15,18,3,3.8038866411420433,0.28343437275800004
30min,2024-10-16,2024-10-16,18,3,2.5496032284402097,0.46639332714304926
30min,2024-10-17,2024-10-17,18,3,2.006237072704151,0.5711131864300862
30min,2024-10-18,2024-10-18,18,3,3.2505204721689385,0.3545888573871962
30min,2024-10-21,2024-10-21,18,3,0.9972188784637983,0.8019249064599354
30min,2024-10-22,2024-10-22,18,3,4.62331672956804,0.20155095609798712
30min,2024-10-23,2024-10-23,18,3,5.943291568371906,0.11440204618267373
30min,2024-10-24,2024-10-24,18,3,5.128237121674244,0.16264424895594262
30min,2024-10-25,2024-10-25,18,3,7.272648603356997,0.06369703519674808
30min,2024-10-28,2024-10-28,18,3,1.7815783348489884,0.6189518780883998
30min,2024-10-29,2024-10-29,18,3,3.9956107014317563,0.26193848512965995
30min,2024-10-30,2024-10-30,18,3,0.7966317241336515,0.8502725098542698
30min,2024-10-31,2024-10-31,18,3,4.613083102076728,0.2024226156852022
30min,2024-11-01,2024-11-01,18,3,3.221243592609688,0.35875533878784327
30min,2024-11-04,2024-11-04,18,3,3.8837028578648947,0.27429905312272906
30min,2024-11-05,2024-11-05,18,3,0.8811912492027576,0.8299642566818441
30min,2024-11-06,2024-11-06,18,3,13.253707192710701,0.004118869597125487
30min,2024-11-07,2024-11-07,18,3,2.3897277748506185,0.4955496586262148
30min,2024-11-08,2024-11-08,18,3,1.5393369145019777,0.6732215983428895
30min,2024-11-11,2024-11-11,18,3,2.3064468194980137,0.5112869926975931
30min,2024-11-12,2024-11-12,18,3,3.216285017927897,0.35946518742995454
30min,2024-11-13,2024-11-13,18,3,1.8511543763825071,0.6038669338249543
30min,2024-11-14,2024-11-14,18,3,2.3751946823631953,0.4982688271645842
30min,2024-11-18,2024-11-18,18,3,2.882253852798038,0.41013783825539507
30min,2024-11-19,2024-11-19,18,3,3.552297743991104,0.3140423539737271
30min,2024-11-21,2024-11-21,18,3,0.7888604850092186,0.8521295612205954
30min,2024-11-22,2024-11-22,18,3,1.3403434784869952,0.7195761341691356
30min,2024-11-25,2024-11-25,18,3,5.220215109126033,0.1563641021829281
30min,2024-11-26,2024-11-26,18,3,3.8131154405081675,0.28236426632982237
30min,2024-11-27,2024-11-27,18,3,0.9491875128330096,0.81354437703745
30min,2024-11-28,2024-11-28,18,3,1.1409871052458571,0.7671899663212475
30min,2024-11-29,2024-11-29,18,3,4.751404359438212,0.1909322109585723
30min,2024-12-02,2024-12-02,18,3,2.9909519880611044,0.3930223064921351
30min,2024-12-03,2024-12-03,18,3,5.4664741312316005,0.1406576432292343
30min,2024-12-04,2024-12-04,18,3,3.0328370110032665,0.3865900121135977
30min,2024-12-05,2024-12-05,18,3,7.090858011114667,0.0690575161778418
30min,2024-12-06,2024-12-06,18,3,0.3734611552657804,0.945668550619633
30min,2024-12-09,2024-12-09,18,3,4.345603882723541,0.22648248018714753
30min,2024-12-10,2024-12-10,18,3,1.5655306748438516,0.6672305122365356
30min,2024-12-11,2024-12-11,18,3,1.7784886608658235,0.6196271946918319
30min,2024-12-12,2024-12-12,18,3,2.713452576435099,0.4379460087498336
30min,2024-12-13,2024-12-13,18,3,3.8404621298128445,0.2792146559998492
30min,2024-12-16,2024-12-16,18,3,0.7367276095624425,0.8645331022082627
30min,2024-12-17,2024-12-17,18,3,5.818802105949723,0.12076649971379176
30min,2024-12-18,2024-12-18,18,3,0.7253846751125135,0.8672175930682453
30min,2024-12-19,2024-12-19,18,3,3.3740996076804852,0.33746179840630597
30min,2024-12-20,2024-12-20,18,3,1.523792362707258,0.6767900523157426
30min,2024-12-23,2024-12-23,18,3,4.7926070816711235,0.1876287992628166
30min,2024-12-26,2024-12-26,18,3,1.5644451316017498,0.6674782429636693
30min,2024-12-27,2024-12-27,18,3,5.835607432662435,0.11988803053462063
30min,2024-12-30,2024-12-30,18,3,1.689987351567742,0.6391621263063936
60min,2024-01-02,2024-01-02,9,1,0.1536635310528812,0.6950586557597392
60min,2024-01-03,2024-01-03,9,1,1.4123666728953728,0.23466390909702778
60min,2024-01-04,2024-01-04,9,1,0.3586893147003262,0.5492350591032273
60min,2024-01-05,2024-01-05,9,1,0.08151435024610053,0.7752556038253181
60min,2024-01-08,2024-01-08,9,1,2.0006228314248595,0.1572345866452688
60min,2024-01-09,2024-01-09,9,1,1.8314641936871492,0.17595470009304154
60min,2024-01-10,2024-01-10,9,1,0.14937233363696373,0.6991359017243264
60min,2024-01-11,2024-01-11,9,1,0.0333056106287339,0.8551917289382933
60min,2024-01-12,2024-01-12,9,1,5.133312583502246e-05,0.994283434273335
60min,2024-01-15,2024-01-15,9,1,0.05385518675037206,0.8164858176856724
60min,2024-01-16,2024-01-16,9,1,0.026946138872848645,0.8696108640129459
60min,2024-01-17,2024-01-17,9,1,0.07189678253456772,0.7885948254968076
60min,2024-01-18,2024-01-18,9,1,1.0531844637628458,0.30477481457464783
60min,2024-01-19,2024-01-19,9,1,3.0172713324893765,0.0823819716394337
60min,2024-01-22,2024-01-22,9,1,0.168626082792561,0.6813357489138201
60min,2024-01-23,2024-01-23,9,1,1.237876889610502,0.2658806216230833
60min,2024-01-24,2024-01-24,9,1,2.369730033635187,0.1237084433220485
60min,2024-01-25,2024-01-25,9,1,1.8822384553395737,0.17007995065937243
60min,2024-01-26,2024-01-26,9,1,0.10900678050220353,0.7412777476183434
60min,2024-01-29,2024-01-29,9,1,1.0928443333736242,0.29584185477437697
60min,2024-01-30,2024-01-30,9,1,0.020432781371575143,0.8863349768187893
60min,2024-01-31,2024-01-31,9,1,0.3814472684494673,0.5368296987815689
60min,2024-02-01,2024-02-01,9,1,4.328767104189145,0.03747337955447184
60min,2024-02-02,2024-02-02,9,1,0.3537404313981801,0.5520033615087343
60min,2024-02-05,2024-02-05,9,1,0.1228606014802445,0.7259524102032868
60min,2024-02-07,2024-02-07,9,1,0.2945171555796048,0.5873402662252215
60min,2024-02-08,2024-02-08,9,1,0.020086268259173742,0.887296411615762
60min,2024-02-09,2024-02-09,9,1,0.6674582778575727,0.4139391729979709
60min,2024-02-15,2024-02-15,9,1,0.7569294976734303,0.3842911399119625
60min,2024-02-16,2024-02-16,9,1,1.8317484847089434,0.17592116273253483
60min,2024-02-19,2024-02-19,9,1,0.11746140873776784,0.7318042741916884
60min,2024-02-20,2024-02-20,9,1,0.030196064656902877,0.8620461051462976
60min,2024-02-21,2024-02-21,9,1,5.036981326278213,0.02481168980843577
60min,2024-02-22,2024-02-22,9,1,0.9503451469850887,0.329631458682303
60min,2024-02-23,2024-02-23,9,1,0.01221370230993618,0.9120004626154825
60min,2024-02-26,2024-02-26,9,1,0.3696429827722624,0.5431989374380297
60min,2024-02-27,2024-02-27,9,1,0.07696418760218683,0.7814544004992031
60min,2024-02-28,2024-02-28,9,1,0.19060880498080338,0.6624103967843649
60min,2024-02-29,2024-02-29,9,1,0.00038376757998025233,0.9843704517359091
60min,2024-03-01,2024-03-01,9,1,2.3035125892593133,0.1290817936820167
60min,2024-03-04,2024-03-04,9,1,0.006629961165015561,0.935104307187729
60min,2024-03-05,2024-03-05,9,1,0.000217193714217576,0.9882416071265069
60min,2024-03-06,2024-03-06,9,1,2.5464439853136347,0.1105428063708462
60min,2024-03-07,2024-03-07,9,1,0.44645764264959253,0.5040219814363635
60min,2024-03-11,2024-03-11,9,1,1.7778834057475503,0.18240944694941036
60min,2024-03-12,2024-03-12,9,1,0.7121491727521648,0.39873126060291997
60min,2024-03-13,2024-03-13,9,1,2.5637203304001748,0.10934100280536542
60min,2024-03-14,2024-03-14,9,1,1.529724088252775,0.21615385889538416
60min,2024-03-15,2024-03-15,9,1,0.13648358626731247,0.7118021351365396
60min,2024-03-18,2024-03-18,9,1,3.534657319287455,0.06009875174856403
60min,2024-03-19,2024-03-19,9,1,1.9730536789675428,0.1601241038961615
60min,2024-03-20,2024-03-20,9,1,0.7866579966297681,0.37511259081318094
60min,2024-03-21,2024-03-21,9,1,0.40151239921022547,0.5263092228616887
60min,2024-03-22,2024-03-22,9,1,0.03535528664422801,0.8508531220265507
60min,2024-03-25,2024-03-25,9,1,1.7948261003813923,0.18033925477906143
60min,2024-03-26,2024-03-26,9,1,0.7196697833714816,0.3962522475482124
60min,2024-03-27,2024-03-27,9,1,0.5102628528924483,0.47502509121707137
60min,2024-03-28,2024-03-28,9,1,0.6502210044188328,0.4200336757957981
60min,2024-04-01,2024-04-01,9,1,0.019416185996777854,0.8891799221431388
60min,2024-04-02,2024-04-02,9,1,0.32062814905617965,0.5712303947226212
60min,2024-04-03,2024-04-03,9,1,0.04353235049008182,0.8347260999740709
60min,2024-04-04,2024-04-04,9,1,0.19867651434607708,0.6557912529398542
60min,2024-04-05,2024-04-05,9,1,0.19083740731163643,0.6622205627443778
60min,2024-04-08,2024-04-08,9,1,0.9603341039556382,0.327102714896264
60min,2024-04-09,2024-04-09,9,1,1.4506023343615477,0.22843132746187145
60min,2024-04-10,2024-04-10,9,1,0.23824340966717317,0.6254777053394702
60min,2024-04-11,2024-04-11,9,1,2.5138822259011366,0.1128476240043741
60min,2024-04-12,2024-04-12,9,1,0.3819927598287113,0.5365386699069261
60min,2024-04-15,2024-04-15,9,1,0.1527103307353398,0.6959586088041713
60min,2024-04-17,2024-04-17,9,1,3.289624444196887,0.06971896724545143
60min,2024-04-18,2024-04-18,9,1,1.5286552088197518,0.21631438616435913
60min,2024-04-19,2024-04-19,9,1,1.9252307953531735,0.16528116566592183
60min,2024-04-22,2024-04-22,9,1,1.014203641198122,0.31389787859395196
60min,2024-04-23,2024-04-23,9,1,0.000277737569301149,0.986703501965488
60min,2024-04-24,2024-04-24,9,1,0.03188164787167826,0.8582876594188736
60min,2024-04-25,2024-04-25,9,1,0.012140938044181102,0.9122619246111539
60min,2024-04-26,2024-04-26,9,1,0.7652369168560557,0.3816945955193456
60min,2024-04-29,2024-04-29,9,1,4.703806562142838,0.03009589050265297
60min,2024-04-30,2024-04-30,9,1,2.132704069443278,0.14418620002783317
60min,2024-05-02,2024-05-02,9,1,1.1826269944015058,0.27682183991979115
60min,2024-05-03,2024-05-03,9,1,0.8082780770393401,0.3686298279117147
60min,2024-05-06,2024-05-06,9,1,1.506470587374726,0.2196784343117871
60min,2024-05-07,2024-05-07,9,1,1.0052437711875801,0.31604498680465876
60min,2024-05-08,2024-05-08,9,1,4.411294248067907,0.035701744413788844
60min,2024-05-09,2024-05-09,9,1,0.0028276769448555227,0.9575917529297577
60min,2024-05-10,2024-05-10,9,1,0.01631293240404283,0.8983689075708425
60min,2024-05-13,2024-05-13,9,1,3.732988620857035,0.05334786018745695
60min,2024-05-14,2024-05-14,9,1,0.2578716784677291,0.611586124904819
60min,2024-05-15,2024-05-15,9,1,4.478998518898061,0.034313822477513106
60min,2024-05-16,2024-05-16,9,1,6.17615826254193,0.012948311639155741
60min,2024-05-17,2024-05-17,9,1,0.00702321927825356,0.9332117512586013
60min,2024-05-20,2024-05-20,9,1,1.0177994010994815,0.3130415666764443
60min,2024-05-21,2024-05-21,9,1,0.6505257832977058,0.419924761028874
60min,2024-05-22,2024-05-22,9,1,0.7419136051064484,0.3890485709111092
60min,2024-05-23,2024-05-23,9,1,3.78526738112245e-05,0.995091083975764
60min,2024-05-24,2024-05-24,9,1,2.6281325927911454,0.10498512443751962
60min,2024-05-27,2024-05-27,9,1,1.4835307620008624,0.223222917887947
60min,2024-05-28,2024-05-28,9,1,3.2498232754006877,0.07143115899276078
60min,2024-05-29,2024-05-29,9,1,0.14103349254851263,0.7072557349551554
60min,2024-05-31,2024-05-31,9,1,0.013209083629243397,0.9084999897698002
60min,2024-06-03,2024-06-03,9,1,2.513500265891426,0.11287497233855104
60min,2024-06-04,2024-06-04,9,1,0.1448279765373317,0.7035277555429663
60min,2024-06-05,2024-06-05,9,1,0.0077621351379292885,0.9297948276554616
60min,2024-06-06,2024-06-06,9,1,0.05851339201711884,0.8088612026013831
60min,2024-06-10,2024-06-10,9,1,2.0610285476477985,0.15110814421696073
60min,2024-06-11,2024-06-11,9,1,1.0463635744936397,0.3063460772982291
60min,2024-06-12,2024-06-12,9,1,3.1455332208346998,0.07613511212489234
60min,2024-06-13,2024-06-13,9,1,0.13035184289221013,0.7180675147790023
60min,2024-06-14,2024-06-14,9,1,2.1131074983686555,0.14604249158486365
60min,2024-06-17,2024-06-17,9,1,0.1654726485170227,0.684167157504378
60min,2024-06-18,2024-06-18,9,1,0.14435537957174982,0.703989000702639
60min,2024-06-19,2024-06-19,9,1,1.963218558999156,0.1611695172779627
60min,2024-06-20,2024-06-20,9,1,0.29791608969405536,0.5851918042642384
60min,2024-06-21,2024-06-21,9,1,2.6016573569703305,0.10675202673775626
60min,2024-06-24,2024-06-24,9,1,0.06596265845461959,0.7973084927252324
60min,2024-06-25,2024-06-25,9,1,0.5248093000370808,0.4687973503609454
60min,2024-06-26,2024-06-26,9,1,0.002691358471415246,0.9586256615424851
60min,2024-06-27,2024-06-27,9,1,4.3781657874974345,0.03640215018941605
60min,2024-06-28,2024-06-28,9,1,5.119101192531074,0.023663870279000777
60min,2024-07-01,2024-07-01,9,1,0.008419660076569043,0.926889753650469
60min,2024-07-02,2024-07-02,9,1,1.466265091626118,0.225935903873435
60min,2024-07-03,2024-07-03,9,1,0.07193862287224989,0.7885347813583384
60min,2024-07-04,2024-07-04,9,1,1.7254175358468171,0.18899718012248024
60min,2024-07-05,2024-07-05,9,1,0.24144685034778451,0.6231630707102738
60min,2024-07-08,2024-07-08,9,1,7.335620285231101,0.00676013475429666
60min,2024-07-09,2024-07-09,9,1,0.7902088833879827,0.3740369712286057
60min,2024-07-10,2024-07-10,9,1,1.8970308568274186,0.16841103747271913
60min,2024-07-11,2024-07-11,9,1,0.45454295449023396,0.500185435676624
60min,2024-07-12,2024-07-12,9,1,0.9021418199024992,0.34220805901515
60min,2024-07-15,2024-07-15,9,1,3.7095933201530302,0.05410057100784568
60min,2024-07-16,2024-07-16,9,1,3.59021651935649,0.0581206700907712
60min,2024-07-17,2024-07-17,9,1,0.2166107388753013,0.6416345892523758
60min,2024-07-18,2024-07-18,9,1,0.5261341582465416,0.4682366895801737
60min,2024-07-19,2024-07-19,9,1,4.914604383686384,0.02663056130930174
60min,2024-07-22,2024-07-22,9,1,2.1532671881896155,0.14226686428487154
60min,2024-07-23,2024-07-23,9,1,0.059265240257719,0.8076610495126196
60min,2024-07-24,2024-07-24,9,1,3.7007155123699818,0.05438913970287421
60min,2024-07-25,2024-07-25,9,1,2.0549929016030695,0.1517079616764133
60min,2024-07-26,2024-07-26,9,1,1.9333861202676514e-05,0.9964916900086006
60min,2024-07-29,2024-07-29,9,1,0.08494740885325512,0.770701529503292
60min,2024-07-30,2024-07-30,9,1,0.30580923194064447,0.5802632665675018
60min,2024-07-31,2024-07-31,9,1,5.194997198020852,0.02265199159521855
60min,2024-08-01,2024-08-01,9,1,0.535058564036777,0.46448786375045736
60min,2024-08-02,2024-08-02,9,1,0.04216278808883721,0.8373097806439079
60min,2024-08-05,2024-08-05,9,1,5.760269681730454,0.01639255563342582
60min,2024-08-06,2024-08-06,9,1,0.1702643652092461,0.6798769647803504
60min,2024-08-07,2024-08-07,9,1,0.09728544224774019,0.7551118535555064
60min,2024-08-08,2024-08-08,9,1,2.4462351807172227,0.11780711957879067
60min,2024-08-09,2024-08-09,9,1,4.895617090808147,0.02692494920091066
60min,2024-08-12,2024-08-12,9,1,0.8746904865222687,0.3496600481537093
60min,2024-08-13,2024-08-13,9,1,1.9734803080556922,0.16007893098058718
60min,2024-08-14,2024-08-14,9,1,0.01466096184033382,0.9036257227567135
60min,2024-08-15,2024-08-15,9,1,3.1900947511922655,0.07408571746327836
60min,2024-08-16,2024-08-16,9,1,0.152449691588125,0.6962052516973616
60min,2024-08-19,2024-08-19,9,1,0.0008668433045871052,0.9765119144291214
60min,2024-08-20,2024-08-20,9,1,2.6252112176160702,0.10517850820351042
60min,2024-08-21,2024-08-21,9,1,0.10366473066180595,0.7474753633166602
60min,2024-08-22,2024-08-22,9,1,0.1264787475884239,0.7221113021978729
60min,2024-08-23,2024-08-23,9,1,0.19648689475708578,0.6575715929734253
60min,2024-08-26,2024-08-26,9,1,2.5351416087217564,0.11133689754744928
60min,2024-08-27,2024-08-27,9,1,3.407758892466084,0.06489051857871708
60min,2024-08-28,2024-08-28,9,1,1.6841374587133173,0.1943755875127317
60min,2024-08-29,2024-08-29,9,1,4.6712959108081975,0.0306707760346284
60min,2024-08-30,2024-08-30,9,1,0.13364908531225517,0.7146781450866522
60min,2024-09-02,2024-09-02,9,1,1.6454837606842942,0.1995747317182662
60min,2024-09-03,2024-09-03,9,1,6.970986856954187,0.008284179747110685
60min,2024-09-04,2024-09-04,9,1,1.6294808129670715,0.2017748744491763
60min,2024-09-05,2024-09-05,9,1,2.2719103650385373,0.13173742580190934
60min,2024-09-06,2024-09-06,9,1,0.8702861989951831,0.35087608885480004
60min,2024-09-09,2024-09-09,9,1,3.981522879232852,0.04600195483047716
60min,2024-09-10,2024-09-10,9,1,1.7768284117234856,0.1825392619704247
60min,2024-09-11,2024-09-11,9,1,0.07530496349690036,0.783763797096983
60min,2024-09-12,2024-09-12,9,1,4.353811109930386,0.0369262248336093
60min,2024-09-13,2024-09-13,9,1,2.4648164365804988,0.11642130273802963
60min,2024-09-16,2024-09-16,9,1,0.07763053137044468,0.7805344970838486
60min,2024-09-17,2024-09-17,9,1,0.8560644191960459,0.3548423845988913
60min,2024-09-18,2024-09-18,9,1,0.36566975495465964,0.5453741362895941
60min,2024-09-19,2024-09-19,9,1,0.390575805961986,0.5319968889294207
60min,2024-09-20,2024-09-20,9,1,0.3317841906501122,0.5646103758766279
60min,2024-09-23,2024-09-23,9,1,3.19442054833312,0.07388995137254611
60min,2024-09-24,2024-09-24,9,1,1.6409956612993424,0.2001889141706893
60min,2024-09-25,2024-09-25,9,1,0.03200728787212861,0.8580116628217627
60min,2024-09-26,2024-09-26,9,1,2.3219229052933823,0.1275622491418043
60min,2024-09-27,2024-09-27,9,1,0.2918521026906122,0.5890360967122499
60min,2024-09-30,2024-09-30,9,1,3.6648983033614044,0.05557003450905233
60min,2024-10-01,2024-10-01,9,1,1.0540916409657606,0.3045666236015082
60min,2024-10-02,2024-10-02,9,1,0.2437906637134843,0.6214816034786291
60min,2024-10-03,2024-10-03,9,1,1.810037027153415,0.17850378819194002
60min,2024-10-04,2024-10-04,9,1,3.5885638556273474,0.05817850074057333
60min,2024-10-07,2024-10-07,9,1,0.0018351807432134928,0.9658298673572447
60min,2024-10-08,2024-10-08,9,1,3.2656126002861923,0.07074659419261858
60min,2024-10-09,2024-10-09,9,1,0.07868912226072709,0.7790817940028525
60min,2024-10-10,2024-10-10,9,1,0.09023059863490311,0.7638842016850554
60min,2024-10-11,2024-10-11,9,1,0.000909082049605326,0.9759466370179213
60min,2024-10-14,2024-10-14,9,1,0.754368066469408,0.3850967891197896
60min,2024-10-15,2024-10-15,9,1,6.81245418012351,0.00905242661909859
60min,2024-10-16,2024-10-16,9,1,0.0010929454248893283,0.9736269598802286
60min,2024-10-17,2024-10-17,9,1,1.8578880496051426,0.17286874761934617
60min,2024-10-18,2024-10-18,9,1,1.579759298719788,0.2087953679752843
60min,2024-10-21,2024-10-21,9,1,0.618734940464214,0.43151777876340225
60min,2024-10-22,2024-10-22,9,1,0.279249507764663,0.5971935382683136
60min,2024-10-23,2024-10-23,9,1,8.517711785457397,0.0035170643631198444
60min,2024-10-24,2024-10-24,9,1,1.0579882956826532,0.30367445685713246
60min,2024-10-25,2024-10-25,9,1,6.898366698111443,0.008627453379596096
60min,2024-10-28,2024-10-28,9,1,0.07729507279197272,0.7809970717043011
60min,2024-10-29,2024-10-29,9,1,3.439619481929262,0.0636503506502912
60min,2024-10-30,2024-10-30,9,1,0.028658079204563057,0.8655709221913921
60min,2024-10-31,2024-10-31,9,1,6.360513313577349,0.011668778041347784
60min,2024-11-01,2024-11-01,9,1,1.5708220117142988,0.21008767784068047
60min,2024-11-04,2024-11-04,9,1,1.9198413941602963,0.165874146006239
60min,2024-11-05,2024-11-05,9,1,0.09116627395280123,0.7626996828797065
60min,2024-11-06,2024-11-06,9,1,6.461420041649353,0.011024151031225105
60min,2024-11-07,2024-11-07,9,1,0.6700123456383013,0.4130473028164352
60min,2024-11-08,2024-11-08,9,1,0.2721335590145019,0.6019041405750125
60min,2024-11-11,2024-11-11,9,1,1.8118402037509524,0.17828763772210526
60min,2024-11-12,2024-11-12,9,1,4.646579394979291,0.031115492021265602
60min,2024-11-13,2024-11-13,9,1,0.7578716994702404,0.3839953905902388
60min,2024-11-14,2024-11-14,9,1,0.9076565736918085,0.340736964168752
60min,2024-11-18,2024-11-18,9,1,2.7841476902085485,0.09520133021240217
60min,2024-11-19,2024-11-19,9,1,3.6530257508990926,0.05596744820695917
60min,2024-11-21,2024-11-21,9,1,0.1622896229134561,0.6870572058251583
60min,2024-11-22,2024-11-22,9,1,0.8098066677392457,0.36817741560415307
60min,2024-11-25,2024-11-25,9,1,0.27833077766195796,0.5977973770100866
60min,2024-11-26,2024-11-26,9,1,0.9044019193257793,0.3416041305044809
60min,2024-11-27,2024-11-27,9,1,0.6363541351870929,0.42503410941434006
60min,2024-11-28,2024-11-28,9,1,0.5414381668048438,0.46183731393334493
60min,2024-11-29,2024-11-29,9,1,0.052061596812090036,0.8195140012302191
60min,2024-12-02,2024-12-02,9,1,1.5198332870835047,0.2176447236228142
60min,2024-12-03,2024-12-03,9,1,5.021827391581763,0.02502974051351295
60min,2024-12-04,2024-12-04,9,1,0.021220053855601145,0.8841810788773437
60min,2024-12-05,2024-12-05,9,1,2.2162256814795946,0.13656656273732595
60min,2024-12-06,2024-12-06,9,1,0.059079307283979775,0.807957094965971
60min,2024-12-09,2024-12-09,9,1,0.7180641323528013,0.39677964387326037
60min,2024-12-10,2024-12-10,9,1,0.5889733086857387,0.44281640871115624
60min,2024-12-11,2024-12-11,9,1,0.886559948823944,0.34641123476348024
60min,2024-12-12,2024-12-12,9,1,2.2837286945371846,0.130737228152606
60min,2024-12-13,2024-12-13,9,1,0.3128174838651855,0.5759563890897847
60min,2024-12-16,2024-12-16,9,1,2.3847919773230633,0.12252120086714649
60min,2024-12-17,2024-12-17,9,1,0.28182909119354854,0.5955048641488533
60min,2024-12-18,2024-12-18,9,1,1.2126296727146373,0.2708119466003527
60min,2024-12-19,2024-12-19,9,1,5.781955277417161,0.01619151976192142
60min,2024-12-20,2024-12-20,9,1,0.5591105539320882,0.4546188360176464
60min,2024-12-23,2024-12-23,9,1,1.5748846988943834,0.20949905267380287
60min,2024-12-26,2024-12-26,9,1,1.1798175096260566,0.27739315009488513
60min,2024-12-27,2024-12-27,9,1,4.673221172361459,0.030636414832784245
60min,2024-12-30,2024-12-30,9,1,0.08393109291556357,0.772039150099382
1d,2024-01-02,2024-02-05,25,5,8.955044251321553,0.11087078281997415
1d,2024-02-15,2024-03-07,16,3,2.235550669382416,0.5249799847740533
1d,2024-03-11,2024-04-15,25,5,2.1678247971132127,0.8254696609320953
1d,2024-04-17,2024-06-06,35,7,3.762008497810392,0.8067450135510942
1d,2024-06-12,2024-08-13,45,9,10.785562311890727,0.29069447177874974
1d,2024-08-14,2024-10-15,45,9,1.7568818535125363,0.9947550375901624
1d,2024-10-16,2024-12-17,43,8,9.314795374384227,0.316440106155247
1d,2024-12-18,2024-12-30,7,1,0.0926124477124901,0.7608818749920988
