clock,mean_return,median_absolute_return,mean_absolute_return,mean_volume,observations
09:15,0.014675224343873559,0.051017405890441125,0.06993526653048393,178631.10040160644,249
09:20,-0.004477729268714056,0.04940914993252221,0.06234524633115986,176773.48192771085,249
09:25,-0.009212087168128926,0.049611694111995064,0.05986823643990291,159266.17269076305,249
09:30,0.005534462728113022,0.038218995305605574,0.05110989472563263,145065.9236947791,249
09:35,-0.0064214778253506005,0.0482526965916108,0.08484068721594759,209475.1485943775,249
09:40,-0.006000748059607368,0.039821167286469006,0.054202354267773735,159417.61445783134,249
09:45,0.0005625703305653072,0.042101234953406674,0.05543081487786309,156565.39759036145,249
09:50,-0.0017172494166517315,0.04477612015101329,0.05090757080865433,155367.03212851405,249
09:55,0.002500865786327652,0.04203527203312518,0.05268825052679567,157336.0843373494,249
10:00,-0.002273646110974209,0.04697776472237791,0.05418961837588885,154628.70682730924,249
10:05,-0.0024159529826972737,0.06011647748209725,0.07827029146272305,262741.0281124498,249
10:10,0.009336159841204077,0.05861879632949041,0.07968965539824355,263934.6586345382,249
10:15,-0.005089505439229582,0.07017399309656724,0.07889618876895813,276869.2048192771,249
10:20,-0.002707216748905222,0.07264246845029021,0.09127741840686569,299390.3333333333,249
10:25,-0.011355912066722724,0.07582651258069006,0.08674815230323954,266141.0562248996,249
10:30,-0.0012689912474438399,0.062003489682638246,0.07576586528430072,242152.6706827309,249
10:35,0.004069588913221209,0.08642363831441457,0.10677806965553245,364313.9718875502,249
10:40,0.0043799697234604825,0.06596946241295143,0.08640720087172014,295590.1044176707,249
10:45,0.00142916596665158,0.06754743477248581,0.08342657998279544,267293.2610441767,249
10:50,-0.006288550755237655,0.06091757279573784,0.07511525407018411,260600.07228915664,249
10:55,0.003093132134891356,0.05308831160935057,0.0710588303186994,236520.51004016065,249
11:00,-0.009754939986415538,0.05271802064559239,0.06340187225411839,207224.36144578314,249
11:05,-0.00028623036569496026,0.05459409427519546,0.07479574868465903,261496.8232931727,249
11:10,0.0006258413559099454,0.057975217219308206,0.06953159268744862,220294.88353413655,249
11:15,-0.01007826647781409,0.057639262166375715,0.06705315031611726,213576.41365461846,249
11:20,-0.000598175507027455,0.05792512374522829,0.0708176701486129,202735.2168674699,249
11:25,-0.002980583415395909,0.04862433743841876,0.06114582581850053,197048.9236947791,249
11:30,-0.008587447691927099,0.055544536242635445,0.0694991452240237,195525.94779116465,249
11:35,-0.004179707284348229,0.05916109738901554,0.07272933555295466,246385.85542168675,249
11:40,0.002856749381663404,0.05451869217480976,0.0657738116519183,211337.89959839356,249
11:45,-0.0029251530592871396,0.05070626693211011,0.06278877513361715,196151.3935742972,249
11:50,0.0067844902141034205,0.049361153775073774,0.056835915348135944,185395.09638554216,249
11:55,-0.0008683977933452159,0.05114385303368607,0.062122533645201226,184569.70682730924,249
12:00,-0.005426114308271937,0.042339447525385765,0.054498629521176206,157876.27710843374,249
12:05,-0.004510755478445716,0.0537077543887321,0.0698776615090802,188114.2690763052,249
12:10,0.00020880670031228632,0.042618314897069354,0.05160861834456448,164969.95983935744,249
12:15,-0.0006195104133706125,0.03584158059926068,0.050099900769923815,152167.86345381525,249
12:20,-0.0009085299151366259,0.0336971379342188,0.04730183201801798,144534.04016064256,249
12:25,-0.00046087794548514986,0.03778718303735218,0.04852117243494262,137128.8032128514,249
12:30,-0.0009803095124394634,0.037297196926466825,0.04549847910165152,125079.59437751005,249
12:35,-0.0006291808941565977,0.0368557918953627,0.04568792547805092,134467.17269076305,249
12:40,0.009061752083737357,0.04070380636775894,0.04914882895637835,125452.92771084337,249
12:45,-0.0009700097725797148,0.03292858642645058,0.04399159803881488,119841.75100401607,249
12:50,-0.00461877843551717,0.03453104951152142,0.042860243162828056,114703.61044176707,249
12:55,-0.0008131821802714031,0.03274796377876754,0.04081803739689699,110206.79919678715,249
13:00,0.0013898545090842973,0.03220093410529756,0.03992684883526588,104960.57429718875,249
13:05,-0.009033895841197756,0.039218762758430614,0.0451430329387047,124019.51807228915,249
13:10,-0.004451639487301583,0.032140131247793136,0.041658409329030976,108798.46184738955,249
13:15,0.004482853529674634,0.031209768910933633,0.03925364036068233,108906.38554216867,249
13:20,0.0012581647637036277,0.03130135403903722,0.03860879510431464,102003.67469879518,249
13:25,0.002333654266714892,0.03425635203342381,0.03851513682174511,104993.421686747,249
13:30,0.00015270007400294637,0.03189156893679268,0.04014656080258262,101527.61445783133,249
13:35,-0.0030080292222404393,0.03482635229161701,0.04198014843029408,111319.29718875502,249
13:40,0.00322954317245993,0.03508566786472045,0.04260326587775351,106701.55823293173,249
13:45,-0.00017862132837927308,0.0344359208316547,0.039986375075642545,105718.10040160643,249
13:50,-0.0010771809725235104,0.031560675660280424,0.04318226918880059,104992.83534136545,249
13:55,0.005493493784067461,0.034158838931652724,0.04811779948129477,116485.30120481928,249
14:00,-0.0010347802591260538,0.030156815668824777,0.042445166446944904,108112.58634538153,249
14:05,-0.00031294287786221323,0.03660590127996244,0.04437341784689261,127617.28514056225,249
14:10,-0.0009844295923297508,0.03139101458007332,0.042527290230359796,111521.39759036145,249
14:15,0.0007220621947667727,0.034222484506152284,0.04231525777210348,114956.15261044177,249
14:20,-0.0028411725739114885,0.03782720577714116,0.04686390498449642,114916.1686746988,249
14:25,0.0050673979719146915,0.0380503029589363,0.0472895692232644,119411.61847389558,249
14:30,0.0009243885399150169,0.03525471568330829,0.04347177512027044,112997.07228915663,249
14:35,0.0009663275663368085,0.03517342488628117,0.04243397448787455,119174.26907630522,249
14:40,0.0006107380089666521,0.031313606017491225,0.041301543514467895,114299.6546184739,249
14:45,0.0032088616705384615,0.03452707532431987,0.040954924630012636,113660.07630522088,249
14:50,-0.0028718031710345507,0.02752925000173434,0.03758672032784118,110588.39759036145,249
14:55,0.0009463784345866307,0.036279205157718764,0.04507016101539426,114136.08835341365,249
15:00,0.0026357237585822113,0.03400011366121447,0.04100079065670477,112258.6546184739,249
15:05,-0.0031973411398607014,0.034729591890503286,0.04832001721804471,132605.297188755,249
15:10,0.003950342571930081,0.033108471932585815,0.0438267497183892,118088.67068273092,249
15:15,-0.0031696090565813953,0.035257477888706035,0.04266867923390175,115345.38955823293,249
15:20,0.002850626650559134,0.03157437765501925,0.042532966853723576,111148.1124497992,249
15:25,0.003229565774120232,0.03661438986419796,0.04364120976134914,114111.92369477912,249
15:30,0.0034750820671471823,0.031029400605930846,0.038787694440237545,106380.78714859438,249
15:35,-0.0009771496058662025,0.0311235607865612,0.04073973208785128,115940.15662650602,249
15:40,0.004281982504349275,0.02726334460234625,0.039259292151084015,110514.20080321285,249
15:45,-0.006403113970949173,0.033869602355984796,0.04456555907877509,111587.97590361445,249
15:50,0.000384464093390351,0.027310145888925774,0.03873326735806428,106762.81124497992,249
15:55,0.00010657666917843612,0.03076331498981233,0.0392736854878205,107098.70682730923,249
16:00,-0.0024205680689695407,0.030776333242776843,0.03798337733526346,99739.84738955823,249
16:05,-0.006491485350399576,0.03172588859090553,0.040576772891253075,114763.84738955823,249
16:10,-0.003463003541196588,0.029982760137770015,0.0358764035641725,99837.22891566265,249
16:15,0.0007780754129589946,0.03074439899695136,0.041124115998661205,103158.81526104418,249
16:20,0.002537939623088218,0.023390901046305146,0.034512746955608985,102545.06827309237,249
16:25,0.00943367802958296,0.030633735640783755,0.03814809039186865,96688.27309236948,249
16:30,0.004080678556389093,0.024681201277054754,0.033959467368863114,90578.56626506025,249
16:35,0.00010214885299387035,0.03119394862682867,0.044103801344568636,102270.859437751,249
16:40,0.001012560204004705,0.027341080143017393,0.04074327929384368,99118.47791164658,249
16:45,0.0027442584475674474,0.02881785079953403,0.03828260807224536,96893.35742971888,249
16:50,0.004012532471225526,0.026957811189021186,0.037498655704019085,97503.51807228915,249
16:55,0.0036285992258525703,0.027258036421962117,0.03904432883127907,108176.06024096385,249
17:00,-0.004991763760838482,0.030756218765404242,0.03832022257526075,103292.02409638555,249
17:05,-0.012647876949582196,0.03498066382316978,0.042703528897959815,111531.29718875502,249
17:10,-0.009134314137669268,0.027087162785477403,0.033704408918815,81615.18875502008,249
17:15,-0.0017614450647603593,0.02709974658969827,0.033469223259082866,73930.5702811245,249
17:20,0.007216128655964535,0.025398668520715262,0.03425548785172733,67082.53413654618,249
17:25,0.0012255778421772438,0.020174713083243034,0.03232077390055721,62228.83534136546,249
17:30,-0.005165630343706919,0.027350694682759524,0.03530150303684889,61804.97991967871,249
17:35,-0.0020606696081944863,0.02334812058233382,0.0340666636208887,65181.895582329314,249
17:40,0.0012436080707373945,0.019387735379439164,0.029915425201631773,52438.02409638554,249
17:45,-0.002588131727626686,0.01947761054843511,0.028622037325609105,55543.726907630524,249
17:50,0.004194945059569403,0.019405794631133233,0.030192992595787504,52660.180722891564,249
17:55,0.009582340057807028,0.022850179092515077,0.03064592705024786,50134.305220883536,249
18:00,-0.0005800122368135731,0.019855846619165618,0.03170425709381148,47498.32128514056,249
18:05,-0.004490820521541574,0.019857423763092186,0.030872571198034604,36206.787148594376,249
18:10,-0.0002774930515766971,0.01960438360306682,0.02767675265365974,32129.95983935743,249
18:15,-0.00037198559576987156,0.026325191479692478,0.03358979397940614,36166.28112449799,249
18:20,0.002710375094680049,0.026234423461701795,0.03628486303584943,36462.79518072289,249
18:25,0.005221141284999195,0.030365141051547084,0.04187081669617301,22502.93172690763,249
