scale,evaluation,horizon_bars,horizon_minutes,model,group_type,group,n,mse,mae,rmse,mse_ratio_vs_zero,mse_gain_vs_zero,n_candidate_origins_all,n_dropped_nonfinite_all
1min,native,1,1.0,ARMA_BIC,all,all,119340,0.0013093124075965,0.0245017581687492,0.0361844221675093,1.0005240805097897,-0.0005240805097896,119340,0
1min,native,1,1.0,ARMA_BIC,time_band,fim,13260,0.0005725755729708,0.0144031677567006,0.0239285514181467,1.0015555326800154,-0.0015555326800154,119340,0
1min,native,1,1.0,ARMA_BIC,time_band,inicio,13260,0.0020678958848237,0.0330981434127643,0.0454741232441458,1.0003452887630635,-0.0003452887630637,119340,0
1min,native,1,1.0,ARMA_BIC,time_band,meio,92820,0.0013061914586534,0.0247163589070397,0.0361412708500055,1.000499999375163,-0.0004999993751633,119340,0
1min,native,1,1.0,ARMA_BIC,gap_group,high,52380,0.0014562555684395,0.0256391004587912,0.038160916766236,1.0003394269881605,-0.0003394269881604,119340,0
1min,native,1,1.0,ARMA_BIC,gap_group,low,61560,0.0011738188531019,0.0233483888757755,0.0342610398718715,1.0007650572535496,-0.0007650572535495,119340,0
1min,native,1,1.0,AR_BIC,all,all,119340,0.0013086514808808,0.024482108162689,0.0361752882625808,1.000019026795565,-1.9026795565313392e-05,119340,0
1min,native,1,1.0,AR_BIC,time_band,fim,13260,0.0005718111597222,0.0143832786768533,0.0239125732559731,1.0002184125607825,-0.0002184125607822,119340,0
1min,native,1,1.0,AR_BIC,time_band,inicio,13260,0.0020668618786753,0.0330777265868614,0.0454627526517628,0.9998450879615172,0.0001549120384827,119340,0
1min,native,1,1.0,AR_BIC,time_band,meio,92820,0.0013055986127899,0.0246968526000694,0.0361330681341891,1.0000458988050391,-4.5898805039135127e-05,119340,0
1min,native,1,1.0,AR_BIC,gap_group,high,52380,0.0014559591952167,0.0256240837758967,0.0381570333649876,1.0001358405941845,-0.0001358405941844,119340,0
1min,native,1,1.0,AR_BIC,gap_group,low,61560,0.0011727969715779,0.0233233786857051,0.0342461234532896,0.999893829704949,0.000106170295051,119340,0
1min,native,1,1.0,MA_BIC,all,all,119340,0.0013086508302965,0.024482068802703,0.0361752792704704,1.0000185296451205,-1.852964512027988e-05,119340,0
1min,native,1,1.0,MA_BIC,time_band,fim,13260,0.000571810818373,0.0143832342540084,0.0239125661185295,1.0002178154689183,-0.0002178154689185,119340,0
1min,native,1,1.0,MA_BIC,time_band,inicio,13260,0.0020668617726009,0.0330776885058624,0.0454627514851544,0.9998450366479636,0.0001549633520363,119340,0
1min,native,1,1.0,MA_BIC,time_band,meio,92820,0.0013055978402421,0.0246968137806367,0.0361330574438714,1.0000453070586228,-4.530705862282325e-05,119340,0
1min,native,1,1.0,MA_BIC,gap_group,high,52380,0.0014559582430298,0.0256240158658772,0.0381570208877719,1.0001351865124897,-0.0001351865124896,119340,0
1min,native,1,1.0,MA_BIC,gap_group,low,61560,0.0011727962246055,0.0233233590919788,0.0342461125473475,0.9998931928572506,0.0001068071427493,119340,0
1min,native,1,1.0,AR_MA_50_50,all,all,119340,0.0013086511535464,0.0244820883974047,0.0361752837382987,1.000018776659735,-1.87766597350425e-05,119340,0
1min,native,1,1.0,AR_MA_50_50,time_band,fim,13260,0.0005718109881454,0.0143832563932688,0.0239125696683873,1.0002181124367395,-0.0002181124367397,119340,0
1min,native,1,1.0,AR_MA_50_50,time_band,inicio,13260,0.002066861822557,0.0330777074371137,0.0454627520345732,0.9998450608142846,0.0001549391857154,119340,0
1min,native,1,1.0,AR_MA_50_50,time_band,meio,92820,0.0013055982244593,0.0246968331066086,0.0361330627605703,1.00004560135645,-4.560135645004237e-05,119340,0
1min,native,1,1.0,AR_MA_50_50,gap_group,high,52380,0.0014559587168352,0.025624049653031,0.0381570270963983,1.000135511981621,-0.0001355119816213,119340,0
1min,native,1,1.0,AR_MA_50_50,gap_group,low,61560,0.001172796596277,0.0233233688663214,0.0342461179738233,0.9998935097338932,0.0001064902661066,119340,0
1min,native,1,1.0,ZERO,all,all,119340,0.0013086265819103,0.0244794318921029,0.0361749441175846,1.0,0.0,119340,0
1min,native,1,1.0,ZERO,time_band,fim,13260,0.0005716862962543,0.0143747394677939,0.0239099622804878,1.0,0.0,119340,0
1min,native,1,1.0,ZERO,time_band,inicio,13260,0.0020671821100699,0.033078404046814,0.045466274424786,1.0,0.0,119340,0
1min,native,1,1.0,ZERO,time_band,meio,92820,0.0013055386901241,0.0246945347877597,0.0361322389304087,1.0,0.0,119340,0
1min,native,1,1.0,ZERO,gap_group,high,52380,0.0014557614437172,0.0256223457435176,0.0381544419919525,1.0,0.0,119340,0
1min,native,1,1.0,ZERO,gap_group,low,61560,0.0011729215009997,0.0233199837285206,0.0342479415585782,1.0,0.0,119340,0
1min,native,1,1.0,TRAIN_MEAN,all,all,119340,0.0013086697908831,0.0244872217358967,0.0361755413350392,1.0000330185656934,-3.30185656933768e-05,119340,0
1min,native,1,1.0,TRAIN_MEAN,time_band,fim,13260,0.0005717131137907,0.0143893838010427,0.0239105230764778,1.0000469095316844,-4.6909531684402594e-05,119340,0
1min,native,1,1.0,TRAIN_MEAN,time_band,inicio,13260,0.0020672110991982,0.0330843723033833,0.045466593221818,1.000014023499995,-1.4023499995019506e-05,119340,0
1min,native,1,1.0,TRAIN_MEAN,time_band,meio,92820,0.001305586272137,0.0247016056455206,0.0361328973670396,1.0000364462679163,-3.64462679165456e-05,119340,0
1min,native,1,1.0,TRAIN_MEAN,gap_group,high,52380,0.0014558030307688,0.0256296202762585,0.0381549869711527,1.000028567215968,-2.856721596788958e-05,119340,0
1min,native,1,1.0,TRAIN_MEAN,gap_group,low,61560,0.0011729832628497,0.0233283557405319,0.0342488432337465,1.0000526564223642,-5.265642236418344e-05,119340,0
1min,common_60min,60,60.0,ARMA_BIC,all,all,1989,0.0767557531206328,0.1936674310354485,0.2770482866228066,1.001940349524323,-0.001940349524323,1989,0
1min,common_60min,60,60.0,ARMA_BIC,time_band,fim,221,0.0272768478561817,0.1117191365260161,0.1651570399837129,1.0043566582505867,-0.0043566582505867,1989,0
1min,common_60min,60,60.0,ARMA_BIC,time_band,inicio,221,0.1217339823306725,0.2580791383559513,0.3489039729362113,1.0009929131442443,-0.0009929131442445,1989,0
1min,common_60min,60,60.0,ARMA_BIC,time_band,meio,1547,0.0773987068426916,0.1961726577767242,0.2782062307761845,1.0020320789977089,-0.0020320789977088,1989,0
1min,common_60min,60,60.0,ARMA_BIC,gap_group,high,873,0.0791536195907073,0.1974959621094462,0.2813425307178198,1.0021126448104014,-0.0021126448104014,1989,0
1min,common_60min,60,60.0,ARMA_BIC,gap_group,low,1026,0.0708314345131093,0.1853995841454547,0.2661417564252354,1.002747652548563,-0.002747652548563,1989,0
1min,common_60min,60,60.0,AR_BIC,all,all,1989,0.0767681380132901,0.1936661955005694,0.2770706372268453,1.002102017193173,-0.0021020171931729,1989,0
1min,common_60min,60,60.0,AR_BIC,time_band,fim,221,0.0272568891537457,0.1116342983529304,0.165096605518544,1.0036217619096557,-0.0036217619096556,1989,0
1min,common_60min,60,60.0,AR_BIC,time_band,inicio,221,0.121713247796823,0.2580565739166502,0.3488742578592222,1.0008224174367744,-0.0008224174367743,1989,0
1min,common_60min,60,60.0,AR_BIC,time_band,meio,1547,0.0774204435955774,0.1961864124622206,0.2782452939324894,1.0023134909821374,-0.0023134909821374,1989,0
1min,common_60min,60,60.0,AR_BIC,gap_group,high,873,0.0791473234086907,0.1974418493037663,0.2813313409641569,1.0020329329330984,-0.0020329329330983,1989,0
1min,common_60min,60,60.0,AR_BIC,gap_group,low,1026,0.0708637405624113,0.1854440697845728,0.2662024428182645,1.0032050033748363,-0.0032050033748365,1989,0
1min,common_60min,60,60.0,MA_BIC,all,all,1989,0.0767682352557159,0.1936662410298479,0.2770708127098845,1.00210328655874,-0.00210328655874,1989,0
1min,common_60min,60,60.0,MA_BIC,time_band,fim,221,0.0272569178244069,0.11163434401983,0.1650966923484748,1.0036228175877029,-0.0036228175877028,1989,0
1min,common_60min,60,60.0,MA_BIC,time_band,inicio,221,0.1217131924822867,0.2580564912222226,0.3488741785834639,1.0008219625969847,-0.0008219625969847,1989,0
1min,common_60min,60,60.0,MA_BIC,time_band,meio,1547,0.0774205724278213,0.1961864762895112,0.27824552544079,1.0023151588916732,-0.0023151588916732,1989,0
1min,common_60min,60,60.0,MA_BIC,gap_group,high,873,0.0791474664712774,0.1974417373799085,0.2813315952239944,1.0020347441557294,-0.0020347441557293,1989,0
1min,common_60min,60,60.0,MA_BIC,gap_group,low,1026,0.0708638543262358,0.1854443164088591,0.2662026564973307,1.0032066139084748,-0.0032066139084747,1989,0
1min,common_60min,60,60.0,AR_MA_50_50,all,all,1989,0.0767681866296577,0.1936662182652087,0.277070724959635,1.0021026518127083,-0.0021026518127083,1989,0
1min,common_60min,60,60.0,AR_MA_50_50,time_band,fim,221,0.0272569034872774,0.1116343211863802,0.1650966489280671,1.0036222896824427,-0.0036222896824427,1989,0
1min,common_60min,60,60.0,AR_MA_50_50,time_band,inicio,221,0.1217132201376196,0.2580565325694364,0.3488742182185717,1.0008221900009664,-0.0008221900009663,1989,0
1min,common_60min,60,60.0,AR_MA_50_50,time_band,meio,1547,0.0774205080060032,0.1961864443758659,0.2782454096764279,1.0023143248631607,-0.0023143248631607,1989,0
1min,common_60min,60,60.0,AR_MA_50_50,gap_group,high,873,0.0791473949342033,0.1974417933418374,0.2813314680838305,1.002033838471228,-0.0020338384712279,1989,0
1min,common_60min,60,60.0,AR_MA_50_50,gap_group,low,1026,0.070863797440464,0.1854441930967159,0.2662025496505696,1.003205808587016,-0.0032058085870159,1989,0
1min,common_60min,60,60.0,ZERO,all,all,1989,0.0766071085539903,0.1934954949673027,0.2767798918888262,1.0,0.0,1989,0
1min,common_60min,60,60.0,ZERO,time_band,fim,221,0.0271585274335645,0.1103011837327585,0.1647984448760501,1.0,0.0,1989,0
1min,common_60min,60,60.0,ZERO,time_band,inicio,221,0.121613230955143,0.2576515149693156,0.3487308861502564,1.0,0.0,1989,0
1min,common_60min,60,60.0,ZERO,time_band,meio,1547,0.0772417455138865,0.1962152508576643,0.2779239923322319,1.0,0.0,1989,0
1min,common_60min,60,60.0,ZERO,gap_group,high,873,0.0789867486460897,0.1974114229015643,0.2810458123617744,1.0,0.0,1989,0
1min,common_60min,60,60.0,ZERO,gap_group,low,1026,0.0706373476248841,0.1850626527180895,0.2657768756398572,1.0,0.0,1989,0
1min,common_60min,60,60.0,TRAIN_MEAN,all,all,1989,0.0767626608559369,0.1936612038688886,0.2770607530054318,1.0020305204684357,-0.0020305204684356,1989,0
1min,common_60min,60,60.0,TRAIN_MEAN,time_band,fim,221,0.0272550705647043,0.1116315358298609,0.1650910977754535,1.0035547999196934,-0.0035547999196934,1989,0
1min,common_60min,60,60.0,TRAIN_MEAN,time_band,inicio,221,0.12171759181706,0.2580557052687449,0.3488804835714661,1.0008581374008183,-0.0008581374008183,1989,0
1min,common_60min,60,60.0,TRAIN_MEAN,time_band,meio,1547,0.0774130407602382,0.1961805133887702,0.2782319909001088,1.002217651157572,-0.0022176511575719,1989,0
1min,common_60min,60,60.0,TRAIN_MEAN,gap_group,high,873,0.0791364620317077,0.1974405877843342,0.2813120367700389,1.0018954240829534,-0.0018954240829534,1989,0
1min,common_60min,60,60.0,TRAIN_MEAN,gap_group,low,1026,0.0708596902847278,0.1854304996873635,0.2661948351954407,1.0031476643350823,-0.0031476643350825,1989,0
5min,native,1,5.0,ARMA_BIC,all,all,23868,0.0065576717017443,0.0554582997293271,0.080979452342828,1.0001647539461311,-0.0001647539461311,23868,0
5min,native,1,5.0,ARMA_BIC,time_band,fim,2652,0.0029509038696831,0.033139188260137,0.0543222226136153,1.0002272492757984,-0.0002272492757984,23868,0
5min,native,1,5.0,ARMA_BIC,time_band,inicio,2652,0.010737356715422,0.077265859927803,0.1036212174963314,1.0000675005167932,-6.750051679316194e-05,23868,0
5min,native,1,5.0,ARMA_BIC,time_band,meio,18564,0.0064758263900848,0.0555313784822863,0.0804725194714621,1.0001837246399028,-0.0001837246399027,23868,0
5min,native,1,5.0,ARMA_BIC,gap_group,high,10476,0.0073212334327636,0.0578065409871365,0.0855642064929236,1.0001420285205012,-0.0001420285205011,23868,0
5min,native,1,5.0,ARMA_BIC,gap_group,low,12312,0.0058298623213883,0.0527436360810794,0.0763535350942463,1.0002649214020278,-0.0002649214020278,23868,0
5min,native,1,5.0,AR_BIC,all,all,23868,0.0065582366981331,0.0554639923079856,0.0809829407846689,1.000250926218841,-0.000250926218841,23868,0
5min,native,1,5.0,AR_BIC,time_band,fim,2652,0.0029519720993182,0.0331468338903676,0.0543320540686462,1.0005893323651531,-0.0005893323651533,23868,0
5min,native,1,5.0,AR_BIC,time_band,inicio,2652,0.0107379014857786,0.0772671267355658,0.1036238461251978,1.0001182399253252,-0.0001182399253252,23868,0
5min,native,1,5.0,AR_BIC,time_band,meio,18564,0.0064763223854431,0.0555374243065624,0.0804756011809983,1.000260330536192,-0.0002603305361921,23868,0
5min,native,1,5.0,AR_BIC,gap_group,high,10476,0.0073220903115566,0.0578148789215786,0.085569213573321,1.000259085366462,-0.0002590853664621,23868,0
5min,native,1,5.0,AR_BIC,gap_group,low,12312,0.0058303665582846,0.0527476864109094,0.0763568370107394,1.0003514363918609,-0.0003514363918608,23868,0
5min,native,1,5.0,MA_BIC,all,all,23868,0.0065582508648263,0.0554641314151505,0.0809830282517663,1.000253086898402,-0.000253086898402,23868,0
5min,native,1,5.0,MA_BIC,time_band,fim,2652,0.0029519965883713,0.0331470081407414,0.0543322794328685,1.0005976330822273,-0.0005976330822272,23868,0
5min,native,1,5.0,MA_BIC,time_band,inicio,2652,0.010737921736487,0.0772671811476961,0.1036239438377399,1.0001201260576262,-0.0001201260576262,23868,0
5min,native,1,5.0,MA_BIC,time_band,meio,18564,0.0064763342083684,0.0555375704925595,0.0804756746375477,1.0002621565730228,-0.0002621565730227,23868,0
5min,native,1,5.0,MA_BIC,gap_group,high,10476,0.0073221095562494,0.0578150795968544,0.0855693260242797,1.0002617143532742,-0.0002617143532741,23868,0
5min,native,1,5.0,MA_BIC,gap_group,low,12312,0.0058303812794565,0.0527477894957554,0.0763569334078876,1.0003539621928328,-0.0003539621928327,23868,0
5min,native,1,5.0,AR_MA_50_50,all,all,23868,0.0065582437755653,0.055464061861568,0.0809829844817125,1.000252005656554,-0.000252005656554,23868,0
5min,native,1,5.0,AR_MA_50_50,time_band,fim,2652,0.0029519843409909,0.0331469210155545,0.0543321667246112,1.0005934817563595,-0.0005934817563595,23868,0
5min,native,1,5.0,AR_MA_50_50,time_band,inicio,2652,0.0107379116025522,0.0772671539416309,0.1036238949400774,1.0001191821922806,-0.0001191821922805,23868,0
5min,native,1,5.0,AR_MA_50_50,time_band,meio,18564,0.0064763282909349,0.055537497399561,0.0804756378721842,1.0002612426324184,-0.0002612426324184,23868,0
5min,native,1,5.0,AR_MA_50_50,gap_group,high,10476,0.0073220999272825,0.0578149792592165,0.0855692697601337,1.0002603989554482,-0.0002603989554481,23868,0
5min,native,1,5.0,AR_MA_50_50,gap_group,low,12312,0.005830373913621,0.0527477379533324,0.0763568851749533,1.0003526983916406,-0.0003526983916406,23868,0
5min,native,1,5.0,ZERO,all,all,23868,0.0065565914774252,0.0554345576935918,0.080972782324836,1.0,0.0,23868,0
5min,native,1,5.0,ZERO,time_band,fim,2652,0.0029502334312724,0.0330784004617459,0.0543160513225371,1.0,0.0,23868,0
5min,native,1,5.0,ZERO,time_band,inicio,2652,0.0107366319872142,0.0772386896239766,0.1036177204305048,1.0,0.0,23868,0
5min,native,1,5.0,ZERO,time_band,meio,18564,0.0064746368397629,0.0555134184509434,0.0804651280975986,1.0,0.0,23868,0
5min,native,1,5.0,ZERO,gap_group,high,10476,0.0073201937564746,0.0577807770170124,0.0855581308612727,1.0,0.0,23868,0
5min,native,1,5.0,ZERO,gap_group,low,12312,0.0058283182751393,0.0527204245785837,0.0763434232605494,1.0,0.0,23868,0
5min,native,1,5.0,TRAIN_MEAN,all,all,23868,0.0065576717017443,0.0554582997293271,0.080979452342828,1.0001647539461311,-0.0001647539461311,23868,0
5min,native,1,5.0,TRAIN_MEAN,time_band,fim,2652,0.0029509038696831,0.033139188260137,0.0543222226136153,1.0002272492757984,-0.0002272492757984,23868,0
5min,native,1,5.0,TRAIN_MEAN,time_band,inicio,2652,0.010737356715422,0.077265859927803,0.1036212174963314,1.0000675005167932,-6.750051679316194e-05,23868,0
5min,native,1,5.0,TRAIN_MEAN,time_band,meio,18564,0.0064758263900848,0.0555313784822863,0.0804725194714621,1.0001837246399028,-0.0001837246399027,23868,0
5min,native,1,5.0,TRAIN_MEAN,gap_group,high,10476,0.0073212334327636,0.0578065409871365,0.0855642064929236,1.0001420285205012,-0.0001420285205011,23868,0
5min,native,1,5.0,TRAIN_MEAN,gap_group,low,12312,0.0058298623213883,0.0527436360810794,0.0763535350942463,1.0002649214020278,-0.0002649214020278,23868,0
5min,common_60min,12,60.0,ARMA_BIC,all,all,1989,0.0767626608559357,0.1936612038688871,0.2770607530054298,1.0020305204684363,-0.0020305204684365,1989,0
5min,common_60min,12,60.0,ARMA_BIC,time_band,fim,221,0.0272550705647032,0.1116315358298602,0.16509109777545,1.0035547999196934,-0.0035547999196934,1989,0
5min,common_60min,12,60.0,ARMA_BIC,time_band,inicio,221,0.1217175918170583,0.2580557052687406,0.3488804835714637,1.000858137400818,-0.0008581374008178,1989,0
5min,common_60min,12,60.0,ARMA_BIC,time_band,meio,1547,0.0774130407602371,0.196180513388769,0.2782319909001069,1.0022176511575729,-0.0022176511575726,1989,0
5min,common_60min,12,60.0,ARMA_BIC,gap_group,high,873,0.0791364620317064,0.1974405877843321,0.2813120367700366,1.001895424082954,-0.001895424082954,1989,0
5min,common_60min,12,60.0,ARMA_BIC,gap_group,low,1026,0.0708596902847268,0.1854304996873625,0.2661948351954389,1.0031476643350836,-0.0031476643350836,1989,0
5min,common_60min,12,60.0,AR_BIC,all,all,1989,0.076763168071356,0.193662002229993,0.2770616683544587,1.0020371414652327,-0.0020371414652327,1989,0
5min,common_60min,12,60.0,AR_BIC,time_band,fim,221,0.0272606084271984,0.1116560275188803,0.1651078690650403,1.0037587087107294,-0.0037587087107293,1989,0
5min,common_60min,12,60.0,AR_BIC,time_band,inicio,221,0.1217196722534359,0.2580599004439267,0.3488834651476563,1.0008752443912434,-0.0008752443912434,1989,0
5min,common_60min,12,60.0,AR_BIC,time_band,meio,1547,0.0774126045659386,0.19617744172959,0.2782312070310205,1.0022120040260163,-0.0022120040260162,1989,0
5min,common_60min,12,60.0,AR_BIC,gap_group,high,873,0.079138823167999,0.1974464909731888,0.2813162333886884,1.0019253168983064,-0.0019253168983064,1989,0
5min,common_60min,12,60.0,AR_BIC,gap_group,low,1026,0.0708558075144789,0.1854236268517201,0.2661875419971395,1.0030926966674334,-0.0030926966674333,1989,0
5min,common_60min,12,60.0,MA_BIC,all,all,1989,0.0767631704696425,0.1936620178418507,0.2770616726825321,1.0020371727715502,-0.0020371727715502,1989,0
5min,common_60min,12,60.0,MA_BIC,time_band,fim,221,0.0272607314130257,0.1116565443667523,0.1651082415054612,1.003763237153131,-0.0037632371531313,1989,0
5min,common_60min,12,60.0,MA_BIC,time_band,inicio,221,0.1217197232864437,0.2580599891803636,0.3488835382852618,1.0008756640249252,-0.0008756640249252,1989,0
5min,common_60min,12,60.0,MA_BIC,time_band,meio,1547,0.0774125827896162,0.1961773752899343,0.2782311678975168,1.0022117221017504,-0.0022117221017503,1989,0
5min,common_60min,12,60.0,MA_BIC,gap_group,high,873,0.0791388610879579,0.1974466067094165,0.2813163007860689,1.0019257969783153,-0.0019257969783152,1989,0
5min,common_60min,12,60.0,MA_BIC,gap_group,low,1026,0.0708557201366877,0.1854234897039778,0.2661873778688384,1.0030914596760383,-0.0030914596760385,1989,0
5min,common_60min,12,60.0,AR_MA_50_50,all,all,1989,0.0767631692649147,0.1936620100359218,0.2770616705084172,1.002037157045493,-0.0020371570454926,1989,0
5min,common_60min,12,60.0,AR_MA_50_50,time_band,fim,221,0.0272606699168244,0.1116562859428163,0.1651080552753996,1.0037609728108754,-0.0037609728108753,1989,0
5min,common_60min,12,60.0,AR_MA_50_50,time_band,inicio,221,0.1217196977682192,0.2580599448121451,0.3488835017139951,1.0008754541939362,-0.0008754541939361,1989,0
5min,common_60min,12,60.0,AR_MA_50_50,time_band,meio,1547,0.0774125936713127,0.1961774085097622,0.2782311874526519,1.0022118629801888,-0.0022118629801888,1989,0
5min,common_60min,12,60.0,AR_MA_50_50,gap_group,high,873,0.079138842122386,0.1974465488413026,0.2813162670774408,1.0019255568675085,-0.0019255568675082,1989,0
5min,common_60min,12,60.0,AR_MA_50_50,gap_group,low,1026,0.0708557638200673,0.1854235582778489,0.2661874599226404,1.0030920780936463,-0.0030920780936463,1989,0
5min,common_60min,12,60.0,ZERO,all,all,1989,0.0766071085539891,0.1934954949673006,0.2767798918888241,1.0,0.0,1989,0
5min,common_60min,12,60.0,ZERO,time_band,fim,221,0.0271585274335633,0.1103011837327578,0.1647984448760466,1.0,0.0,1989,0
5min,common_60min,12,60.0,ZERO,time_band,inicio,221,0.1216132309551414,0.2576515149693111,0.348730886150254,1.0,0.0,1989,0
5min,common_60min,12,60.0,ZERO,time_band,meio,1547,0.0772417455138853,0.1962152508576624,0.2779239923322298,1.0,0.0,1989,0
5min,common_60min,12,60.0,ZERO,gap_group,high,873,0.0789867486460884,0.1974114229015619,0.2810458123617721,1.0,0.0,1989,0
5min,common_60min,12,60.0,ZERO,gap_group,low,1026,0.0706373476248831,0.1850626527180879,0.2657768756398553,1.0,0.0,1989,0
5min,common_60min,12,60.0,TRAIN_MEAN,all,all,1989,0.0767626608559357,0.1936612038688871,0.2770607530054298,1.0020305204684363,-0.0020305204684365,1989,0
5min,common_60min,12,60.0,TRAIN_MEAN,time_band,fim,221,0.0272550705647032,0.1116315358298602,0.16509109777545,1.0035547999196934,-0.0035547999196934,1989,0
5min,common_60min,12,60.0,TRAIN_MEAN,time_band,inicio,221,0.1217175918170583,0.2580557052687406,0.3488804835714637,1.000858137400818,-0.0008581374008178,1989,0
5min,common_60min,12,60.0,TRAIN_MEAN,time_band,meio,1547,0.0774130407602371,0.196180513388769,0.2782319909001069,1.0022176511575729,-0.0022176511575726,1989,0
5min,common_60min,12,60.0,TRAIN_MEAN,gap_group,high,873,0.0791364620317064,0.1974405877843321,0.2813120367700366,1.001895424082954,-0.001895424082954,1989,0
5min,common_60min,12,60.0,TRAIN_MEAN,gap_group,low,1026,0.0708596902847268,0.1854304996873625,0.2661948351954389,1.0031476643350836,-0.0031476643350836,1989,0
15min,native,1,15.0,ARMA_BIC,all,all,7956,0.0186216000793642,0.0938104404344443,0.1364609837256211,1.0005223556075356,-0.0005223556075355,7956,0
15min,native,1,15.0,ARMA_BIC,time_band,fim,884,0.006762894903053,0.0545533962910527,0.0822368220631915,1.0008930101913187,-0.0008930101913187,7956,0
15min,native,1,15.0,ARMA_BIC,time_band,inicio,884,0.0319020228001582,0.1326797025821378,0.1786113736584494,1.0002044976193958,-0.0002044976193957,7956,0
15min,native,1,15.0,ARMA_BIC,time_band,meio,6188,0.0184184975730095,0.0938658378624011,0.1357147654936984,1.0005815989836224,-0.0005815989836224,7956,0
15min,native,1,15.0,ARMA_BIC,gap_group,high,3492,0.0203205296928558,0.0967294190493966,0.1425500953800305,1.0004606866763688,-0.0004606866763687,7956,0
15min,native,1,15.0,ARMA_BIC,gap_group,low,4104,0.0167640850429713,0.089954810417645,0.1294761948891429,1.00082962744778,-0.0008296274477801,7956,0
15min,native,1,15.0,AR_BIC,all,all,7956,0.018622028760061,0.0938276417428929,0.1364625544245052,1.0005453882480584,-0.0005453882480583,7956,0
15min,native,1,15.0,AR_BIC,time_band,fim,884,0.0067721038028084,0.054603534869177,0.0822927931401554,1.0022559063369556,-0.0022559063369556,7956,0
15min,native,1,15.0,AR_BIC,time_band,inicio,884,0.0319005100180502,0.132711926701943,0.1786071387656446,1.000157068292491,-0.0001570682924909,7956,0
15min,native,1,15.0,AR_BIC,time_band,meio,6188,0.0184179492885272,0.0938761877307023,0.1357127454903453,1.0005518135268112,-0.0005518135268112,7956,0
15min,native,1,15.0,AR_BIC,gap_group,high,3492,0.0203303951281642,0.0967594098156295,0.1425846945789212,1.000946401386183,-0.000946401386183,7956,0
15min,native,1,15.0,AR_BIC,gap_group,low,4104,0.01675689264046,0.0899627402381904,0.1294484169098258,1.0004002351184458,-0.0004002351184457,7956,0
15min,native,1,15.0,MA_BIC,all,all,7956,0.0186219840678118,0.0938273813023963,0.1364623906716128,1.000542986972431,-0.0005429869724309,7956,0
15min,native,1,15.0,MA_BIC,time_band,fim,884,0.0067719670898671,0.0546027652683784,0.0822919624864246,1.0022356731336746,-0.0022356731336745,7956,0
15min,native,1,15.0,MA_BIC,time_band,inicio,884,0.031900366173986,0.1327111407284379,0.1786067360823383,1.000152558438026,-0.0001525584380259,7956,0
15min,native,1,15.0,MA_BIC,time_band,meio,6188,0.0184179319066362,0.0938760751035358,0.1357126814510577,1.0005508692586798,-0.0005508692586797,7956,0
15min,native,1,15.0,MA_BIC,gap_group,high,3492,0.0203301680321744,0.0967590510276127,0.1425838982219747,1.0009352205452642,-0.0009352205452641,7956,0
15min,native,1,15.0,MA_BIC,gap_group,low,4104,0.0167569779047369,0.0899625213547055,0.129448746246292,1.0004053254657077,-0.0004053254657077,7956,0
15min,native,1,15.0,AR_MA_50_50,all,all,7956,0.0186220063662955,0.0938275085419371,0.1364624723735266,1.000544185050538,-0.0005441850505381,7956,0
15min,native,1,15.0,AR_MA_50_50,time_band,fim,884,0.0067720354267915,0.0546031232424104,0.0822923776955773,1.002245786842522,-0.002245786842522,7956,0
15min,native,1,15.0,AR_MA_50_50,time_band,inicio,884,0.0319004380327049,0.1327115337151904,0.1786069372468632,1.000154811380238,-0.0001548113802378,7956,0
15min,native,1,15.0,AR_MA_50_50,time_band,meio,6188,0.0184179405481661,0.093876131417119,0.1357127132886458,1.0005513387082527,-0.0005513387082527,7956,0
15min,native,1,15.0,AR_MA_50_50,gap_group,high,3492,0.0203302815293258,0.0967592304216211,0.1425842962227111,1.000940808462494,-0.000940808462494,7956,0
15min,native,1,15.0,AR_MA_50_50,gap_group,low,4104,0.0167569352288095,0.0899626250180588,0.129448581409027,1.0004027776778377,-0.0004027776778376,7956,0
15min,native,1,15.0,ZERO,all,all,7956,0.0186118780604925,0.0937528762314224,0.1364253571023091,1.0,0.0,7956,0
15min,native,1,15.0,ZERO,time_band,fim,884,0.0067568609573567,0.0543627436506442,0.0822001274777404,1.0,0.0,7956,0
15min,native,1,15.0,ZERO,time_band,inicio,884,0.0318955002462884,0.1326050993750214,0.1785931136586414,1.0,0.0,7956,0
15min,native,1,15.0,ZERO,time_band,meio,6188,0.0184077916201125,0.0938297204367337,0.1356753169154675,1.0,0.0,7956,0
15min,native,1,15.0,ZERO,gap_group,high,3492,0.0203111726062546,0.0966559742476853,0.1425172712559944,1.0,0.0,7956,0
15min,native,1,15.0,ZERO,gap_group,low,4104,0.016750188626731,0.0899066019124616,0.1294225197820344,1.0,0.0,7956,0
15min,native,1,15.0,TRAIN_MEAN,all,all,7956,0.0186216000793642,0.0938104404344443,0.1364609837256211,1.0005223556075356,-0.0005223556075355,7956,0
15min,native,1,15.0,TRAIN_MEAN,time_band,fim,884,0.006762894903053,0.0545533962910527,0.0822368220631915,1.0008930101913187,-0.0008930101913187,7956,0
15min,native,1,15.0,TRAIN_MEAN,time_band,inicio,884,0.0319020228001582,0.1326797025821378,0.1786113736584494,1.0002044976193958,-0.0002044976193957,7956,0
15min,native,1,15.0,TRAIN_MEAN,time_band,meio,6188,0.0184184975730095,0.0938658378624011,0.1357147654936984,1.0005815989836224,-0.0005815989836224,7956,0
15min,native,1,15.0,TRAIN_MEAN,gap_group,high,3492,0.0203205296928558,0.0967294190493966,0.1425500953800305,1.0004606866763688,-0.0004606866763687,7956,0
15min,native,1,15.0,TRAIN_MEAN,gap_group,low,4104,0.0167640850429713,0.089954810417645,0.1294761948891429,1.00082962744778,-0.0008296274477801,7956,0
15min,common_60min,4,60.0,ARMA_BIC,all,all,1989,0.0767626608559358,0.1936612038688868,0.2770607530054298,1.0020305204684363,-0.0020305204684365,1989,0
15min,common_60min,4,60.0,ARMA_BIC,time_band,fim,221,0.0272550705647037,0.1116315358298615,0.1650910977754518,1.003554799919696,-0.003554799919696,1989,0
15min,common_60min,4,60.0,ARMA_BIC,time_band,inicio,221,0.1217175918170591,0.2580557052687433,0.3488804835714648,1.0008581374008183,-0.0008581374008183,1989,0
15min,common_60min,4,60.0,ARMA_BIC,time_band,meio,1547,0.077413040760237,0.1961805133887681,0.2782319909001067,1.0022176511575729,-0.0022176511575728,1989,0
15min,common_60min,4,60.0,ARMA_BIC,gap_group,high,873,0.0791364620317067,0.1974405877843326,0.2813120367700371,1.0018954240829543,-0.0018954240829542,1989,0
15min,common_60min,4,60.0,ARMA_BIC,gap_group,low,1026,0.0708596902847268,0.1854304996873617,0.2661948351954388,1.0031476643350838,-0.0031476643350838,1989,0
15min,common_60min,4,60.0,AR_BIC,all,all,1989,0.0767736523197883,0.1936801946105682,0.2770805881323849,1.0021739988487066,-0.0021739988487066,1989,0
15min,common_60min,4,60.0,AR_BIC,time_band,fim,221,0.0272924923450892,0.1118204125710262,0.1652043956591024,1.0049327015926424,-0.0049327015926423,1989,0
15min,common_60min,4,60.0,AR_BIC,time_band,inicio,221,0.1217277837054827,0.2580872592225002,0.3488950898271323,1.0009419431540536,-0.0009419431540536,1989,0
15min,common_60min,4,60.0,AR_BIC,time_band,meio,1547,0.0774203706896461,0.1961734399573697,0.2782451629222799,1.0023125471151964,-0.0023125471151963,1989,0
15min,common_60min,4,60.0,AR_BIC,gap_group,high,873,0.0791643993553444,0.1975178260136107,0.2813616877887684,1.0022491204195754,-0.0022491204195753,1989,0
15min,common_60min,4,60.0,AR_BIC,gap_group,low,1026,0.0708443623815299,0.1853801265567256,0.2661660428783693,1.0029306700153322,-0.0029306700153322,1989,0
15min,common_60min,4,60.0,MA_BIC,all,all,1989,0.0767733879786807,0.1936798990024696,0.2770801111207384,1.0021705482406291,-0.0021705482406291,1989,0
15min,common_60min,4,60.0,MA_BIC,time_band,fim,221,0.0272918644201135,0.1118169436002377,0.1652024951994175,1.0049095808628004,-0.0049095808628003,1989,0
15min,common_60min,4,60.0,MA_BIC,time_band,inicio,221,0.1217272964344046,0.2580864035565665,0.3488943915204208,1.0009379364265436,-0.0009379364265436,1989,0
15min,common_60min,4,60.0,MA_BIC,time_band,meio,1547,0.0774201901362297,0.1961736776950603,0.278244838471857,1.0023102096043703,-0.0023102096043703,1989,0
15min,common_60min,4,60.0,MA_BIC,gap_group,high,873,0.0791637505403073,0.1975165812216561,0.281360534795318,1.0022409061931612,-0.0022409061931611,1989,0
15min,common_60min,4,60.0,MA_BIC,gap_group,low,1026,0.0708446166959466,0.1853809816193545,0.2661665206143452,1.002934270297977,-0.0029342702979773,1989,0
15min,common_60min,4,60.0,AR_MA_50_50,all,all,1989,0.0767735200520977,0.1936800468065189,0.2770803494513779,1.0021722722766808,-0.0021722722766808,1989,0
15min,common_60min,4,60.0,AR_MA_50_50,time_band,fim,221,0.0272921783227701,0.1118186780856319,0.165203445250909,1.0049211390246822,-0.0049211390246821,1989,0
15min,common_60min,4,60.0,AR_MA_50_50,time_band,inicio,221,0.121727540038513,0.2580868313895333,0.3488947406289081,1.0009399395318512,-0.0009399395318512,1989,0
15min,common_60min,4,60.0,AR_MA_50_50,time_band,meio,1547,0.0774202803010851,0.1961735588262149,0.2782450004961188,1.0023113769116965,-0.0023113769116962,1989,0
15min,common_60min,4,60.0,AR_MA_50_50,gap_group,high,873,0.0791640748472803,0.1975172036176334,0.2813611111139568,1.0022450120334263,-0.0022450120334263,1989,0
15min,common_60min,4,60.0,AR_MA_50_50,gap_group,low,1026,0.0708444894476571,0.18538055408804,0.2661662815753661,1.002932468867235,-0.0029324688672349,1989,0
15min,common_60min,4,60.0,ZERO,all,all,1989,0.0766071085539892,0.1934954949673005,0.2767798918888242,1.0,0.0,1989,0
15min,common_60min,4,60.0,ZERO,time_band,fim,221,0.0271585274335638,0.1103011837327588,0.1647984448760482,1.0,0.0,1989,0
15min,common_60min,4,60.0,ZERO,time_band,inicio,221,0.1216132309551421,0.2576515149693138,0.3487308861502551,1.0,0.0,1989,0
15min,common_60min,4,60.0,ZERO,time_band,meio,1547,0.0772417455138852,0.1962152508576617,0.2779239923322297,1.0,0.0,1989,0
15min,common_60min,4,60.0,ZERO,gap_group,high,873,0.0789867486460886,0.1974114229015624,0.2810458123617725,1.0,0.0,1989,0
15min,common_60min,4,60.0,ZERO,gap_group,low,1026,0.070637347624883,0.1850626527180871,0.2657768756398552,1.0,0.0,1989,0
15min,common_60min,4,60.0,TRAIN_MEAN,all,all,1989,0.0767626608559358,0.1936612038688868,0.2770607530054298,1.0020305204684363,-0.0020305204684365,1989,0
15min,common_60min,4,60.0,TRAIN_MEAN,time_band,fim,221,0.0272550705647037,0.1116315358298615,0.1650910977754518,1.003554799919696,-0.003554799919696,1989,0
15min,common_60min,4,60.0,TRAIN_MEAN,time_band,inicio,221,0.1217175918170591,0.2580557052687433,0.3488804835714648,1.0008581374008183,-0.0008581374008183,1989,0
15min,common_60min,4,60.0,TRAIN_MEAN,time_band,meio,1547,0.077413040760237,0.1961805133887681,0.2782319909001067,1.0022176511575729,-0.0022176511575728,1989,0
15min,common_60min,4,60.0,TRAIN_MEAN,gap_group,high,873,0.0791364620317067,0.1974405877843326,0.2813120367700371,1.0018954240829543,-0.0018954240829542,1989,0
15min,common_60min,4,60.0,TRAIN_MEAN,gap_group,low,1026,0.0708596902847268,0.1854304996873617,0.2661948351954388,1.0031476643350838,-0.0031476643350838,1989,0
30min,native,1,30.0,ARMA_BIC,all,all,3978,0.0369110825962945,0.1339231612263138,0.1921225718032489,1.001054672117894,-0.0010546721178938,3978,0
30min,native,1,30.0,ARMA_BIC,time_band,fim,442,0.0121812780765652,0.0750629497348105,0.1103688274675653,1.0019853171248407,-0.0019853171248407,3978,0
30min,native,1,30.0,ARMA_BIC,time_band,inicio,442,0.0631286297806531,0.1836037080586707,0.2512541139576686,1.0004134574560553,-0.0004134574560552,3978,0
30min,native,1,30.0,ARMA_BIC,time_band,meio,3094,0.0366985479299189,0.1352345418919062,0.1915686506971297,1.0011682707849314,-0.0011682707849314,3978,0
30min,native,1,30.0,ARMA_BIC,gap_group,high,1746,0.0389291938195741,0.137161492113251,0.1973048246231556,1.0009623720072656,-0.0009623720072655,3978,0
30min,native,1,30.0,ARMA_BIC,gap_group,low,2052,0.0342598396305257,0.1289697003478586,0.1850941372127321,1.0016251097017612,-0.0016251097017612,3978,0
30min,native,1,30.0,AR_BIC,all,all,3978,0.0369088733036421,0.1339472675074498,0.1921168220215038,1.0009947545382365,-0.0009947545382362,3978,0
30min,native,1,30.0,AR_BIC,time_band,fim,442,0.0121839541163538,0.0751206592485487,0.1103809499703362,1.002205437916718,-0.002205437916718,3978,0
30min,native,1,30.0,AR_BIC,time_band,inicio,442,0.0631633483515851,0.1837203720057881,0.251323195013085,1.0009636503828572,-0.0009636503828571,3978,0
30min,native,1,30.0,AR_BIC,time_band,meio,3094,0.0366903653235486,0.1352406251875302,0.1915472926552308,1.000945042174201,-0.0009450421742009,3978,0
30min,native,1,30.0,AR_BIC,gap_group,high,1746,0.0389382587439653,0.1372075975525118,0.1973277951631886,1.0011954528222102,-0.0011954528222102,3978,0
30min,native,1,30.0,AR_BIC,gap_group,low,2052,0.0342545929222939,0.1289845487049777,0.1850799635895088,1.0014717162602,-0.0014717162602,3978,0
30min,native,1,30.0,MA_BIC,all,all,3978,0.0369088216167455,0.1339483863027742,0.1921166875020115,1.000993352753034,-0.0009933527530341,3978,0
30min,native,1,30.0,MA_BIC,time_band,fim,442,0.0121841140493768,0.0751229576394419,0.1103816744273109,1.0022185933951298,-0.0022185933951297,3978,0
30min,native,1,30.0,MA_BIC,time_band,inicio,442,0.0631650314310444,0.1837256042030524,0.2513265434271606,1.0009903225179388,-0.0009903225179388,3978,0
30min,native,1,30.0,MA_BIC,time_band,meio,3094,0.0366900355814697,0.1352409878403533,0.191546431920487,1.0009360465238133,-0.0009360465238132,3978,0
30min,native,1,30.0,MA_BIC,gap_group,high,1746,0.038938588111502,0.1372095482279048,0.1973286297309695,1.0012039216467226,-0.0012039216467225,3978,0
30min,native,1,30.0,MA_BIC,gap_group,low,2052,0.0342545524829634,0.1289854845108861,0.1850798543412097,1.0014705339706944,-0.0014705339706944,3978,0
30min,native,1,30.0,AR_MA_50_50,all,all,3978,0.0369088466598633,0.133947826905112,0.1921167526788421,1.000994031940107,-0.0009940319401069,3978,0
30min,native,1,30.0,AR_MA_50_50,time_band,fim,442,0.0121840337567666,0.0751218084439953,0.1103813107222716,1.0022119888322925,-0.0022119888322924,3978,0
30min,native,1,30.0,AR_MA_50_50,time_band,inicio,442,0.0631641890406227,0.1837229881044202,0.2513248675332841,1.0009769729692923,-0.0009769729692923,3978,0
30min,native,1,30.0,AR_MA_50_50,time_band,meio,3094,0.0366901995916258,0.1352408065139418,0.1915468600411551,1.0009405208633613,-0.0009405208633612,3978,0
30min,native,1,30.0,AR_MA_50_50,gap_group,high,1746,0.0389384225715486,0.1372085728902083,0.1973282102780761,1.001199665219907,-0.0011996652199071,3978,0
30min,native,1,30.0,AR_MA_50_50,gap_group,low,2052,0.0342545719672119,0.1289850166079319,0.1850799069786126,1.0014711036147077,-0.0014711036147077,3978,0
30min,native,1,30.0,ZERO,all,all,3978,0.0368721945208078,0.1338808758514746,0.1920213387121543,1.0,0.0,3978,0
30min,native,1,30.0,ZERO,time_band,fim,442,0.0121571422937802,0.0746110764921801,0.1102594317679002,1.0,0.0,3978,0
30min,native,1,30.0,ZERO,time_band,inicio,442,0.0631025395651739,0.1834513497425902,0.2512021886154137,1.0,0.0,3978,0
30min,native,1,30.0,ZERO,time_band,meio,3094,0.0366557241183309,0.1352664937755001,0.1914568466217151,1.0,0.0,3978,0
30min,native,1,30.0,ZERO,gap_group,high,1746,0.0388917654731696,0.1371051359141907,0.1972099527741175,1.0,0.0,3978,0
30min,native,1,30.0,ZERO,gap_group,low,2052,0.0342042539655647,0.1289072376719537,0.184943921137097,1.0,0.0,3978,0
30min,native,1,30.0,TRAIN_MEAN,all,all,3978,0.0369110825962945,0.1339231612263138,0.1921225718032489,1.001054672117894,-0.0010546721178938,3978,0
30min,native,1,30.0,TRAIN_MEAN,time_band,fim,442,0.0121812780765652,0.0750629497348105,0.1103688274675653,1.0019853171248407,-0.0019853171248407,3978,0
30min,native,1,30.0,TRAIN_MEAN,time_band,inicio,442,0.0631286297806531,0.1836037080586707,0.2512541139576686,1.0004134574560553,-0.0004134574560552,3978,0
30min,native,1,30.0,TRAIN_MEAN,time_band,meio,3094,0.0366985479299189,0.1352345418919062,0.1915686506971297,1.0011682707849314,-0.0011682707849314,3978,0
30min,native,1,30.0,TRAIN_MEAN,gap_group,high,1746,0.0389291938195741,0.137161492113251,0.1973048246231556,1.0009623720072656,-0.0009623720072655,3978,0
30min,native,1,30.0,TRAIN_MEAN,gap_group,low,2052,0.0342598396305257,0.1289697003478586,0.1850941372127321,1.0016251097017612,-0.0016251097017612,3978,0
30min,common_60min,2,60.0,ARMA_BIC,all,all,1989,0.0767626608559358,0.1936612038688867,0.2770607530054299,1.0020305204684363,-0.0020305204684365,1989,0
30min,common_60min,2,60.0,ARMA_BIC,time_band,fim,221,0.0272550705647033,0.1116315358298604,0.1650910977754504,1.0035547999196952,-0.0035547999196952,1989,0
30min,common_60min,2,60.0,ARMA_BIC,time_band,inicio,221,0.1217175918170589,0.2580557052687425,0.3488804835714645,1.000858137400818,-0.000858137400818,1989,0
30min,common_60min,2,60.0,ARMA_BIC,time_band,meio,1547,0.0774130407602372,0.1961805133887681,0.278231990900107,1.0022176511575729,-0.0022176511575728,1989,0
30min,common_60min,2,60.0,ARMA_BIC,gap_group,high,873,0.0791364620317067,0.1974405877843323,0.2813120367700371,1.0018954240829543,-0.0018954240829545,1989,0
30min,common_60min,2,60.0,ARMA_BIC,gap_group,low,1026,0.0708596902847268,0.1854304996873614,0.2661948351954389,1.0031476643350838,-0.0031476643350838,1989,0
30min,common_60min,2,60.0,AR_BIC,all,all,1989,0.0767772928962505,0.1936674796046716,0.2770871575808785,1.002221521546416,-0.002221521546416,1989,0
30min,common_60min,2,60.0,AR_BIC,time_band,fim,221,0.0272768984197147,0.1117770601386655,0.1651571930607768,1.0043585200427672,-0.0043585200427671,1989,0
30min,common_60min,2,60.0,AR_BIC,time_band,inicio,221,0.121760668188187,0.2581137421756177,0.3489422132505425,1.0012123453335389,-0.0012123453335388,1989,0
30min,common_60min,2,60.0,AR_BIC,time_band,meio,1547,0.0774225813511933,0.1961595020182516,0.2782491354006213,1.0023411671513227,-0.0023411671513227,1989,0
30min,common_60min,2,60.0,AR_BIC,gap_group,high,873,0.0791735203148465,0.1974787269665145,0.2813778959244071,1.0023645949726925,-0.0023645949726922,1989,0
30min,common_60min,2,60.0,AR_BIC,gap_group,low,1026,0.0708489076493526,0.1853958691430023,0.2661745811480741,1.002995016539877,-0.0029950165398771,1989,0
30min,common_60min,2,60.0,MA_BIC,all,all,1989,0.0767779433908222,0.1936678667709858,0.2770883313869826,1.0022300128546509,-0.0022300128546508,1989,0
30min,common_60min,2,60.0,MA_BIC,time_band,fim,221,0.0272778117740247,0.1117825615768953,0.1651599581436878,1.0043921505226314,-0.0043921505226314,1989,0
30min,common_60min,2,60.0,MA_BIC,time_band,inicio,221,0.1217626564497596,0.258115838768969,0.348945062222923,1.0012286943899444,-0.0012286943899444,1989,0
30min,common_60min,2,60.0,MA_BIC,time_band,meio,1547,0.0774230031848023,0.1961589143704297,0.2782498934138202,1.0023466283641187,-0.0023466283641186,1989,0
30min,common_60min,2,60.0,MA_BIC,gap_group,high,873,0.0791749356880724,0.1974802518768174,0.2813804109885271,1.0023825140952054,-0.0023825140952054,1989,0
30min,common_60min,2,60.0,MA_BIC,gap_group,low,1026,0.0708487162263679,0.185394815248199,0.2661742215661914,1.0029923065997228,-0.0029923065997228,1989,0
30min,common_60min,2,60.0,AR_MA_50_50,all,all,1989,0.0767776175953543,0.1936676731878287,0.2770877434953671,1.0022257600447737,-0.0022257600447737,1989,0
30min,common_60min,2,60.0,AR_MA_50_50,time_band,fim,221,0.0272773548467696,0.1117798108577804,0.1651585748508676,1.004375326073803,-0.004375326073803,1989,0
30min,common_60min,2,60.0,AR_MA_50_50,time_band,inicio,221,0.1217616621574207,0.2581147904722934,0.3489436375081522,1.001220518533329,-0.0012205185333289,1989,0
30min,common_60min,2,60.0,AR_MA_50_50,time_band,meio,1547,0.0774227916219998,0.1961592081943407,0.2782495132466538,1.0023438893943932,-0.0023438893943932,1989,0
30min,common_60min,2,60.0,AR_MA_50_50,gap_group,high,873,0.0791742274233153,0.1974794894216659,0.2813791524319373,1.0023735472144415,-0.0023735472144414,1989,0
30min,common_60min,2,60.0,AR_MA_50_50,gap_group,low,1026,0.0708488114226093,0.1853953421956006,0.2661744003893111,1.002993654275486,-0.002993654275486,1989,0
30min,common_60min,2,60.0,ZERO,all,all,1989,0.0766071085539892,0.1934954949673002,0.2767798918888243,1.0,0.0,1989,0
30min,common_60min,2,60.0,ZERO,time_band,fim,221,0.0271585274335634,0.1103011837327577,0.1647984448760469,1.0,0.0,1989,0
30min,common_60min,2,60.0,ZERO,time_band,inicio,221,0.121613230955142,0.257651514969313,0.3487308861502548,1.0,0.0,1989,0
30min,common_60min,2,60.0,ZERO,time_band,meio,1547,0.0772417455138854,0.1962152508576616,0.2779239923322299,1.0,0.0,1989,0
30min,common_60min,2,60.0,ZERO,gap_group,high,873,0.0789867486460886,0.1974114229015622,0.2810458123617725,1.0,0.0,1989,0
30min,common_60min,2,60.0,ZERO,gap_group,low,1026,0.0706373476248831,0.1850626527180867,0.2657768756398553,1.0,0.0,1989,0
30min,common_60min,2,60.0,TRAIN_MEAN,all,all,1989,0.0767626608559358,0.1936612038688867,0.2770607530054299,1.0020305204684363,-0.0020305204684365,1989,0
30min,common_60min,2,60.0,TRAIN_MEAN,time_band,fim,221,0.0272550705647033,0.1116315358298604,0.1650910977754504,1.0035547999196952,-0.0035547999196952,1989,0
30min,common_60min,2,60.0,TRAIN_MEAN,time_band,inicio,221,0.1217175918170589,0.2580557052687425,0.3488804835714645,1.000858137400818,-0.000858137400818,1989,0
30min,common_60min,2,60.0,TRAIN_MEAN,time_band,meio,1547,0.0774130407602372,0.1961805133887681,0.278231990900107,1.0022176511575729,-0.0022176511575728,1989,0
30min,common_60min,2,60.0,TRAIN_MEAN,gap_group,high,873,0.0791364620317067,0.1974405877843323,0.2813120367700372,1.001895424082955,-0.0018954240829549,1989,0
30min,common_60min,2,60.0,TRAIN_MEAN,gap_group,low,1026,0.0708596902847268,0.1854304996873614,0.2661948351954389,1.0031476643350838,-0.0031476643350838,1989,0
60min,native,1,60.0,ARMA_BIC,all,all,1989,0.076762660855936,0.1936612038688869,0.2770607530054302,1.0020305204684363,-0.0020305204684365,1989,0
60min,native,1,60.0,ARMA_BIC,time_band,fim,221,0.0272550705647037,0.1116315358298616,0.1650910977754516,1.003554799919696,-0.0035547999196958,1989,0
60min,native,1,60.0,ARMA_BIC,time_band,inicio,221,0.1217175918170598,0.2580557052687434,0.3488804835714658,1.0008581374008183,-0.0008581374008183,1989,0
60min,native,1,60.0,ARMA_BIC,time_band,meio,1547,0.0774130407602372,0.1961805133887681,0.278231990900107,1.0022176511575729,-0.0022176511575728,1989,0
60min,native,1,60.0,ARMA_BIC,gap_group,high,873,0.0791364620317067,0.1974405877843323,0.2813120367700371,1.0018954240829543,-0.0018954240829542,1989,0
60min,native,1,60.0,ARMA_BIC,gap_group,low,1026,0.0708596902847271,0.1854304996873619,0.2661948351954394,1.0031476643350838,-0.0031476643350838,1989,0
60min,native,1,60.0,AR_BIC,all,all,1989,0.0768323602711873,0.1939234029895913,0.277186508097323,1.0029403500725935,-0.0029403500725937,1989,0
60min,native,1,60.0,AR_BIC,time_band,fim,221,0.0272107355795178,0.1106844339388861,0.1649567688199482,1.001922348186282,-0.001922348186282,1989,0
60min,native,1,60.0,AR_BIC,time_band,inicio,221,0.1217676928365419,0.2577192026233096,0.348952278738142,1.0012701075383492,-0.0012701075383492,1989,0
60min,native,1,60.0,AR_BIC,time_band,meio,1547,0.0775018305749465,0.1967009986205895,0.2783915059317481,1.00336715670174,-0.0033671567017399,1989,0
60min,native,1,60.0,AR_BIC,gap_group,high,873,0.0789754198756525,0.1974739664727725,0.2810256569704135,0.9998565737844596,0.0001434262155404,1989,0
60min,native,1,60.0,AR_BIC,gap_group,low,1026,0.0712094726937047,0.1860223274478807,0.2668510309024583,1.0080994698705228,-0.0080994698705227,1989,0
60min,native,1,60.0,MA_BIC,all,all,1989,0.0768243138252465,0.1939084373040159,0.2771719932194567,1.002835314833794,-0.002835314833794,1989,0
60min,native,1,60.0,MA_BIC,time_band,fim,221,0.0272259581608082,0.1107433010603287,0.1650029034920544,1.0024828565322377,-0.0024828565322376,1989,0
60min,native,1,60.0,MA_BIC,time_band,inicio,221,0.1217575468111714,0.2577186912220574,0.3489377405944668,1.0011866789073456,-0.0011866789073455,1989,0
60min,native,1,60.0,MA_BIC,time_band,meio,1547,0.077490759922177,0.1966734204933939,0.278371621977128,1.003223831965927,-0.003223831965927,1989,0
60min,native,1,60.0,MA_BIC,gap_group,high,873,0.0789824417936386,0.1974643533159167,0.281038150067991,0.9999454737342164,5.452626578361652e-05,1989,0
60min,native,1,60.0,MA_BIC,gap_group,low,1026,0.071188079964023,0.1860046230939631,0.2668109442358447,1.0077966169124062,-0.0077966169124061,1989,0
60min,native,1,60.0,AR_MA_50_50,all,all,1989,0.076828181996455,0.1939159201468036,0.277178971057429,1.0028858084665848,-0.0028858084665848,1989,0
60min,native,1,60.0,AR_MA_50_50,time_band,fim,221,0.027218283682301,0.1107138674996074,0.1649796462667472,1.0022002757286224,-0.0022002757286223,1989,0
60min,native,1,60.0,AR_MA_50_50,time_band,inicio,221,0.1217625625265308,0.2577189469226835,0.3489449276412121,1.0012279220789968,-0.0012279220789968,1989,0
60min,native,1,60.0,AR_MA_50_50,time_band,meio,1547,0.0774961131084662,0.1966872095569917,0.2783812369906892,1.0032931362812758,-0.0032931362812758,1989,0
60min,native,1,60.0,AR_MA_50_50,gap_group,high,873,0.078978763660045,0.1974691598943446,0.2810316061585334,0.999898907270137,0.000101092729863,1989,0
60min,native,1,60.0,AR_MA_50_50,gap_group,low,1026,0.0711986411891875,0.1860134752709219,0.2668307350909703,1.007946130243804,-0.0079461302438039,1989,0
60min,native,1,60.0,ZERO,all,all,1989,0.0766071085539893,0.1934954949673004,0.2767798918888245,1.0,0.0,1989,0
60min,native,1,60.0,ZERO,time_band,fim,221,0.0271585274335638,0.1103011837327587,0.164798444876048,1.0,0.0,1989,0
60min,native,1,60.0,ZERO,time_band,inicio,221,0.1216132309551428,0.2576515149693139,0.348730886150256,1.0,0.0,1989,0
60min,native,1,60.0,ZERO,time_band,meio,1547,0.0772417455138854,0.1962152508576616,0.2779239923322299,1.0,0.0,1989,0
60min,native,1,60.0,ZERO,gap_group,high,873,0.0789867486460886,0.1974114229015621,0.2810458123617726,1.0,0.0,1989,0
60min,native,1,60.0,ZERO,gap_group,low,1026,0.0706373476248833,0.1850626527180872,0.2657768756398558,1.0,0.0,1989,0
60min,native,1,60.0,TRAIN_MEAN,all,all,1989,0.076762660855936,0.1936612038688869,0.2770607530054302,1.0020305204684363,-0.0020305204684365,1989,0
60min,native,1,60.0,TRAIN_MEAN,time_band,fim,221,0.0272550705647037,0.1116315358298616,0.1650910977754516,1.003554799919696,-0.0035547999196958,1989,0
60min,native,1,60.0,TRAIN_MEAN,time_band,inicio,221,0.1217175918170598,0.2580557052687434,0.3488804835714658,1.0008581374008183,-0.0008581374008183,1989,0
60min,native,1,60.0,TRAIN_MEAN,time_band,meio,1547,0.0774130407602372,0.1961805133887681,0.278231990900107,1.0022176511575729,-0.0022176511575728,1989,0
60min,native,1,60.0,TRAIN_MEAN,gap_group,high,873,0.0791364620317067,0.1974405877843323,0.2813120367700371,1.0018954240829543,-0.0018954240829542,1989,0
60min,native,1,60.0,TRAIN_MEAN,gap_group,low,1026,0.0708596902847271,0.1854304996873619,0.2661948351954394,1.0031476643350838,-0.0031476643350838,1989,0
60min,common_60min,1,60.0,ARMA_BIC,all,all,1989,0.076762660855936,0.1936612038688869,0.2770607530054302,1.0020305204684363,-0.0020305204684365,1989,0
60min,common_60min,1,60.0,ARMA_BIC,time_band,fim,221,0.0272550705647037,0.1116315358298616,0.1650910977754516,1.003554799919696,-0.0035547999196958,1989,0
60min,common_60min,1,60.0,ARMA_BIC,time_band,inicio,221,0.1217175918170598,0.2580557052687434,0.3488804835714658,1.0008581374008183,-0.0008581374008183,1989,0
60min,common_60min,1,60.0,ARMA_BIC,time_band,meio,1547,0.0774130407602372,0.1961805133887681,0.278231990900107,1.0022176511575729,-0.0022176511575728,1989,0
60min,common_60min,1,60.0,ARMA_BIC,gap_group,high,873,0.0791364620317067,0.1974405877843323,0.2813120367700371,1.0018954240829543,-0.0018954240829542,1989,0
60min,common_60min,1,60.0,ARMA_BIC,gap_group,low,1026,0.0708596902847271,0.1854304996873619,0.2661948351954394,1.0031476643350838,-0.0031476643350838,1989,0
60min,common_60min,1,60.0,AR_BIC,all,all,1989,0.0768323602711873,0.1939234029895913,0.277186508097323,1.0029403500725935,-0.0029403500725937,1989,0
60min,common_60min,1,60.0,AR_BIC,time_band,fim,221,0.0272107355795178,0.1106844339388861,0.1649567688199482,1.001922348186282,-0.001922348186282,1989,0
60min,common_60min,1,60.0,AR_BIC,time_band,inicio,221,0.1217676928365419,0.2577192026233096,0.348952278738142,1.0012701075383492,-0.0012701075383492,1989,0
60min,common_60min,1,60.0,AR_BIC,time_band,meio,1547,0.0775018305749465,0.1967009986205895,0.2783915059317481,1.00336715670174,-0.0033671567017399,1989,0
60min,common_60min,1,60.0,AR_BIC,gap_group,high,873,0.0789754198756525,0.1974739664727725,0.2810256569704135,0.9998565737844596,0.0001434262155404,1989,0
60min,common_60min,1,60.0,AR_BIC,gap_group,low,1026,0.0712094726937047,0.1860223274478807,0.2668510309024583,1.0080994698705228,-0.0080994698705227,1989,0
60min,common_60min,1,60.0,MA_BIC,all,all,1989,0.0768243138252465,0.1939084373040159,0.2771719932194567,1.002835314833794,-0.002835314833794,1989,0
60min,common_60min,1,60.0,MA_BIC,time_band,fim,221,0.0272259581608082,0.1107433010603287,0.1650029034920544,1.0024828565322377,-0.0024828565322376,1989,0
60min,common_60min,1,60.0,MA_BIC,time_band,inicio,221,0.1217575468111714,0.2577186912220574,0.3489377405944668,1.0011866789073456,-0.0011866789073455,1989,0
60min,common_60min,1,60.0,MA_BIC,time_band,meio,1547,0.077490759922177,0.1966734204933939,0.278371621977128,1.003223831965927,-0.003223831965927,1989,0
60min,common_60min,1,60.0,MA_BIC,gap_group,high,873,0.0789824417936386,0.1974643533159167,0.281038150067991,0.9999454737342164,5.452626578361652e-05,1989,0
60min,common_60min,1,60.0,MA_BIC,gap_group,low,1026,0.071188079964023,0.1860046230939631,0.2668109442358447,1.0077966169124062,-0.0077966169124061,1989,0
60min,common_60min,1,60.0,AR_MA_50_50,all,all,1989,0.076828181996455,0.1939159201468036,0.277178971057429,1.0028858084665848,-0.0028858084665848,1989,0
60min,common_60min,1,60.0,AR_MA_50_50,time_band,fim,221,0.027218283682301,0.1107138674996074,0.1649796462667472,1.0022002757286224,-0.0022002757286223,1989,0
60min,common_60min,1,60.0,AR_MA_50_50,time_band,inicio,221,0.1217625625265308,0.2577189469226835,0.3489449276412121,1.0012279220789968,-0.0012279220789968,1989,0
60min,common_60min,1,60.0,AR_MA_50_50,time_band,meio,1547,0.0774961131084662,0.1966872095569917,0.2783812369906892,1.0032931362812758,-0.0032931362812758,1989,0
60min,common_60min,1,60.0,AR_MA_50_50,gap_group,high,873,0.078978763660045,0.1974691598943446,0.2810316061585334,0.999898907270137,0.000101092729863,1989,0
60min,common_60min,1,60.0,AR_MA_50_50,gap_group,low,1026,0.0711986411891875,0.1860134752709219,0.2668307350909703,1.007946130243804,-0.0079461302438039,1989,0
60min,common_60min,1,60.0,ZERO,all,all,1989,0.0766071085539893,0.1934954949673004,0.2767798918888245,1.0,0.0,1989,0
60min,common_60min,1,60.0,ZERO,time_band,fim,221,0.0271585274335638,0.1103011837327587,0.164798444876048,1.0,0.0,1989,0
60min,common_60min,1,60.0,ZERO,time_band,inicio,221,0.1216132309551428,0.2576515149693139,0.348730886150256,1.0,0.0,1989,0
60min,common_60min,1,60.0,ZERO,time_band,meio,1547,0.0772417455138854,0.1962152508576616,0.2779239923322299,1.0,0.0,1989,0
60min,common_60min,1,60.0,ZERO,gap_group,high,873,0.0789867486460886,0.1974114229015621,0.2810458123617726,1.0,0.0,1989,0
60min,common_60min,1,60.0,ZERO,gap_group,low,1026,0.0706373476248833,0.1850626527180872,0.2657768756398558,1.0,0.0,1989,0
60min,common_60min,1,60.0,TRAIN_MEAN,all,all,1989,0.076762660855936,0.1936612038688869,0.2770607530054302,1.0020305204684363,-0.0020305204684365,1989,0
60min,common_60min,1,60.0,TRAIN_MEAN,time_band,fim,221,0.0272550705647037,0.1116315358298616,0.1650910977754516,1.003554799919696,-0.0035547999196958,1989,0
60min,common_60min,1,60.0,TRAIN_MEAN,time_band,inicio,221,0.1217175918170598,0.2580557052687434,0.3488804835714658,1.0008581374008183,-0.0008581374008183,1989,0
60min,common_60min,1,60.0,TRAIN_MEAN,time_band,meio,1547,0.0774130407602372,0.1961805133887681,0.278231990900107,1.0022176511575729,-0.0022176511575728,1989,0
60min,common_60min,1,60.0,TRAIN_MEAN,gap_group,high,873,0.0791364620317067,0.1974405877843323,0.2813120367700371,1.0018954240829543,-0.0018954240829542,1989,0
60min,common_60min,1,60.0,TRAIN_MEAN,gap_group,low,1026,0.0708596902847271,0.1854304996873619,0.2661948351954394,1.0031476643350838,-0.0031476643350838,1989,0
1d,native,1,,ARMA_BIC,all,all,221,0.7475637845442941,0.6530920602882294,0.8646177100570483,1.017005459276923,-0.0170054592769233,221,0
1d,native,1,,ARMA_BIC,gap_group,high,97,0.6699260241570877,0.6052825391965917,0.8184900880017348,1.0182890336309671,-0.0182890336309671,221,0
1d,native,1,,ARMA_BIC,gap_group,low,114,0.8173559090218004,0.689890169401247,0.904077379996757,1.0223338999778049,-0.0223338999778048,221,0
1d,native,1,,AR_BIC,all,all,221,0.7492855359921585,0.6505918869796627,0.8656128095125202,1.01934777528821,-0.01934777528821,221,0
1d,native,1,,AR_BIC,gap_group,high,97,0.6687981212946242,0.6011862916892986,0.8178007833785831,1.0165746187934597,-0.0165746187934594,221,0
1d,native,1,,AR_BIC,gap_group,low,114,0.822934375665362,0.6890141692585116,0.9071573048073648,1.029311344560586,-0.0293113445605859,221,0
1d,native,1,,MA_BIC,all,all,221,0.7494213930383693,0.6507710595282622,0.8656912804449224,1.0195325987916142,-0.0195325987916141,221,0
1d,native,1,,MA_BIC,gap_group,high,97,0.6693674408914019,0.6015665402122333,0.8181487889689759,1.0174399858356775,-0.0174399858356777,221,0
1d,native,1,,MA_BIC,gap_group,low,114,0.822728365734758,0.6890262904310867,0.907043750728022,1.0290536710875446,-0.0290536710875446,221,0
1d,native,1,,AR_MA_50_50,all,all,221,0.7493527212482541,0.6506814732539623,0.8656516165572927,1.0194391758798984,-0.0194391758798984,221,0
1d,native,1,,AR_MA_50_50,gap_group,high,97,0.6690819087811047,0.6013764159507659,0.8179742714664715,1.0170059763985448,-0.0170059763985448,221,0
1d,native,1,,AR_MA_50_50,gap_group,low,114,0.822830716247998,0.6890202298447989,0.9071001688060684,1.029181689247333,-0.0291816892473333,221,0
1d,native,1,,ZERO,all,all,221,0.7350636889164798,0.6495524909562645,0.8573585532998896,1.0,0.0,221,0
1d,native,1,,ZERO,gap_group,high,97,0.6578937826407665,0.6017630035441436,0.81110651744439,1.0,0.0,221,0
1d,native,1,,ZERO,gap_group,low,114,0.7994999569509976,0.6848742380517202,0.8941476147432244,1.0,0.0,221,0
1d,native,1,,TRAIN_MEAN,all,all,221,0.7475637845442941,0.6530920602882294,0.8646177100570483,1.017005459276923,-0.0170054592769233,221,0
1d,native,1,,TRAIN_MEAN,gap_group,high,97,0.6699260241570879,0.6052825391965917,0.818490088001735,1.0182890336309676,-0.0182890336309675,221,0
1d,native,1,,TRAIN_MEAN,gap_group,low,114,0.8173559090218004,0.689890169401247,0.904077379996757,1.0223338999778049,-0.0223338999778048,221,0
