scale,p,q,nobs,h,df,principal_horizon,lb_stat,lb_pvalue,lb_df_software,lb_pvalue_software,lb_squared_stat,lb_squared_pvalue,arch_lags,arch_lm,arch_lm_pvalue,arch_f,arch_f_pvalue,jb_stat,jb_pvalue,residual_type,main_df_rule,calibration,model
1min,2,2,132840,10,5,False,24.83481268447896,0.0001499475210494,6,0.0003663547340906,15840.629178343535,0.0,12,11601.364887354988,0.0,1059.2323758143068,0.0,2271152.820375765,0.0,standardized_one_step_innovation,Aula4_h_minus_p_minus_q_minus_constant,conventional_asymptotic_not_heteroskedasticity_robust,ARMA_BIC
1min,2,2,132840,12,7,False,30.4931377101362,7.708363639612123e-05,8,0.0001728786892004,16457.80133303001,0.0,12,11601.364887354988,0.0,1059.2323758143068,0.0,2271152.820375765,0.0,standardized_one_step_innovation,Aula4_h_minus_p_minus_q_minus_constant,conventional_asymptotic_not_heteroskedasticity_robust,ARMA_BIC
1min,2,2,132840,20,15,False,42.03948078436026,0.000221630212892,16,0.0003892839659934,17744.101635762778,0.0,12,11601.364887354988,0.0,1059.2323758143068,0.0,2271152.820375765,0.0,standardized_one_step_innovation,Aula4_h_minus_p_minus_q_minus_constant,conventional_asymptotic_not_heteroskedasticity_robust,ARMA_BIC
1min,2,2,132840,24,19,False,51.69221259130154,7.355580314430113e-05,20,0.000126234385736,18310.230975701183,0.0,12,11601.364887354988,0.0,1059.2323758143068,0.0,2271152.820375765,0.0,standardized_one_step_innovation,Aula4_h_minus_p_minus_q_minus_constant,conventional_asymptotic_not_heteroskedasticity_robust,ARMA_BIC
1min,2,2,132840,60,55,True,100.65864944263843,0.0001693278670541,56,0.0002345223638551,21088.452735661987,0.0,12,11601.364887354988,0.0,1059.2323758143068,0.0,2271152.820375765,0.0,standardized_one_step_innovation,Aula4_h_minus_p_minus_q_minus_constant,conventional_asymptotic_not_heteroskedasticity_robust,ARMA_BIC
1min,1,0,132840,10,8,False,37.457137615703125,9.481308107441208e-06,9,2.180630576461243e-05,15951.118682280996,0.0,12,11670.02233274851,0.0,1066.078381649099,0.0,2281053.3442547624,0.0,standardized_one_step_innovation,Aula4_h_minus_p_minus_q_minus_constant,conventional_asymptotic_not_heteroskedasticity_robust,AR_BIC
1min,1,0,132840,12,10,False,43.13273896487405,4.708482126169317e-06,11,1.0298065756343186e-05,16557.203129272035,0.0,12,11670.02233274851,0.0,1066.078381649099,0.0,2281053.3442547624,0.0,standardized_one_step_innovation,Aula4_h_minus_p_minus_q_minus_constant,conventional_asymptotic_not_heteroskedasticity_robust,AR_BIC
1min,1,0,132840,20,18,False,65.70820094040599,2.3710902242408137e-07,19,4.682275352250769e-07,17851.067411902233,0.0,12,11670.02233274851,0.0,1066.078381649099,0.0,2281053.3442547624,0.0,standardized_one_step_innovation,Aula4_h_minus_p_minus_q_minus_constant,conventional_asymptotic_not_heteroskedasticity_robust,AR_BIC
1min,1,0,132840,24,22,False,82.43333034154882,6.417635870583303e-09,23,1.2759273654519108e-08,18430.850617087952,0.0,12,11670.02233274851,0.0,1066.078381649099,0.0,2281053.3442547624,0.0,standardized_one_step_innovation,Aula4_h_minus_p_minus_q_minus_constant,conventional_asymptotic_not_heteroskedasticity_robust,AR_BIC
1min,1,0,132840,60,58,True,133.63052892143884,6.658253088496398e-08,59,1.0275173005796497e-07,21206.972082409746,0.0,12,11670.02233274851,0.0,1066.078381649099,0.0,2281053.3442547624,0.0,standardized_one_step_innovation,Aula4_h_minus_p_minus_q_minus_constant,conventional_asymptotic_not_heteroskedasticity_robust,AR_BIC
1min,0,1,132840,10,8,False,37.41092995762619,9.669046105562344e-06,9,2.222527010117253e-05,15952.757225500036,0.0,12,11671.17115504118,0.0,1066.193438465956,0.0,2281321.0242115627,0.0,standardized_one_step_innovation,Aula4_h_minus_p_minus_q_minus_constant,conventional_asymptotic_not_heteroskedasticity_robust,MA_BIC
1min,0,1,132840,12,10,False,43.0858325437604,4.800336204384433e-06,11,1.0493600057195075e-05,16558.749931368286,0.0,12,11671.17115504118,0.0,1066.193438465956,0.0,2281321.0242115627,0.0,standardized_one_step_innovation,Aula4_h_minus_p_minus_q_minus_constant,conventional_asymptotic_not_heteroskedasticity_robust,MA_BIC
1min,0,1,132840,20,18,False,65.66346716098666,2.4120281973614424e-07,19,4.761571941779711e-07,17852.529609673355,0.0,12,11671.17115504118,0.0,1066.193438465956,0.0,2281321.0242115627,0.0,standardized_one_step_innovation,Aula4_h_minus_p_minus_q_minus_constant,conventional_asymptotic_not_heteroskedasticity_robust,MA_BIC
1min,0,1,132840,24,22,False,82.38911157154644,6.527034762749944e-09,23,1.2973428577985421e-08,18432.283556949587,0.0,12,11671.17115504118,0.0,1066.193438465956,0.0,2281321.0242115627,0.0,standardized_one_step_innovation,Aula4_h_minus_p_minus_q_minus_constant,conventional_asymptotic_not_heteroskedasticity_robust,MA_BIC
1min,0,1,132840,60,58,True,133.58941343262643,6.73962022970313e-08,59,1.0399202877726117e-07,21208.142901900967,0.0,12,11671.17115504118,0.0,1066.193438465956,0.0,2281321.0242115627,0.0,standardized_one_step_innovation,Aula4_h_minus_p_minus_q_minus_constant,conventional_asymptotic_not_heteroskedasticity_robust,MA_BIC
5min,0,0,26568,10,9,False,17.67991723384295,0.0390739868633043,10,0.0606090625101177,959.549689175034,9.638277964981849e-200,12,803.4956016875742,2.9454966037080584e-164,69.0133000455899,7.263249997558136e-167,525920.2652150383,0.0,standardized_one_step_innovation,Aula4_h_minus_p_minus_q_minus_constant,conventional_asymptotic_not_heteroskedasticity_robust,ARMA_BIC
5min,0,0,26568,12,11,False,22.558483861854747,0.0203865328886202,12,0.0317168864142161,984.6936671651616,3.6566667940872623e-203,12,803.4956016875742,2.9454966037080584e-164,69.0133000455899,7.263249997558136e-167,525920.2652150383,0.0,standardized_one_step_innovation,Aula4_h_minus_p_minus_q_minus_constant,conventional_asymptotic_not_heteroskedasticity_robust,ARMA_BIC
5min,0,0,26568,20,19,False,31.38924038879185,0.0365727789549997,20,0.0502570852689038,1025.7259748741765,1.2716199648222309e-204,12,803.4956016875742,2.9454966037080584e-164,69.0133000455899,7.263249997558136e-167,525920.2652150383,0.0,standardized_one_step_innovation,Aula4_h_minus_p_minus_q_minus_constant,conventional_asymptotic_not_heteroskedasticity_robust,ARMA_BIC
5min,0,0,26568,24,23,True,33.18102130343621,0.0779638716673896,24,0.1003112054371139,1030.36016005903,3.161423558590214e-202,12,803.4956016875742,2.9454966037080584e-164,69.0133000455899,7.263249997558136e-167,525920.2652150383,0.0,standardized_one_step_innovation,Aula4_h_minus_p_minus_q_minus_constant,conventional_asymptotic_not_heteroskedasticity_robust,ARMA_BIC
5min,0,0,26568,60,59,False,68.77270130133817,0.1801212324356515,60,0.2046781677822436,1043.145001570265,2.3137738135725988e-179,12,803.4956016875742,2.9454966037080584e-164,69.0133000455899,7.263249997558136e-167,525920.2652150383,0.0,standardized_one_step_innovation,Aula4_h_minus_p_minus_q_minus_constant,conventional_asymptotic_not_heteroskedasticity_robust,ARMA_BIC
5min,1,0,26568,10,8,False,17.609601099272595,0.0243515746825245,9,0.0399827008080746,952.8821486636746,2.6287531244237337e-198,12,796.6816882066585,8.517933996524126e-163,68.41259910068094,2.2955777958596525e-165,525340.028430961,0.0,standardized_one_step_innovation,Aula4_h_minus_p_minus_q_minus_constant,conventional_asymptotic_not_heteroskedasticity_robust,AR_BIC
5min,1,0,26568,12,10,False,22.46565666371835,0.0129003738414527,11,0.0210039827147177,977.9614630540976,1.023525027903569e-201,12,796.6816882066585,8.517933996524126e-163,68.41259910068094,2.2955777958596525e-165,525340.028430961,0.0,standardized_one_step_innovation,Aula4_h_minus_p_minus_q_minus_constant,conventional_asymptotic_not_heteroskedasticity_robust,AR_BIC
5min,1,0,26568,20,18,False,31.305853404104877,0.0265276022524884,19,0.0373587431423005,1019.0210708755473,3.425515033983296e-203,12,796.6816882066585,8.517933996524126e-163,68.41259910068094,2.2955777958596525e-165,525340.028430961,0.0,standardized_one_step_innovation,Aula4_h_minus_p_minus_q_minus_constant,conventional_asymptotic_not_heteroskedasticity_robust,AR_BIC
5min,1,0,26568,24,22,True,33.09499315999133,0.0605500526323352,23,0.079425621802805,1023.6686915702012,8.353188635207638e-201,12,796.6816882066585,8.517933996524126e-163,68.41259910068094,2.2955777958596525e-165,525340.028430961,0.0,standardized_one_step_innovation,Aula4_h_minus_p_minus_q_minus_constant,conventional_asymptotic_not_heteroskedasticity_robust,AR_BIC
5min,1,0,26568,60,58,False,68.70243021003598,0.1587849389026717,59,0.1816586238520713,1036.4464858209212,5.469070804545747e-178,12,796.6816882066585,8.517933996524126e-163,68.41259910068094,2.2955777958596525e-165,525340.028430961,0.0,standardized_one_step_innovation,Aula4_h_minus_p_minus_q_minus_constant,conventional_asymptotic_not_heteroskedasticity_robust,AR_BIC
5min,0,1,26568,10,8,False,17.607893122717265,0.0243661529258414,9,0.0400050139856367,952.7149239913635,2.8559982071883527e-198,12,796.5136172070585,9.254936277638868e-163,68.39772022878537,2.5005920499198016e-165,525325.9268652222,0.0,standardized_one_step_innovation,Aula4_h_minus_p_minus_q_minus_constant,conventional_asymptotic_not_heteroskedasticity_robust,MA_BIC
5min,0,1,26568,12,10,False,22.46343264749257,0.0129101384160848,11,0.0210189879087343,977.7926318387084,1.112719155507565e-201,12,796.5136172070585,9.254936277638868e-163,68.39772022878537,2.5005920499198016e-165,525325.9268652222,0.0,standardized_one_step_innovation,Aula4_h_minus_p_minus_q_minus_constant,conventional_asymptotic_not_heteroskedasticity_robust,MA_BIC
5min,0,1,26568,20,18,False,31.303863147314413,0.0265417683088861,19,0.0373776860812985,1018.8530274284888,3.7202550565907867e-203,12,796.5136172070585,9.254936277638868e-163,68.39772022878537,2.5005920499198016e-165,525325.9268652222,0.0,standardized_one_step_innovation,Aula4_h_minus_p_minus_q_minus_constant,conventional_asymptotic_not_heteroskedasticity_robust,MA_BIC
5min,0,1,26568,24,22,True,33.0928962622205,0.0605790067849392,23,0.0794615393983695,1023.501033538198,9.067296899408962e-201,12,796.5136172070585,9.254936277638868e-163,68.39772022878537,2.5005920499198016e-165,525325.9268652222,0.0,standardized_one_step_innovation,Aula4_h_minus_p_minus_q_minus_constant,conventional_asymptotic_not_heteroskedasticity_robust,MA_BIC
5min,0,1,26568,60,58,False,68.7007770846694,0.1588181286465192,59,0.1816949020083492,1036.2786080148271,5.92013680338736e-178,12,796.5136172070585,9.254936277638868e-163,68.39772022878537,2.5005920499198016e-165,525325.9268652222,0.0,standardized_one_step_innovation,Aula4_h_minus_p_minus_q_minus_constant,conventional_asymptotic_not_heteroskedasticity_robust,MA_BIC
15min,0,0,8856,10,9,False,14.41620256501426,0.1082712596811516,10,0.1548395790016483,319.55990773451737,1.1304873482674921e-62,12,259.3864038121961,1.504180512625658e-48,22.23591959420204,2.6099715605810983e-49,26592.970609207085,0.0,standardized_one_step_innovation,Aula4_h_minus_p_minus_q_minus_constant,conventional_asymptotic_not_heteroskedasticity_robust,ARMA_BIC
15min,0,0,8856,12,11,False,14.767912151779925,0.1933704869910118,12,0.2543747540348255,320.0834483790355,2.8212570474839663e-61,12,259.3864038121961,1.504180512625658e-48,22.23591959420204,2.6099715605810983e-49,26592.970609207085,0.0,standardized_one_step_innovation,Aula4_h_minus_p_minus_q_minus_constant,conventional_asymptotic_not_heteroskedasticity_robust,ARMA_BIC
15min,0,0,8856,20,19,False,23.06933924192461,0.2343015237266504,20,0.2854026742417745,325.29433441104135,5.361013831442268e-57,12,259.3864038121961,1.504180512625658e-48,22.23591959420204,2.6099715605810983e-49,26592.970609207085,0.0,standardized_one_step_innovation,Aula4_h_minus_p_minus_q_minus_constant,conventional_asymptotic_not_heteroskedasticity_robust,ARMA_BIC
15min,0,0,8856,24,23,True,23.895298344734925,0.4096251111901344,24,0.4675974569699848,326.36323274525245,7.933374079997392e-55,12,259.3864038121961,1.504180512625658e-48,22.23591959420204,2.6099715605810983e-49,26592.970609207085,0.0,standardized_one_step_innovation,Aula4_h_minus_p_minus_q_minus_constant,conventional_asymptotic_not_heteroskedasticity_robust,ARMA_BIC
15min,0,0,8856,60,59,False,64.01487185470603,0.3049599509943212,60,0.3375309990355614,440.4857166458774,2.560547218406072e-59,12,259.3864038121961,1.504180512625658e-48,22.23591959420204,2.6099715605810983e-49,26592.970609207085,0.0,standardized_one_step_innovation,Aula4_h_minus_p_minus_q_minus_constant,conventional_asymptotic_not_heteroskedasticity_robust,ARMA_BIC
15min,1,0,8856,10,8,False,13.766121320824997,0.0880687617812065,9,0.1308913489686224,314.42511098315777,1.3813768568126916e-61,12,254.78883440580944,1.3712750652328804e-47,21.832643155186798,2.5040910235086197e-48,26557.586288719103,0.0,standardized_one_step_innovation,Aula4_h_minus_p_minus_q_minus_constant,conventional_asymptotic_not_heteroskedasticity_robust,AR_BIC
15min,1,0,8856,12,10,False,14.101252440619838,0.1684230710836838,11,0.2274413251995002,314.96821075846776,3.3608137750434917e-60,12,254.78883440580944,1.3712750652328804e-47,21.832643155186798,2.5040910235086197e-48,26557.586288719103,0.0,standardized_one_step_innovation,Aula4_h_minus_p_minus_q_minus_constant,conventional_asymptotic_not_heteroskedasticity_robust,AR_BIC
15min,1,0,8856,20,18,False,22.56306603050969,0.2079427523433231,19,0.2571354048976986,320.18925417806054,5.975490508455737e-56,12,254.78883440580944,1.3712750652328804e-47,21.832643155186798,2.5040910235086197e-48,26557.586288719103,0.0,standardized_one_step_innovation,Aula4_h_minus_p_minus_q_minus_constant,conventional_asymptotic_not_heteroskedasticity_robust,AR_BIC
15min,1,0,8856,24,22,True,23.392285937310653,0.379869591324914,23,0.4380685313200378,321.2515094668461,8.600641236763682e-54,12,254.78883440580944,1.3712750652328804e-47,21.832643155186798,2.5040910235086197e-48,26557.586288719103,0.0,standardized_one_step_innovation,Aula4_h_minus_p_minus_q_minus_constant,conventional_asymptotic_not_heteroskedasticity_robust,AR_BIC
15min,1,0,8856,60,58,False,63.78573481731806,0.2803663403469802,59,0.3119954880186139,435.6380586433909,2.100576957800949e-58,12,254.78883440580944,1.3712750652328804e-47,21.832643155186798,2.5040910235086197e-48,26557.586288719103,0.0,standardized_one_step_innovation,Aula4_h_minus_p_minus_q_minus_constant,conventional_asymptotic_not_heteroskedasticity_robust,AR_BIC
15min,0,1,8856,10,8,False,13.773601259216852,0.0878606349072306,9,0.1306096502174409,314.4727430562727,1.349678879040352e-61,12,254.83253010243843,1.3427821454996915e-47,21.836498504314367,2.4505458176349547e-48,26557.866351760666,0.0,standardized_one_step_innovation,Aula4_h_minus_p_minus_q_minus_constant,conventional_asymptotic_not_heteroskedasticity_robust,MA_BIC
15min,0,1,8856,12,10,False,14.109004094152723,0.1680774090863004,11,0.2270204245321151,315.0158427956953,3.2841843044722194e-60,12,254.83253010243843,1.3427821454996915e-47,21.836498504314367,2.4505458176349547e-48,26557.866351760666,0.0,standardized_one_step_innovation,Aula4_h_minus_p_minus_q_minus_constant,conventional_asymptotic_not_heteroskedasticity_robust,MA_BIC
15min,0,1,8856,20,18,False,22.56969345329697,0.2076710945090854,19,0.2568269826496503,320.2364185997867,5.843914961755724e-56,12,254.83253010243843,1.3427821454996915e-47,21.836498504314367,2.4505458176349547e-48,26557.866351760666,0.0,standardized_one_step_innovation,Aula4_h_minus_p_minus_q_minus_constant,conventional_asymptotic_not_heteroskedasticity_robust,MA_BIC
15min,0,1,8856,24,22,True,23.39885425464055,0.379508668823794,23,0.4376920851347236,321.29866432347694,8.413715832575593e-54,12,254.83253010243843,1.3427821454996915e-47,21.836498504314367,2.4505458176349547e-48,26557.866351760666,0.0,standardized_one_step_innovation,Aula4_h_minus_p_minus_q_minus_constant,conventional_asymptotic_not_heteroskedasticity_robust,MA_BIC
15min,0,1,8856,60,58,False,63.79066149012074,0.2802218492266196,59,0.3118433039485306,435.68701374162526,2.0564396435710912e-58,12,254.83253010243843,1.3427821454996915e-47,21.836498504314367,2.4505458176349547e-48,26557.866351760666,0.0,standardized_one_step_innovation,Aula4_h_minus_p_minus_q_minus_constant,conventional_asymptotic_not_heteroskedasticity_robust,MA_BIC
30min,0,0,4428,10,9,False,9.989009092413225,0.3513757240711932,10,0.4414580872162581,89.75546645165348,5.988495002294264e-15,12,78.81315869518895,6.9471936304624395e-12,6.667423501914455,5.416569926538448e-12,4759.4252341523015,0.0,standardized_one_step_innovation,Aula4_h_minus_p_minus_q_minus_constant,conventional_asymptotic_not_heteroskedasticity_robust,ARMA_BIC
30min,0,0,4428,12,11,False,10.14473840825961,0.5174168071195758,12,0.6032644215352776,91.94719446764232,2.0704251835531375e-14,12,78.81315869518895,6.9471936304624395e-12,6.667423501914455,5.416569926538448e-12,4759.4252341523015,0.0,standardized_one_step_innovation,Aula4_h_minus_p_minus_q_minus_constant,conventional_asymptotic_not_heteroskedasticity_robust,ARMA_BIC
30min,0,0,4428,20,19,False,21.80744097214638,0.2939442117812552,20,0.3510501948139272,135.0204309218908,4.428821591419071e-19,12,78.81315869518895,6.9471936304624395e-12,6.667423501914455,5.416569926538448e-12,4759.4252341523015,0.0,standardized_one_step_innovation,Aula4_h_minus_p_minus_q_minus_constant,conventional_asymptotic_not_heteroskedasticity_robust,ARMA_BIC
30min,0,0,4428,24,23,True,22.363418848969488,0.4984125208614073,24,0.5575854028300706,139.80126217166705,2.533472724768592e-18,12,78.81315869518895,6.9471936304624395e-12,6.667423501914455,5.416569926538448e-12,4759.4252341523015,0.0,standardized_one_step_innovation,Aula4_h_minus_p_minus_q_minus_constant,conventional_asymptotic_not_heteroskedasticity_robust,ARMA_BIC
30min,0,0,4428,60,59,False,63.902263472061065,0.3084066571108718,60,0.3411348560130683,254.6174116546334,8.239017320378006e-26,12,78.81315869518895,6.9471936304624395e-12,6.667423501914455,5.416569926538448e-12,4759.4252341523015,0.0,standardized_one_step_innovation,Aula4_h_minus_p_minus_q_minus_constant,conventional_asymptotic_not_heteroskedasticity_robust,ARMA_BIC
30min,1,0,4428,10,8,False,9.808752842023,0.278706435939029,9,0.366188599440811,88.98649996381874,8.505475336535905e-15,12,78.20540174727115,9.066366275056432e-12,6.616606960356695,7.0455670092931546e-12,4755.683849653531,0.0,standardized_one_step_innovation,Aula4_h_minus_p_minus_q_minus_constant,conventional_asymptotic_not_heteroskedasticity_robust,AR_BIC
30min,1,0,4428,12,10,False,9.964042470459008,0.4436536228575261,11,0.5336244434575128,91.20595165119973,2.8830418130593874e-14,12,78.20540174727115,9.066366275056432e-12,6.616606960356695,7.0455670092931546e-12,4755.683849653531,0.0,standardized_one_step_innovation,Aula4_h_minus_p_minus_q_minus_constant,conventional_asymptotic_not_heteroskedasticity_robust,AR_BIC
30min,1,0,4428,20,18,False,21.680971109328222,0.2464574712266944,19,0.3004203065286866,134.2193752894539,6.271345708728728e-19,12,78.20540174727115,9.066366275056432e-12,6.616606960356695,7.0455670092931546e-12,4755.683849653531,0.0,standardized_one_step_innovation,Aula4_h_minus_p_minus_q_minus_constant,conventional_asymptotic_not_heteroskedasticity_robust,AR_BIC
30min,1,0,4428,24,22,True,22.23625515421611,0.4458649842027505,23,0.5060299075678341,138.97120776757745,3.5973085737004685e-18,12,78.20540174727115,9.066366275056432e-12,6.616606960356695,7.0455670092931546e-12,4755.683849653531,0.0,standardized_one_step_innovation,Aula4_h_minus_p_minus_q_minus_constant,conventional_asymptotic_not_heteroskedasticity_robust,AR_BIC
30min,1,0,4428,60,58,False,64.03422388451253,0.2731329735951017,59,0.3043697559287493,252.9802533462892,1.5521935180027196e-25,12,78.20540174727115,9.066366275056432e-12,6.616606960356695,7.0455670092931546e-12,4755.683849653531,0.0,standardized_one_step_innovation,Aula4_h_minus_p_minus_q_minus_constant,conventional_asymptotic_not_heteroskedasticity_robust,AR_BIC
30min,0,1,4428,10,8,False,9.799562183913146,0.2793768767978034,9,0.366954297558129,88.94423906750286,8.671007951746903e-15,12,78.17301154346487,9.19585131418142e-12,6.613817174438673,7.147958170207724e-12,4755.419063382337,0.0,standardized_one_step_innovation,Aula4_h_minus_p_minus_q_minus_constant,conventional_asymptotic_not_heteroskedasticity_robust,MA_BIC
30min,0,1,4428,12,10,False,9.954796177705548,0.4444681058434142,11,0.5344578146495784,91.1648796280346,2.93639451229383e-14,12,78.17301154346487,9.19585131418142e-12,6.613817174438673,7.147958170207724e-12,4755.419063382337,0.0,standardized_one_step_innovation,Aula4_h_minus_p_minus_q_minus_constant,conventional_asymptotic_not_heteroskedasticity_robust,MA_BIC
30min,0,1,4428,20,18,False,21.67406233156685,0.2467777100865633,19,0.3007766520575505,134.17525012852172,6.39261422777585e-19,12,78.17301154346487,9.19585131418142e-12,6.613817174438673,7.147958170207724e-12,4755.419063382337,0.0,standardized_one_step_innovation,Aula4_h_minus_p_minus_q_minus_constant,conventional_asymptotic_not_heteroskedasticity_robust,MA_BIC
30min,0,1,4428,24,22,True,22.229153055501403,0.4462842082899631,23,0.5064561576720487,138.92546077472377,3.667452963449957e-18,12,78.17301154346487,9.19585131418142e-12,6.613817174438673,7.147958170207724e-12,4755.419063382337,0.0,standardized_one_step_innovation,Aula4_h_minus_p_minus_q_minus_constant,conventional_asymptotic_not_heteroskedasticity_robust,MA_BIC
30min,0,1,4428,60,58,False,64.03980730350256,0.2729717240086718,59,0.3041995902304815,252.89865417961417,1.6019261073773775e-25,12,78.17301154346487,9.19585131418142e-12,6.613817174438673,7.147958170207724e-12,4755.419063382337,0.0,standardized_one_step_innovation,Aula4_h_minus_p_minus_q_minus_constant,conventional_asymptotic_not_heteroskedasticity_robust,MA_BIC
60min,0,0,2214,10,9,False,9.284368520224856,0.4114494529275683,10,0.5053454461151523,42.753244840941,5.5044333544446845e-06,12,40.77994692729165,5.332979658897061e-05,3.44201043977166,4.876633170285651e-05,3210.298015735444,0.0,standardized_one_step_innovation,Aula4_h_minus_p_minus_q_minus_constant,conventional_asymptotic_not_heteroskedasticity_robust,ARMA_BIC
60min,0,0,2214,12,11,False,10.038041104280534,0.5269686060078099,12,0.6126232087486787,44.00002768926367,1.5271409497288848e-05,12,40.77994692729165,5.332979658897061e-05,3.44201043977166,4.876633170285651e-05,3210.298015735444,0.0,standardized_one_step_innovation,Aula4_h_minus_p_minus_q_minus_constant,conventional_asymptotic_not_heteroskedasticity_robust,ARMA_BIC
60min,0,0,2214,20,19,False,18.202115931414056,0.508977409552368,20,0.5740957910974804,67.92420637601589,3.959962425911918e-07,12,40.77994692729165,5.332979658897061e-05,3.44201043977166,4.876633170285651e-05,3210.298015735444,0.0,standardized_one_step_innovation,Aula4_h_minus_p_minus_q_minus_constant,conventional_asymptotic_not_heteroskedasticity_robust,ARMA_BIC
60min,0,0,2214,24,23,True,24.70167363628824,0.3658483300434518,24,0.4221142795126003,73.15851605140739,7.195167017251245e-07,12,40.77994692729165,5.332979658897061e-05,3.44201043977166,4.876633170285651e-05,3210.298015735444,0.0,standardized_one_step_innovation,Aula4_h_minus_p_minus_q_minus_constant,conventional_asymptotic_not_heteroskedasticity_robust,ARMA_BIC
60min,0,0,2214,60,59,False,54.57067308178789,0.6393101145834486,60,0.6736602170544447,172.1821502347122,8.976274453578822e-13,12,40.77994692729165,5.332979658897061e-05,3.44201043977166,4.876633170285651e-05,3210.298015735444,0.0,standardized_one_step_innovation,Aula4_h_minus_p_minus_q_minus_constant,conventional_asymptotic_not_heteroskedasticity_robust,ARMA_BIC
60min,1,0,2214,10,8,False,5.186884347702266,0.7374277201397089,9,0.8177221903395935,41.80765769891367,8.11319779268789e-06,12,39.95441850687282,7.317227921688138e-05,3.3726044027229616,6.679011944619042e-05,3029.3425615965434,0.0,standardized_one_step_innovation,Aula4_h_minus_p_minus_q_minus_constant,conventional_asymptotic_not_heteroskedasticity_robust,AR_BIC
60min,1,0,2214,12,10,False,5.828452324878336,0.8294640539241949,11,0.8845615609109251,43.08093274688444,2.1878266467622388e-05,12,39.95441850687282,7.317227921688138e-05,3.3726044027229616,6.679011944619042e-05,3029.3425615965434,0.0,standardized_one_step_innovation,Aula4_h_minus_p_minus_q_minus_constant,conventional_asymptotic_not_heteroskedasticity_robust,AR_BIC
60min,1,0,2214,20,18,False,13.8675526949106,0.7376835967758788,19,0.7913567876963712,66.69293723362604,6.254378816924995e-07,12,39.95441850687282,7.317227921688138e-05,3.3726044027229616,6.679011944619042e-05,3029.3425615965434,0.0,standardized_one_step_innovation,Aula4_h_minus_p_minus_q_minus_constant,conventional_asymptotic_not_heteroskedasticity_robust,AR_BIC
60min,1,0,2214,24,22,True,19.981802344691587,0.5841781032743962,23,0.6430093190320869,72.0805743646351,1.0537436623813852e-06,12,39.95441850687282,7.317227921688138e-05,3.3726044027229616,6.679011944619042e-05,3029.3425615965434,0.0,standardized_one_step_innovation,Aula4_h_minus_p_minus_q_minus_constant,conventional_asymptotic_not_heteroskedasticity_robust,AR_BIC
60min,1,0,2214,60,58,False,50.229087603963336,0.7561106242028711,59,0.7849723836399267,177.17118035436656,1.6734314830882676e-13,12,39.95441850687282,7.317227921688138e-05,3.3726044027229616,6.679011944619042e-05,3029.3425615965434,0.0,standardized_one_step_innovation,Aula4_h_minus_p_minus_q_minus_constant,conventional_asymptotic_not_heteroskedasticity_robust,AR_BIC
60min,0,1,2214,10,8,False,5.4131179476482645,0.7126456110606243,9,0.7969122157022054,41.759995269705904,8.273010672416539e-06,12,39.90902840352158,7.445204876069662e-05,3.3687022096518526,6.797825801021082e-05,3036.9104322531425,0.0,standardized_one_step_innovation,Aula4_h_minus_p_minus_q_minus_constant,conventional_asymptotic_not_heteroskedasticity_robust,MA_BIC
60min,0,1,2214,12,10,False,6.064374907334359,0.8098260408454145,11,0.8690345911034795,43.03124151461332,2.230640792223392e-05,12,39.90902840352158,7.445204876069662e-05,3.3687022096518526,6.797825801021082e-05,3036.9104322531425,0.0,standardized_one_step_innovation,Aula4_h_minus_p_minus_q_minus_constant,conventional_asymptotic_not_heteroskedasticity_robust,MA_BIC
60min,0,1,2214,20,18,False,14.116339206335528,0.7214763651458161,19,0.7768675767157098,66.6586852750889,6.334154683471584e-07,12,39.90902840352158,7.445204876069662e-05,3.3687022096518526,6.797825801021082e-05,3036.9104322531425,0.0,standardized_one_step_innovation,Aula4_h_minus_p_minus_q_minus_constant,conventional_asymptotic_not_heteroskedasticity_robust,MA_BIC
60min,0,1,2214,24,22,True,20.25879762463589,0.5668551478876254,23,0.626253707680964,72.05013984305258,1.065121279378199e-06,12,39.90902840352158,7.445204876069662e-05,3.3687022096518526,6.797825801021082e-05,3036.9104322531425,0.0,standardized_one_step_innovation,Aula4_h_minus_p_minus_q_minus_constant,conventional_asymptotic_not_heteroskedasticity_robust,MA_BIC
60min,0,1,2214,60,58,False,50.4967283320505,0.7474715520399365,59,0.776887352759176,176.73512834637833,1.939802371884963e-13,12,39.90902840352158,7.445204876069662e-05,3.3687022096518526,6.797825801021082e-05,3036.9104322531425,0.0,standardized_one_step_innovation,Aula4_h_minus_p_minus_q_minus_constant,conventional_asymptotic_not_heteroskedasticity_robust,MA_BIC
1d,0,0,246,10,9,False,9.983947402080368,0.3517863282793209,10,0.4419027672001602,26.621088070608213,0.0029888161772288,12,35.44656364599773,0.0003974359746713,3.2878179251616166,0.0002145796735816,26.014539188064024,2.2439573111599968e-06,standardized_one_step_innovation,Aula4_h_minus_p_minus_q_minus_constant,conventional_asymptotic_not_heteroskedasticity_robust,ARMA_BIC
1d,0,0,246,12,11,False,10.084182347783084,0.5228311806963337,12,0.6085754615726713,27.354290055790585,0.0068686047153252,12,35.44656364599773,0.0003974359746713,3.2878179251616166,0.0002145796735816,26.014539188064024,2.2439573111599968e-06,standardized_one_step_innovation,Aula4_h_minus_p_minus_q_minus_constant,conventional_asymptotic_not_heteroskedasticity_robust,ARMA_BIC
1d,0,0,246,20,19,True,19.92900543405743,0.3988615585775146,20,0.4623785881247307,41.25997868479692,0.0034490943673436,12,35.44656364599773,0.0003974359746713,3.2878179251616166,0.0002145796735816,26.014539188064024,2.2439573111599968e-06,standardized_one_step_innovation,Aula4_h_minus_p_minus_q_minus_constant,conventional_asymptotic_not_heteroskedasticity_robust,ARMA_BIC
1d,0,0,246,24,23,False,22.26736247553181,0.5041639216162543,24,0.5633124500393449,43.94762025983314,0.0077375819499473,12,35.44656364599773,0.0003974359746713,3.2878179251616166,0.0002145796735816,26.014539188064024,2.2439573111599968e-06,standardized_one_step_innovation,Aula4_h_minus_p_minus_q_minus_constant,conventional_asymptotic_not_heteroskedasticity_robust,ARMA_BIC
1d,1,0,246,10,8,False,9.503723610252036,0.3015979654179549,9,0.3921323809071887,25.246043947787467,0.0048981380790713,12,33.44251618339314,0.0008254043523345,3.0863271136960613,0.0004680404781099,23.70968574741844,7.104068756859818e-06,standardized_one_step_innovation,Aula4_h_minus_p_minus_q_minus_constant,conventional_asymptotic_not_heteroskedasticity_robust,AR_BIC
1d,1,0,246,12,10,False,9.627883930306668,0.4737238744065533,11,0.5641367933583918,25.89758560047368,0.0110977156376197,12,33.44251618339314,0.0008254043523345,3.0863271136960613,0.0004680404781099,23.70968574741844,7.104068756859818e-06,standardized_one_step_innovation,Aula4_h_minus_p_minus_q_minus_constant,conventional_asymptotic_not_heteroskedasticity_robust,AR_BIC
1d,1,0,246,20,18,True,18.6686756883764,0.4124871602001192,19,0.4782682877149851,40.03841997263078,0.0049398408877269,12,33.44251618339314,0.0008254043523345,3.0863271136960613,0.0004680404781099,23.70968574741844,7.104068756859818e-06,standardized_one_step_innovation,Aula4_h_minus_p_minus_q_minus_constant,conventional_asymptotic_not_heteroskedasticity_robust,AR_BIC
1d,1,0,246,24,22,False,21.138330079899067,0.5122036249597393,23,0.5726401084930086,42.94703553690228,0.010086467648325,12,33.44251618339314,0.0008254043523345,3.0863271136960613,0.0004680404781099,23.70968574741844,7.104068756859818e-06,standardized_one_step_innovation,Aula4_h_minus_p_minus_q_minus_constant,conventional_asymptotic_not_heteroskedasticity_robust,AR_BIC
1d,0,1,246,10,8,False,9.506277436424613,0.3014008176352541,9,0.3919106838304043,25.29198781328377,0.0048186820666427,12,33.51122245096905,0.000805176040747,3.0937329961848348,0.0004548767963499,23.755809572076032,6.942110062718907e-06,standardized_one_step_innovation,Aula4_h_minus_p_minus_q_minus_constant,conventional_asymptotic_not_heteroskedasticity_robust,MA_BIC
1d,0,1,246,12,10,False,9.628160631360924,0.4736987497886216,11,0.5641115174084357,25.93480228571069,0.0109641776762217,12,33.51122245096905,0.000805176040747,3.0937329961848348,0.0004548767963499,23.755809572076032,6.942110062718907e-06,standardized_one_step_innovation,Aula4_h_minus_p_minus_q_minus_constant,conventional_asymptotic_not_heteroskedasticity_robust,MA_BIC
1d,0,1,246,20,18,True,18.7025625640676,0.4103503301835579,19,0.4760607092398118,40.042975596362815,0.0049332904161086,12,33.51122245096905,0.000805176040747,3.0937329961848348,0.0004548767963499,23.755809572076032,6.942110062718907e-06,standardized_one_step_innovation,Aula4_h_minus_p_minus_q_minus_constant,conventional_asymptotic_not_heteroskedasticity_robust,MA_BIC
1d,0,1,246,24,22,False,21.169859055192507,0.5102627049953419,23,0.570715125292933,42.94743785838306,0.0100854023503943,12,33.51122245096905,0.000805176040747,3.0937329961848348,0.0004548767963499,23.755809572076032,6.942110062718907e-06,standardized_one_step_innovation,Aula4_h_minus_p_minus_q_minus_constant,conventional_asymptotic_not_heteroskedasticity_robust,MA_BIC
