clock,observed_days,returns_n,mean_return_pct,std_return_pct,mean_abs_return_pct,inside_analysis_window,return_statistics_suppressed
09:00,243,0,,,,False,True
09:01,245,243,-0.01419155998957017,0.11864803378620033,0.0935841395596856,False,False
09:02,246,245,0.0025327942033155585,0.07705656646502419,0.05971636347226537,False,False
09:03,248,246,0.000445864030670498,0.07217327400438762,0.05568391415067543,False,False
09:04,248,248,0.004467238351708575,0.057297029020446893,0.0442064129551001,False,False
09:05,248,248,-0.007052970313407764,0.060635316607151185,0.047436672753574265,True,False
09:06,249,248,-0.0010420886304028834,0.049053230528453784,0.03754108360185465,True,False
09:07,249,249,-0.00441729738642153,0.04716668706774362,0.034796603566094333,True,False
09:08,249,249,-0.0011639973818727346,0.04288887081167422,0.03147252308332455,True,False
09:09,249,249,-0.001172710389232218,0.047679655920488014,0.03473144265685768,True,False
09:10,249,249,-0.005598442821197581,0.04098765389745558,0.031005569401742053,True,False
09:11,249,249,0.003112067891653732,0.03928548048681541,0.028891818748616866,True,False
09:12,249,249,0.006560783430470255,0.03849151438755306,0.029110827750191342,True,False
09:13,249,249,0.004799408726072637,0.04564549448441711,0.02866869637943667,True,False
09:14,249,249,0.0058014071168798675,0.0413817289472616,0.028564149038752595,True,False
09:15,249,249,-0.0009847147007267586,0.038959534947371616,0.030068018410260227,True,False
09:16,249,249,-0.003753022123080631,0.03750398958896259,0.02827919003408261,True,False
09:17,249,249,0.00046416999040209167,0.03532080179118196,0.02582448404194472,True,False
09:18,249,249,-0.0004103903113402754,0.037897036447402235,0.027935577760042993,True,False
09:19,249,249,0.00020622787603201555,0.030907052839484635,0.023810143653216168,True,False
09:20,249,249,-0.0010013986841857234,0.03198465363875289,0.024452191001227835,True,False
09:21,249,249,-0.0009129386879611982,0.035026759263856205,0.02652154692932137,True,False
09:22,249,249,-0.0008090602857433384,0.03157853725627614,0.024467802802310937,True,False
09:23,249,249,-0.0033088971481360597,0.03759794836225386,0.028268309793859293,True,False
09:24,249,249,-0.0031797923621051647,0.03233518165225982,0.02341593383144452,True,False
09:25,249,249,-0.0007751584987027277,0.033504192003401996,0.02446655249755138,True,False
09:26,249,249,-0.0016136131046215374,0.03074776501473555,0.022257938223913407,True,False
09:27,249,249,0.005440760352591346,0.029651074685314253,0.023096093343526213,True,False
09:28,249,249,0.0028167213810883908,0.03051285825034003,0.021490985805559894,True,False
09:29,249,249,-0.0003342474022390314,0.03568245274078045,0.023764419058775296,True,False
09:30,249,249,-0.0022428587550733176,0.12218205409640258,0.05214919080013523,True,False
09:31,248,248,-0.0008423503601649658,0.0501214243419781,0.032766700295725086,True,False
09:32,249,248,0.0001708578909717441,0.04632403221729772,0.031892200972952874,True,False
09:33,249,249,-0.0013070631204897473,0.03565511177453246,0.02556212288354955,True,False
09:34,249,249,-0.00274497212504571,0.03886022106216084,0.026747857355679062,True,False
09:35,249,249,-0.002248479601582625,0.0357474118480712,0.02505279311532103,True,False
09:36,249,249,-0.002993116686831061,0.033381662149715954,0.02401159556075131,True,False
09:37,249,249,-0.0005490096148094326,0.03814266930593961,0.02572470302346185,True,False
09:38,249,249,0.0007211866958229981,0.03484289788663475,0.02539632831645247,True,False
09:39,249,249,-0.0009313288522042307,0.03329123660133811,0.02441720828538884,True,False
09:40,249,249,-0.0037284074742373326,0.03387035689179963,0.023911841715153065,True,False
09:41,249,249,-0.0008980988563739718,0.0334997483441771,0.024202137705026976,True,False
09:42,249,249,0.004900785718346547,0.03526151048754117,0.024301569249547492,True,False
09:43,249,249,-0.002231253569699025,0.03139795609372498,0.023596927200954396,True,False
09:44,249,249,0.002519544512528259,0.03169606766396405,0.022128157281885334,True,False
09:45,249,249,-0.0012334775220250776,0.03158852963154619,0.024088647397713738,True,False
09:46,249,249,-0.0008616045920404106,0.02967151448255071,0.022535930846401677,True,False
09:47,249,249,0.001520375285363946,0.030849932744569326,0.022096028390478587,True,False
09:48,249,249,-0.0007525132851888673,0.030166370147923838,0.022524668772831064,True,False
09:49,249,249,-0.0003900293027590289,0.0291746711114081,0.022369176409648462,True,False
09:50,249,249,-0.000645699561356547,0.03204280841768801,0.0231402124373656,True,False
09:51,249,249,0.0018773283847597303,0.029836466715668974,0.02145346609934623,True,False
09:52,249,249,0.0025778246338674766,0.03173841007953285,0.024020428815352768,True,False
09:53,249,249,-0.0015750436723813235,0.029966406753222243,0.02223799584082661,True,False
09:54,249,249,0.0002664560014353969,0.02758716197057261,0.02103593595207471,True,False
09:55,249,249,0.001337028891102742,0.030819686492813313,0.022186024294918488,True,False
09:56,249,249,-0.002812364300365953,0.02986351391815255,0.0230852166725399,True,False
09:57,249,249,-0.0016561113053016336,0.029509614862926813,0.02279315842525217,True,False
09:58,249,249,-0.0005672589340656871,0.02935198620901711,0.022634280487140418,True,False
09:59,249,249,0.0014250595376595749,0.03459360351509773,0.024981832034733694,True,False
10:00,249,249,-0.010046905377446222,0.042221135714085235,0.03433675304471547,True,False
10:01,249,249,-0.002884292118146344,0.041006364943549936,0.032815507606545787,True,False
10:02,249,249,0.006437385407397605,0.0421224157969723,0.0325549941875244,True,False
10:03,249,249,-0.002860376894676735,0.04232094925276786,0.032732006354086775,True,False
10:04,249,249,0.0069382360001732,0.04306288994410872,0.034090169740800355,True,False
10:05,249,249,9.674978148667183e-05,0.040148004456446895,0.030814589107700838,True,False
10:06,249,249,0.0006689426550741673,0.04432959431896479,0.03325457459394611,True,False
10:07,249,249,0.001655674244409861,0.043137883428043804,0.03233668157202867,True,False
10:08,249,249,0.003140770524532814,0.04965640755501946,0.03757999751095883,True,False
10:09,249,249,0.0037740226356964006,0.04334780518730322,0.0325697811934269,True,False
10:10,249,249,0.0012994080451799235,0.04566299616722822,0.03534440774167037,True,False
10:11,249,249,0.003164666756741598,0.04817315958649564,0.03886580329705307,True,False
10:12,248,248,-0.00492260735436647,0.04499824352392453,0.035579348587554065,True,False
10:13,249,248,-0.0010878473033689299,0.046539037932398,0.03645558561354642,True,False
10:14,249,249,-0.004222795167864586,0.04613263989829293,0.036393775902188626,True,False
10:15,249,249,0.008449948461518605,0.06082172716564574,0.04876935008027725,True,False
10:16,249,249,-0.00029030429950404154,0.05251439631407028,0.04191114832812033,True,False
10:17,248,248,-0.00748129160819334,0.050800362785272134,0.039697155962203606,True,False
10:18,249,248,-0.004336505357309704,0.049264359352246656,0.03795591238471638,True,False
10:19,249,249,0.0005766177256096963,0.04762044385626797,0.035510859758685405,True,False
10:20,249,249,-0.002273699849688874,0.04965149803422641,0.03920376611543213,True,False
10:21,249,249,-0.003933720536783824,0.05037750407289364,0.03923165308956321,True,False
10:22,248,248,-0.0025696171216500136,0.04530872133245299,0.03479912153557176,True,False
10:23,249,248,-0.0038627796298268536,0.046080291676444764,0.03646703737776076,True,False
10:24,249,249,0.0012736229231365486,0.04240980638673795,0.032223081261368094,True,False
10:25,249,249,-0.0027199903465956335,0.04390981441645701,0.034023772658035065,True,False
10:26,249,249,-0.0023543485558996636,0.04231790731944104,0.033463270456533155,True,False
10:27,249,249,0.0055950017678380575,0.04742766658054779,0.035793708830326634,True,False
10:28,249,249,-0.004090256010010941,0.04512336342178708,0.03572871508032153,True,False
10:29,249,249,0.0023006018972241563,0.04362817324260691,0.03362120645295343,True,False
10:30,249,249,-0.001441557924498784,0.07200445548684786,0.04599990225026475,True,False
10:31,249,249,-0.002071546745124176,0.06310926165998847,0.048457754368346595,True,False
10:32,249,249,0.0025474253461988945,0.05964921067275037,0.04678654362954865,True,False
10:33,249,249,0.0003326429324206721,0.06212673101081341,0.04782080777989785,True,False
10:34,249,249,0.004702625304229136,0.05239454020690632,0.040364771735004586,True,False
10:35,249,249,0.0008241431823953617,0.05054578846563296,0.03878284196238899,True,False
10:36,249,249,-0.0024955809274363576,0.04942299894165357,0.03932536475838684,True,False
10:37,249,249,0.0033520653554254096,0.044418416768415965,0.034399859956104506,True,False
10:38,249,249,0.006862940020694031,0.05371104126259727,0.0427956661626577,True,False
10:39,249,249,-0.0041635979076200735,0.053650418962499655,0.040614392950685564,True,False
10:40,249,249,0.002499154109953383,0.04645368987002956,0.034192220195771866,True,False
10:41,249,249,0.006285074765435287,0.049808128650324586,0.03934978186979042,True,False
10:42,249,249,-0.0034234044627852655,0.04618429433902511,0.035153451504196714,True,False
10:43,249,249,-0.0009086506057464612,0.049784815745974924,0.038685966463536905,True,False
10:44,249,249,-0.0030230078402055504,0.044854394292080796,0.035340145533894286,True,False
10:45,249,249,-0.002484386703153053,0.05154497573057472,0.037836926447558455,True,False
10:46,249,249,0.0008862101971685977,0.044442276787965605,0.03463386597234039,True,False
10:47,249,249,-0.0011060165182061694,0.04481047731026556,0.03556954902717912,True,False
10:48,249,249,-0.001497029189337411,0.04796746162733736,0.035856306208848526,True,False
10:49,249,249,-0.002087328541715512,0.039724974395304376,0.0298431948105856,True,False
10:50,249,249,0.0009267001625975086,0.04334203019898725,0.034417846212289285,True,False
10:51,249,249,-0.0017809755910074842,0.04372488504640826,0.03328920379181979,True,False
10:52,249,249,0.003194683743774007,0.04207553906866115,0.03293474945202803,True,False
10:53,249,249,-0.0014235214782442088,0.042138194510615755,0.03326109558533828,True,False
10:54,249,249,0.0021762452977761686,0.042276154635361725,0.03271030813020225,True,False
10:55,249,249,-0.0021665353493417554,0.039341075880631245,0.030235208523925163,True,False
10:56,249,249,-0.006468430224971217,0.04071077328904372,0.030619520993988226,True,False
10:57,249,249,0.0010145010868494926,0.038712906019100136,0.029239504310550543,True,False
10:58,249,249,-0.0013030647082076243,0.03661698970816297,0.028838524098647327,True,False
10:59,249,249,-0.0008314107907498741,0.03674429513134503,0.028003812648759282,True,False
11:00,249,249,0.0002465975327489961,0.0604510210831671,0.04403292853724033,True,False
11:01,249,249,-0.0012284641088059639,0.04867562777509701,0.03745027858676583,True,False
11:02,249,249,0.004337142609779514,0.04142046009835759,0.032168269857513046,True,False
11:03,249,249,-0.0006536868324333983,0.0402850507665238,0.031188155218955363,True,False
11:04,249,249,-0.002987819566980316,0.037168179375634866,0.029719668476662044,True,False
11:05,249,249,0.002039181531306733,0.040716465349231734,0.03067162816023115,True,False
11:06,249,249,-0.003411434964519317,0.04405684656582557,0.033705336117275095,True,False
11:07,249,249,-0.0003933728503826239,0.03944434188072415,0.029139828199961495,True,False
11:08,249,249,0.0009772101054063838,0.0405039265376433,0.030973336838919046,True,False
11:09,249,249,0.0014142575340985904,0.03814041865180151,0.029435525160563414,True,False
11:10,249,249,-0.003392873690036183,0.040145478971249766,0.03175371418887591,True,False
11:11,249,249,-0.001144609193507164,0.04000601217218768,0.03088475063135735,True,False
11:12,249,249,-0.0029637719666475272,0.037281439430000216,0.029192436707349844,True,False
11:13,249,249,0.001501874720735284,0.03960244221969748,0.030555637282383526,True,False
11:14,249,249,-0.00407888634835503,0.03942536578765185,0.028621869135149684,True,False
11:15,249,249,0.002919795225413766,0.03883306110911101,0.029746942172627713,True,False
11:16,249,249,3.356468532931091e-05,0.03553646002446121,0.028013395016808242,True,False
11:17,249,249,-0.001268519432088322,0.03754490591141636,0.02864540384945516,True,False
11:18,249,249,-0.0030502309243164573,0.03861705762053258,0.030848156075106412,True,False
11:19,249,249,0.0007672149386339327,0.03971054900631188,0.030641399239347805,True,False
11:20,249,249,-0.0037831868914426927,0.03461685473973318,0.027431204264307243,True,False
11:21,249,249,-0.0027036213950164846,0.03658163601381602,0.029683565652768168,True,False
11:22,249,249,0.00159097971327266,0.03649972907147306,0.02809222798572543,True,False
11:23,249,249,0.0006908963548549636,0.039632949561483236,0.03187062300170877,True,False
11:24,249,249,0.0012243488029353151,0.033497016567380924,0.02654363068960488,True,False
11:25,249,249,0.001186789495899899,0.033172213411740994,0.025821963622962362,True,False
11:26,249,249,-0.003126240719421872,0.03580029327603974,0.028760449814706608,True,False
11:27,249,249,-0.0030318248234762254,0.03558368431628514,0.027787089999058427,True,False
11:28,249,249,0.000111660513419316,0.038709193305609124,0.030715044813435587,True,False
11:29,249,249,-0.003727832158352263,0.038815372037588426,0.030200374511699688,True,False
11:30,249,249,-0.004617478460014475,0.044225078391183316,0.03498055412892628,True,False
11:31,249,249,-0.0016517910953571797,0.04782568841732249,0.03771788715141822,True,False
11:32,249,249,-0.003947035370562247,0.04037878961287946,0.031705831969222914,True,False
11:33,249,249,0.0032780040074465453,0.04281770799455839,0.03200037827361471,True,False
11:34,249,249,0.0027585936341385027,0.04434685767763626,0.03230958514910827,True,False
11:35,249,249,-0.0033747565691701767,0.040932797249271576,0.03090973739409548,True,False
11:36,249,249,0.0018243022502960511,0.04139004854439791,0.030221347372893594,True,False
11:37,249,249,0.0032228518923070075,0.04387032191477991,0.032849283682483583,True,False
11:38,249,249,-0.0020338222204009638,0.04009231149699521,0.03139200381673094,True,False
11:39,249,249,0.0032181740286439924,0.03573006297680362,0.026435738684190236,True,False
11:40,249,249,-0.005263952206683864,0.036613164051083044,0.028423137538308368,True,False
11:41,249,249,0.002200770758000921,0.04039372616251576,0.031650862235464275,True,False
11:42,249,249,-0.00037302228139002427,0.03741532732898267,0.028797254792510083,True,False
11:43,249,249,-0.003656377420773383,0.03669203907257501,0.02824628241072795,True,False
11:44,249,249,0.004167428091548319,0.03949903326092671,0.0289889125102335,True,False
11:45,249,249,0.0010969012030028818,0.034290916209727726,0.02704852767518357,True,False
11:46,249,249,0.0017083726887817698,0.03411862179222744,0.026566318340402018,True,False
11:47,249,249,0.003239085497078796,0.034033050776787185,0.025953228626200843,True,False
11:48,249,249,0.003021934094769219,0.035226355108485846,0.027637032373769323,True,False
11:49,249,249,-0.002281803269522907,0.034067000997791294,0.026221989180973248,True,False
11:50,249,249,-0.001007943055488117,0.03543005799643263,0.026632487318051373,True,False
11:51,249,249,-0.00315398896711599,0.035352602143046225,0.027811544455115682,True,False
11:52,249,249,0.002656270052703386,0.0384560257653202,0.029539715484145492,True,False
11:53,249,249,-0.0016631616450651064,0.03788700992031816,0.029452818422584248,True,False
11:54,249,249,0.002300425821615883,0.031216478818532206,0.023826109652349298,True,False
11:55,249,249,0.0013073028998275163,0.03221368588217899,0.02525688981013039,True,False
11:56,249,249,-0.0016280641579779905,0.031179022925412678,0.02273910938771974,True,False
11:57,249,249,-0.003377337157691846,0.03784905192197854,0.026369809221066305,True,False
11:58,249,249,0.0001466397797931635,0.032585066283434744,0.025196299483746982,True,False
11:59,249,249,-0.00187465567222035,0.03133694585522511,0.0243044697123329,True,False
12:00,249,249,-0.0011472366388108027,0.05304726322030921,0.03670351566114279,True,False
12:01,249,249,-0.001060559361481118,0.03912921167369212,0.028294476748742824,True,False
12:02,249,249,-0.00012973896811534747,0.03331596717677997,0.025455858591485737,True,False
12:03,249,249,0.0016746562156058637,0.035753699333924444,0.028477325245425986,True,False
12:04,249,249,-0.0038478767256453473,0.035409624130080926,0.026413902759799986,True,False
12:05,249,249,0.0016486886016637023,0.03309322425588596,0.026139435509690643,True,False
12:06,249,249,0.001288917625301034,0.035537529174193,0.027242799607506245,True,False
12:07,249,249,-0.0014491281862090125,0.03645725086650362,0.027245191310023124,True,False
12:08,249,249,0.0008030370082031754,0.035617062214592286,0.026848303862293407,True,False
12:09,249,249,-0.0020827083486444774,0.03127455387202493,0.023435847825002343,True,False
12:10,249,249,-0.0016594289893831628,0.029890896533018015,0.023432048800235868,True,False
12:11,249,249,-0.002308553838960047,0.028648845993366118,0.02284247677767624,True,False
12:12,249,249,0.0010589725485784102,0.03557132690706531,0.023570201371883984,True,False
12:13,249,249,0.00020261653693033784,0.029712316081880567,0.022840645659057697,True,False
12:14,249,249,0.002086883329464368,0.03582021261890316,0.025397649412429116,True,False
12:15,249,249,-0.0009190409890363042,0.03035133835456122,0.022424291568401082,True,False
12:16,249,249,-6.681078499733424e-05,0.03118668345582958,0.02271633327969207,True,False
12:17,249,249,0.0011401647232511518,0.03334889483828193,0.025031796876230302,True,False
12:18,249,249,0.0018639849518273803,0.03125844279131637,0.023902183540187735,True,False
12:19,249,249,-0.0029268278161807214,0.029607676600067488,0.02262571504738116,True,False
12:20,249,249,0.0007861624703862451,0.030821555951701145,0.023851803470219684,True,False
12:21,249,249,0.0010557664850418006,0.029719583250127895,0.022962121762729545,True,False
12:22,249,249,-0.000708727216527728,0.02975008666102792,0.022961377357883905,True,False
12:23,249,249,-0.0001886953511690232,0.03151862695961565,0.023863565759297774,True,False
12:24,249,249,-0.0014053843332194314,0.027917617144807456,0.02146549815206638,True,False
12:25,249,249,-0.0002588345285475064,0.030335036038819648,0.02180251549025345,True,False
12:26,249,249,0.001221119236347438,0.029035258512494132,0.0220132645704113,True,False
12:27,249,249,-0.001081170926238028,0.02979326620175986,0.021982839683325556,True,False
12:28,249,249,-0.00041548169784701606,0.031607398881217136,0.022689617193937733,True,False
12:29,249,249,-0.0004459415961536522,0.026451648500741325,0.020033929354014525,True,False
12:30,249,249,-0.0032725935480253797,0.03271770196084745,0.02476551940422392,True,False
12:31,249,249,0.001261782518614535,0.03158191452495833,0.023943320387604928,True,False
12:32,249,249,0.0024372376175825065,0.02956676207449966,0.021337947086124524,True,False
12:33,249,249,-0.0018484997880210971,0.0275193932923497,0.020950399975201626,True,False
12:34,249,249,0.0007928923056961822,0.02544550607689583,0.018740436741633032,True,False
12:35,249,249,0.0016331644264499883,0.029618782176259555,0.023209632129082333,True,False
12:36,249,249,0.001214312189309404,0.029234450844064785,0.022369845923524635,True,False
12:37,249,249,0.0028654820368168034,0.029515219877587814,0.02206006315170002,True,False
12:38,249,249,0.0032656880532564224,0.027741394124978322,0.02203722565343665,True,False
12:39,249,249,8.310537789980631e-05,0.02624848970315864,0.02016812518623623,True,False
12:40,249,249,0.0005771876142012285,0.026926268846341285,0.02070819776232212,True,False
12:41,249,249,0.00037738584639500654,0.026852473152892548,0.019413498980916627,True,False
12:42,249,249,-0.00017466145277811042,0.028619031087917936,0.021979989587844907,True,False
12:43,249,249,-7.886093170617243e-05,0.02444078825688259,0.01905013714717954,True,False
12:44,249,249,-0.0016710608486908954,0.026168013072021913,0.019107010079368315,True,False
12:45,249,249,-0.00019865142478035598,0.025072651468196875,0.019283282622858753,True,False
12:46,249,249,-0.00030055708191492955,0.023942848868859473,0.018574693586095536,True,False
12:47,249,249,-0.001919802988833829,0.025173597623792336,0.018971524463383495,True,False
12:48,249,249,-0.0014360683814406874,0.027521155278733497,0.0195131004315667,True,False
12:49,249,249,-0.0007636985585424202,0.025414286910245217,0.019470344185847133,True,False
12:50,249,249,-0.0004902788835014373,0.027134903211920254,0.020693099378541458,True,False
12:51,249,249,0.0022658175112299445,0.02487873928682731,0.018810189072964816,True,False
12:52,249,249,-0.0010244210667281527,0.02734051844385479,0.02098120934285663,True,False
12:53,249,249,-0.001124954318298323,0.02242031626698811,0.017590576071207516,True,False
12:54,249,249,-0.00043934542297428196,0.024528278053877108,0.018199645985960338,True,False
12:55,249,249,0.0005800718951338408,0.025383929747837975,0.018814333511032937,True,False
12:56,249,249,0.002758238464622836,0.025273889597781405,0.019521506649858956,True,False
12:57,249,249,-0.0009887757403615203,0.023901124764118105,0.016870277556061217,True,False
12:58,249,249,-0.0007114383466588381,0.0218918124008623,0.016757274766788274,True,False
12:59,249,249,-0.0002482417636541242,0.022529482021681556,0.016788193537352093,True,False
13:00,250,249,-0.0038009437211526664,0.032819835265829427,0.02476882854146405,True,False
13:01,250,250,-0.0007110528521095498,0.027993956130524907,0.02057369117932445,True,False
13:02,250,250,-0.00410478980646371,0.029996309502593917,0.02259723421777554,True,False
13:03,250,250,-0.0003863223026675275,0.02815619466730542,0.021270015964962127,True,False
13:04,250,250,0.0008551100405882082,0.024669305575953523,0.019144143279024223,True,False
13:05,250,250,0.0015131597400178398,0.02698452081991014,0.020929644256025448,True,False
13:06,250,250,0.00019670511561799977,0.02769201052825444,0.020853333104794296,True,False
13:07,250,250,-0.0015968769374955242,0.02605527929698609,0.01950745224006626,True,False
13:08,250,250,-0.0012262920535669724,0.0263770052856669,0.01944497227587344,True,False
13:09,250,250,-0.0036755561196002624,0.02411815330543611,0.017586060261391066,True,False
13:10,250,250,0.001407199304876435,0.02494989477832086,0.01886882841728461,True,False
13:11,250,250,0.002112375622104095,0.025721683137422433,0.019210951402006564,True,False
13:12,250,250,-0.0005638839978856854,0.026530222260858966,0.02012657554263595,True,False
13:13,250,250,-0.0007865686133882412,0.02374141105167796,0.01811928312874564,True,False
13:14,250,250,0.0022031321288744233,0.023110088333451708,0.0182175460252529,True,False
13:15,250,250,-0.0008712305763574503,0.02253872660232435,0.01724766921617848,True,False
13:16,250,250,0.00035058458382237486,0.023307696687916112,0.01781232988240878,True,False
13:17,250,250,0.002641748997355402,0.02315907243354619,0.017673290893843414,True,False
13:18,250,250,-0.00028097672497564424,0.023072167672210552,0.01750832919528302,True,False
13:19,250,250,-0.00043255998154896906,0.02337848159271715,0.017639124514722097,True,False
13:20,250,250,0.0021250192897377266,0.024231248363305983,0.018168048479115753,True,False
13:21,250,250,0.0016051755102698556,0.02631274313678499,0.01872883184805191,True,False
13:22,250,250,-0.0032865620894517947,0.02394742538169862,0.01817237877090999,True,False
13:23,250,250,-0.0013869110424720938,0.024283004924196095,0.018638779912687743,True,False
13:24,250,250,0.0034837057319680453,0.022820742158257766,0.01725262674638388,True,False
13:25,250,250,0.0006768937603522996,0.024942799824302458,0.019003417683123542,True,False
13:26,250,250,0.0011592568825128141,0.024899112513673688,0.01902409910501639,True,False
13:27,250,250,-0.001944206531826745,0.022567499582066018,0.017186419025062016,True,False
13:28,250,250,-0.0007259236500652311,0.025300819117310584,0.018180898305672932,True,False
13:29,250,250,0.0005073874454154816,0.022295384856071715,0.016843977897997738,True,False
13:30,250,250,-0.0020681624297866686,0.027451196800595646,0.021034593503447385,True,False
13:31,250,250,0.0007748960424106587,0.024430145692341865,0.018409768172851983,True,False
13:32,250,250,-0.001889421516596148,0.023270366745491093,0.01765129873536814,True,False
13:33,250,250,-0.000752930784843745,0.025078794639266662,0.01938993884656295,True,False
13:34,250,250,0.0016651403544822876,0.026997267069861084,0.019807551539080107,True,False
13:35,250,250,-3.433627684383289e-05,0.024527929939949566,0.018833781640933748,True,False
13:36,250,250,-0.0012632264557865091,0.024247960085203288,0.01846116096466901,True,False
13:37,250,250,0.0022029900705065066,0.025515141357815598,0.019380372026093592,True,False
13:38,250,250,0.0005470960044487659,0.025015648133879985,0.01859120510205005,True,False
13:39,250,250,0.0017332553107939623,0.022706935913549546,0.017482835614186093,True,False
13:40,250,250,0.0001495599097670468,0.025377351298861595,0.018915096584302345,True,False
13:41,250,250,-3.3436150919395196e-05,0.027126135490706194,0.020094860744229226,True,False
13:42,250,250,-0.0013947916916625257,0.025853699407075346,0.019929883847250418,True,False
13:43,250,250,0.00045200126036802347,0.024032197989171857,0.018001609036934485,True,False
13:44,250,250,0.00037103561379037695,0.023008121433956856,0.01757538955315043,True,False
13:45,250,250,6.967360749959254e-05,0.021807238670905556,0.01709865599218119,True,False
13:46,250,250,-0.001106810183103326,0.025090651396810965,0.01893179243451407,True,False
13:47,250,250,-0.0018531947277455182,0.0257010868969539,0.018817125589211278,True,False
13:48,250,250,0.0024715964618363733,0.023663938575857815,0.018221678599455993,True,False
13:49,250,250,-0.0005306806160190018,0.02818087799465311,0.0191050538210158,True,False
13:50,250,250,2.8105634211057883e-05,0.03556415379541342,0.02104551482052181,True,False
13:51,250,250,-0.0036961302042680297,0.061305938407182424,0.024517128476961934,True,False
13:52,250,250,0.0051369897796058805,0.03653663149840863,0.02335602724056686,True,False
13:53,250,250,0.0030853006222601996,0.029546049857186014,0.01933832346313103,True,False
13:54,250,250,0.0003613981013670117,0.02317657449706518,0.01675966040256575,True,False
13:55,250,250,-0.0014626335882442297,0.02498830008370609,0.019065785765427754,True,False
13:56,250,250,0.002591530522408483,0.026830291656620424,0.01946959993524915,True,False
13:57,250,250,-0.0005804345068976637,0.02416987847652824,0.01774265744327273,True,False
13:58,250,250,-0.0004452439457903824,0.026006172167390873,0.01920007615323884,True,False
13:59,250,250,-0.0012574881169095718,0.022350242834720348,0.01678148179773538,True,False
14:00,250,250,-0.004049689844224952,0.028669123251458595,0.022257045040410935,True,False
14:01,250,250,0.004679044476285474,0.03392494003164503,0.023500775946745153,True,False
14:02,250,250,-0.0008903811479387853,0.027698598478782605,0.02077957851811967,True,False
14:03,250,250,-0.0008924996320491422,0.029278543473032922,0.01985799479651963,True,False
14:04,250,250,5.2803862673545896e-05,0.025521634978716387,0.01857505411847887,True,False
14:05,250,250,-0.0029258135289520525,0.03025444126118844,0.020299373808970515,True,False
14:06,250,250,0.0021721922336135806,0.02597275605000447,0.019438989750375477,True,False
14:07,250,250,-0.00014669592151342873,0.02312658452621011,0.017404384139330337,True,False
14:08,250,250,0.0008718449855490822,0.024754537073336327,0.018220494776335895,True,False
14:09,250,250,-0.0008281470755746197,0.023604696455199064,0.01818730565434013,True,False
14:10,250,250,-0.0005170226020278144,0.026195992705315186,0.019989116541185566,True,False
14:11,250,250,-0.0024688181686204516,0.02775492044263472,0.020366954123828447,True,False
14:12,250,250,-0.0002676644752818798,0.026964637476319022,0.020464986991094846,True,False
14:13,250,250,0.001825789824164513,0.026274830787069065,0.02009935048483652,True,False
14:14,250,250,0.002038502969587507,0.023955558120074417,0.01762784996600246,True,False
14:15,250,250,-0.0011898926944301947,0.024715134427413497,0.018819369464467942,True,False
14:16,250,250,0.00047424514502005004,0.02495404751421381,0.019488749416668345,True,False
14:17,250,250,-0.0006760471883151474,0.02588008620794276,0.01916846313911954,True,False
14:18,250,250,-0.0011564706833267896,0.02652953436627791,0.019394847436745834,True,False
14:19,250,250,4.342866463483576e-05,0.02476758955036527,0.01855910219745358,True,False
14:20,250,250,0.003768129087471735,0.02636346098788954,0.020620287198226027,True,False
14:21,250,250,-0.0001605453299796061,0.027872815855501644,0.021155255202133325,True,False
14:22,250,250,0.001324122377618442,0.02586760148193228,0.020235078223391094,True,False
14:23,250,250,0.0001140541277968435,0.025434566312210905,0.01953313372315298,True,False
14:24,250,250,-0.00015339471078432018,0.024797163371196175,0.01757951900188965,True,False
14:25,250,250,0.00014413958813612704,0.025267627035893466,0.01920099117762499,True,False
14:26,250,250,0.001344050451452488,0.026306126909962656,0.01911366727069492,True,False
14:27,250,250,-0.0005912292528276385,0.02555074036132005,0.019036516212746758,True,False
14:28,250,250,-0.002299777428825458,0.026729980717950703,0.020505584811924042,True,False
14:29,250,250,0.0022151380093528433,0.023923811056707857,0.01811352264377376,True,False
14:30,250,250,-0.0023036887972066166,0.026837509670985336,0.02053385159999881,True,False
14:31,250,250,0.0026732074857120413,0.026305041132170488,0.0191328563954859,True,False
14:32,250,250,-0.0023666196211587394,0.02463894425065851,0.017898910903361095,True,False
14:33,250,250,-0.0002731963836172727,0.02418590808135534,0.01839885258359087,True,False
14:34,250,250,0.003124360585986797,0.025132067578551586,0.018873302683487126,True,False
14:35,250,250,0.0005727243791038484,0.024717846703056403,0.018522367326426366,True,False
14:36,250,250,0.0009025429513893668,0.02668505698973215,0.02057552354212313,True,False
14:37,250,250,0.00036129281570199205,0.024652943666156855,0.017971448483718934,True,False
14:38,250,250,-0.00032802447136254324,0.026708738511577665,0.019751968617096004,True,False
14:39,250,250,-0.0011326231260385172,0.024816252422766374,0.018870228246045537,True,False
14:40,250,250,-0.0017518751858021612,0.024126880915957518,0.018610492256085624,True,False
14:41,250,250,0.0008561196651185511,0.023575559003673703,0.01798869634798054,True,False
14:42,250,250,0.0029554452022178303,0.026527601789915235,0.020525820343727363,True,False
14:43,250,250,-0.0012739088153674988,0.029142659450227232,0.020777958900085925,True,False
14:44,250,250,0.0023637526511903896,0.02297938088458447,0.017186532593354155,True,False
14:45,250,250,-0.002171278216493084,0.0233910982938627,0.017420424661049472,True,False
14:46,250,250,-0.001239033613406585,0.025419648249228648,0.01894681816955378,True,False
14:47,250,250,0.004169733168971756,0.028170992969377234,0.02045683438028329,True,False
14:48,250,250,-0.001855856737587603,0.024098929864570382,0.018643238129989425,True,False
14:49,250,250,-0.0015469608148289446,0.023927856930610586,0.0181086868200041,True,False
14:50,250,250,-0.0010721141551736232,0.025170573795670753,0.019808972274825164,True,False
14:51,250,250,-0.0021964271278996444,0.026402439126167895,0.01983224134857056,True,False
14:52,250,250,0.002318211985773617,0.02731111657703735,0.020530012793575525,True,False
14:53,250,250,0.0010567981108443325,0.026239506133518026,0.019420769289871628,True,False
14:54,250,250,0.001099368605121525,0.025468658515274075,0.019159573540337288,True,False
14:55,250,250,0.0010203678910031256,0.028018844273937017,0.020767058533131218,True,False
14:56,250,250,0.002990057020245568,0.02684812888271846,0.019991504608609625,True,False
14:57,250,250,0.0005139793564815765,0.023516923737633613,0.017466867734060216,True,False
14:58,250,250,-0.0012027329511612246,0.02439503240880734,0.018235593094070815,True,False
14:59,250,250,-0.0009597349508445645,0.023896830655257193,0.01668984628957796,True,False
15:00,250,250,-0.004043922590373277,0.045772884632082095,0.026715827949926847,True,False
15:01,250,250,-0.0014298770934950931,0.03353188076789236,0.023070389592687562,True,False
15:02,250,250,-0.00016640163413891311,0.03205400384163632,0.023031131015056775,True,False
15:03,250,250,0.0008381387011365256,0.027550646680446628,0.020666042072844452,True,False
15:04,250,250,0.0018807553393858482,0.027697225584332037,0.020727625503858975,True,False
15:05,250,250,-0.0014362084328686888,0.027079255079582303,0.020646420200148008,True,False
15:06,250,250,-0.00016281629530861172,0.026709092461620416,0.02033367608813557,True,False
15:07,250,250,5.065323425242132e-05,0.025764552474670646,0.019113110860195577,True,False
15:08,250,250,0.00264143414395646,0.029080114999906537,0.02166053384727946,True,False
15:09,250,250,0.0022993156261309675,0.0238410984825791,0.018290321707079803,True,False
15:10,250,250,-0.0015587128098287592,0.027236994887128028,0.020645923620674123,True,False
15:11,250,250,-0.0009283121178145281,0.025078387272355753,0.019035646042823665,True,False
15:12,250,250,-0.0015177442302513144,0.025959728033519796,0.01959094716324014,True,False
15:13,250,250,0.001017567586235361,0.024492869198648355,0.017832038804585216,True,False
15:14,250,250,-0.0005419230816830291,0.02441125940005019,0.018620843323019325,True,False
15:15,250,250,0.0020159874666538105,0.02402866783489515,0.017941310861776895,True,False
15:16,250,250,-0.0008976804482096413,0.02404499436436555,0.01826633671985171,True,False
15:17,250,250,0.0012951346337515717,0.0252862082999369,0.018151042660199634,True,False
15:18,250,250,-0.0008967507608182836,0.0236392062555468,0.017632454684398807,True,False
15:19,250,250,0.001369076450545927,0.02343954832117147,0.01761157467297305,True,False
15:20,250,250,0.002313872128347075,0.02371337838034334,0.01809780756906815,True,False
15:21,250,250,-0.0004088555461907446,0.02418132187583475,0.018064341608014633,True,False
15:22,250,250,0.0013606316716443423,0.02785653933688221,0.0189638098160438,True,False
15:23,250,250,-9.75942752629582e-05,0.024630701709528833,0.019476868759991203,True,False
15:24,250,250,3.307973490341432e-05,0.025343568419186557,0.017723736195215903,True,False
15:25,250,250,0.003933109169827907,0.023952207203659016,0.018166675515474785,True,False
15:26,250,250,0.0015875452516164585,0.022949910320497008,0.016949965862366558,True,False
15:27,250,250,0.0008295461787501358,0.02451635592304129,0.01819814725915085,True,False
15:28,250,250,-0.0014545636996742173,0.02333730445307931,0.0176061153674491,True,False
15:29,250,250,-0.001341381400268918,0.023109538350493765,0.017211144190524746,True,False
15:30,250,250,-0.0021364701702684644,0.026334862600351946,0.020804175664442676,True,False
15:31,250,250,0.001951750824382618,0.02294989111372506,0.017685309288943227,True,False
15:32,250,250,-0.00018517784233571764,0.024357724448578977,0.019531220470949955,True,False
15:33,250,250,-0.0010605208354328365,0.0244383576586738,0.0186114882159648,True,False
15:34,250,250,0.0008447514123673975,0.021662225458922827,0.016136741531370416,True,False
15:35,250,250,0.0002150966155201125,0.027248285356466038,0.019087608246392898,True,False
15:36,250,250,0.0017363305157856751,0.0249679315703357,0.018765224415661325,True,False
15:37,250,250,0.0018271097306428632,0.026628474683645684,0.02008791778913003,True,False
15:38,250,250,4.544683758977097e-05,0.02242143749955624,0.016981188639176425,True,False
15:39,250,250,0.00042537510706926017,0.02314677597293678,0.015960983452910138,True,False
15:40,250,250,-0.0029548624207174274,0.02700138298474998,0.019801787978105067,True,False
15:41,250,250,-0.00016983675021472157,0.026609537478567417,0.01959885076436565,True,False
15:42,250,250,-8.904469276226568e-05,0.02585048482118244,0.019469650182982644,True,False
15:43,250,250,-0.0026528318610086563,0.023214760536898773,0.017963981098718933,True,False
15:44,250,250,-0.0008209672739282748,0.022885620204250938,0.017567388642456026,True,False
15:45,250,250,0.0016479830343538743,0.025243588262389486,0.01866491258303892,True,False
15:46,250,250,0.0009678220101337703,0.024558561323861677,0.0182617672809826,True,False
15:47,250,250,-0.0009885019793555046,0.026512629795090555,0.018941086808649504,True,False
15:48,250,250,-0.0006895365490531618,0.023755827343415265,0.0171481085373667,True,False
15:49,250,250,-0.00033778601017002977,0.024060291771523877,0.016363952426069313,True,False
15:50,250,250,0.0005168232949282718,0.02766924752341611,0.020107419086934718,True,False
15:51,250,250,0.0001854454655866004,0.023593151459242047,0.0177840227455719,True,False
15:52,250,250,-0.0027627516504385237,0.02651328080327265,0.019085744446138055,True,False
15:53,250,250,0.0030513574202575082,0.024855870616764517,0.0185831921032643,True,False
15:54,250,250,-0.0011793263712820946,0.021798159599016976,0.016407949967675386,True,False
15:55,250,250,0.0023862102600589086,0.023447354818068387,0.01754059426287342,True,False
15:56,250,250,0.0010764566487919758,0.02331515917784533,0.01721453198462241,True,False
15:57,250,250,-0.001405227722637427,0.022104051637280245,0.01617476294448931,True,False
15:58,250,250,-0.001336932343555611,0.02241690090551923,0.01622784881649286,True,False
15:59,250,250,-0.003162416023254444,0.02269445991096407,0.015668880100999222,True,False
16:00,250,250,-0.00332941377414708,0.03268230338241888,0.02316997156852147,True,False
16:01,250,250,0.002172695876236767,0.026767526496133627,0.0194805905860113,True,False
16:02,250,250,-0.0033244901708947626,0.025717393042768908,0.01977112506640226,True,False
16:03,250,250,-0.0019408711772644892,0.02459810014299711,0.018099708900885664,True,False
16:04,250,250,-0.00021411179716933484,0.02291032965396493,0.016332950912394815,True,False
16:05,250,250,-0.002034047773882765,0.024394026014272395,0.018277307194930606,True,False
16:06,250,250,-0.001134723168136853,0.022811791536362966,0.01784127662698141,True,False
16:07,250,250,0.0018016154529269062,0.023401626375776672,0.017215487063189715,True,False
16:08,250,250,-0.00038812071764008797,0.023029948072782285,0.01735533316740808,True,False
16:09,250,250,-0.0015232036860552349,0.021018237014291424,0.015403377229502921,True,False
16:10,250,250,0.0002799459155436218,0.024062720151086552,0.016733534395959215,True,False
16:11,250,250,-0.0002415651839785369,0.02445010300180789,0.018241893528481143,True,False
16:12,250,250,-0.00047896266825361806,0.023996104819474177,0.018973392458474608,True,False
16:13,250,250,0.001210649114598686,0.023281254079904366,0.016952345009157953,True,False
16:14,250,250,-0.00030547031432435063,0.029812949212435918,0.018927531435401934,True,False
16:15,250,250,-0.00013118456429436507,0.024419985693627338,0.018245885180578843,True,False
16:16,250,250,0.001769060611030274,0.022111164130625766,0.017054330041440427,True,False
16:17,250,250,-0.0027278492042249122,0.02440626486371926,0.017972809845473017,True,False
16:18,250,250,0.0018704478203055714,0.024701483073300244,0.017959724276211026,True,False
16:19,250,250,0.0017783606656093633,0.020359762580060663,0.015563749539652663,True,False
16:20,250,250,0.0028459420288154853,0.02804809632284635,0.02083126121140224,True,False
16:21,250,250,0.0026091094469832595,0.022719017068258514,0.016740631054483333,True,False
16:22,250,250,0.0006350399202771853,0.02158437262085708,0.01606506679623756,True,False
16:23,250,250,0.0013324452093494677,0.021492599023848594,0.015146632572592062,True,False
16:24,250,250,0.0026093492234055453,0.021162379312159058,0.016118308269149863,True,False
16:25,250,250,0.00297767482369667,0.022950438930437314,0.016978063215310365,True,False
16:26,250,250,0.0005431714446420789,0.022061444792045196,0.01649782101284655,True,False
16:27,250,250,0.0006136430996634139,0.022871724062509837,0.015704384673306305,True,False
16:28,250,250,-6.441208173788222e-05,0.021492331171747463,0.016192952336207732,True,False
16:29,250,250,0.00022668806798441376,0.016801660683217604,0.01284033392775547,True,False
16:30,250,250,-0.0007004927943352904,0.024181804362055564,0.018686175926695164,True,False
16:31,250,250,-0.0007547637595025062,0.02735580190025866,0.01923138001715019,True,False
16:32,250,250,0.0006801275336289503,0.02720247111916178,0.018317911320952344,True,False
16:33,250,250,-0.00023838493426855308,0.03886337961927781,0.02044868024111481,True,False
16:34,250,250,0.0009913192769191478,0.04759951428983942,0.018384101417798598,True,False
16:35,250,250,0.004651252718438688,0.051150309018290104,0.019877603169447252,True,False
16:36,250,250,-0.0017055496873095099,0.027442149472946993,0.019552930703425116,True,False
16:37,250,250,0.0019753875207481003,0.024883195516618873,0.01690571377341486,True,False
16:38,250,250,-0.003714989874996219,0.02391371558334171,0.01636575948485819,True,False
16:39,250,250,-0.00010463591255095592,0.024113701770099888,0.01672199584221952,True,False
16:40,250,250,0.0034519987704377036,0.024358119505792773,0.018427774452938035,True,False
16:41,250,250,-0.0026396735079460064,0.02606971544822392,0.01858905165040477,True,False
16:42,250,250,0.0013413012399680216,0.026091462751691018,0.016946646761149545,True,False
16:43,250,250,0.0010766077741437648,0.021211057646927153,0.015423430265791623,True,False
16:44,250,250,-0.0006208973986453618,0.02281989836649594,0.016604377546021523,True,False
16:45,250,250,0.0012167159887982368,0.029204464517014663,0.01938626319729607,True,False
16:46,250,250,0.0020175197024494924,0.022066442691510195,0.016541872641084046,True,False
16:47,250,250,-0.0009877205709434976,0.02391945604149946,0.016695226666885596,True,False
16:48,250,250,-0.0006339683354635,0.023581436363962576,0.01654365054711139,True,False
16:49,250,250,0.001996361160353102,0.022221494675015493,0.016082557399346,True,False
16:50,250,250,0.002005761889563021,0.030752982949224596,0.021884996938928456,True,False
16:51,250,250,-0.002357638926800352,0.027841617024423188,0.019067558458251893,True,False
16:52,250,250,-0.001253225712053287,0.025862260235224477,0.01824101183619887,True,False
16:53,250,250,0.0020550628684564993,0.02609415887071124,0.01652839672579516,True,False
16:54,250,250,0.003241669637616552,0.026982296695850793,0.01865375033728561,True,False
16:55,250,250,-0.002861856641343116,0.03262508404596169,0.023859876297820926,True,False
16:56,250,250,-0.0024853991040102432,0.024473079542121304,0.017956359935925568,True,False
16:57,250,250,0.0017059281983597373,0.024089278531109225,0.017023540544583427,True,False
16:58,250,250,-0.0009005425064627044,0.02257994485685804,0.017004002542923106,True,False
16:59,250,250,-0.0006005453415474998,0.02530417957593319,0.018376398934620477,True,False
17:00,250,250,-0.0026754003829808507,0.03917595787877841,0.031106577714910266,True,False
17:01,250,250,-0.0006169321198420103,0.02911963140714579,0.020490194173301883,True,False
17:02,250,250,-0.003200372800809276,0.02829668417412264,0.020141204268305367,True,False
17:03,250,250,-0.0037106796274786963,0.020117242446233332,0.015938748528569188,True,False
17:04,250,250,-0.0022542979886514118,0.023847459480432216,0.015651601750023184,True,False
17:05,250,250,-0.002646852351314463,0.02383393655213641,0.017330021366424482,True,False
17:06,250,250,-0.0013575352340489657,0.021496801275733755,0.015934120187215493,True,False
17:07,250,250,-0.0012177604290237764,0.021613767985902,0.01668296015250388,True,False
17:08,250,250,-0.0016583846562559428,0.02183666458616156,0.01575560371255707,True,False
17:09,250,250,-0.0020311832721704322,0.02155553762392593,0.014923581238546405,True,False
17:10,250,250,0.00286977719323235,0.02801979556361881,0.01765164253155919,True,False
17:11,250,250,-0.002513327036676645,0.02432464907409555,0.015582046754081869,True,False
17:12,250,250,0.0013870812041933292,0.023166518122080884,0.014957278284738335,True,False
17:13,250,250,-0.001522843409076579,0.017910431119938213,0.012879993158507675,True,False
17:14,250,250,-0.002269723702995285,0.01943860346467285,0.01411825614695445,True,False
17:15,250,250,0.004254182969259233,0.02160717712505494,0.0163282071464845,True,False
17:16,250,250,0.0021337548208951594,0.02405962219258911,0.01758906911666794,True,False
17:17,250,250,0.0014089704132358304,0.021147788387955564,0.014011389355865494,True,False
17:18,250,250,-0.0008835605243007785,0.01780689276089458,0.012702959608992943,True,False
17:19,250,250,0.00042901533972054416,0.021377007755849678,0.014031220264143095,True,False
17:20,250,250,-3.747803773424824e-05,0.02336372849854776,0.01654618170317183,True,False
17:21,250,250,0.0014820257959859396,0.023080529847543014,0.014943189111417043,True,False
17:22,250,250,0.0010554070029958832,0.020948801968204228,0.013175702695877927,True,False
17:23,250,250,-0.0017684885775167904,0.021318223481885615,0.013622433616853643,True,False
17:24,250,250,0.0008921852026143282,0.019976963231053312,0.013673241989161726,True,False
17:25,250,250,0.000689662086132153,0.020424946414700614,0.01511753268564206,True,False
17:26,250,250,-0.0017531265172612718,0.02257948567683571,0.014797419847798029,True,False
17:27,250,250,-0.00125851201653703,0.01902054196502677,0.012750949057318191,True,False
17:28,250,250,-0.00036100654758649186,0.023640153061175548,0.017295027233443984,True,False
17:29,250,250,-0.002678921378458617,0.021699353831247322,0.014329795520837001,True,False
17:30,250,250,-0.0013731022545772702,0.02692501353080905,0.018580327210412136,True,False
17:31,250,250,0.0006996316928395033,0.022141030633761907,0.015277094373070225,True,False
17:32,250,250,9.57577267702158e-05,0.022991244289094156,0.014488177279396011,True,False
17:33,250,250,-0.0023272085211546796,0.01799207359537896,0.012746412301577371,True,False
17:34,250,250,0.0006199317732515328,0.020532956411218842,0.012387957303048893,True,False
17:35,250,250,0.00026460761844134174,0.022782258119613683,0.015219543181597645,True,False
17:36,250,250,0.0032162791840395074,0.021226708676030024,0.013720765418630602,True,False
17:37,250,250,-0.0016010966385264355,0.019733266217875182,0.01339381720871274,True,False
17:38,250,250,-0.001035471982367051,0.0203958815031205,0.0123198602936323,True,False
17:39,250,250,0.0004563453864281903,0.021171084264532194,0.013422174982284868,True,False
17:40,250,250,-0.0005159590942851058,0.029060114268045317,0.018074257928105235,True,False
17:41,250,250,-0.000736081278010346,0.02993455359430912,0.015408593405744266,True,False
17:42,250,250,-0.0020259712883104147,0.022574635293416346,0.014155978337214836,True,False
17:43,250,250,0.0007276176142183715,0.017689103748815257,0.011649787299387227,True,False
17:44,250,250,0.00015864693955818635,0.018916570934251344,0.01236745155181946,True,False
17:45,250,250,0.0006654648516679507,0.022607386428728005,0.01555669512342698,True,False
17:46,250,250,0.003641534948034649,0.023258738119154677,0.015481243084636522,True,False
17:47,250,250,-0.0006178506979852592,0.02069891793198724,0.013598683828556137,True,False
17:48,250,250,0.002995725625838168,0.02114454230438615,0.013864778373645206,True,False
17:49,250,250,-0.002506709448223702,0.021435877975665665,0.014674516458458462,True,False
17:50,250,250,0.0047158037041675795,0.026973433017346855,0.018875445335943927,True,False
17:51,250,250,0.00015993765269936493,0.020984350757520448,0.014778405657334605,True,False
17:52,250,250,0.0011811030712129086,0.021193971067584853,0.014274949237811719,True,False
17:53,250,250,0.0017219394749399513,0.01944186672904964,0.01274108334967095,True,False
17:54,250,250,0.0016257108360041394,0.018541293347382474,0.013389102799359275,True,False
17:55,250,250,-0.0032572594794398123,0.02962494783382043,0.01910873587110682,True,False
17:56,250,250,5.003175962780432e-05,0.017374739813153114,0.012172143387584334,True,False
17:57,250,250,-0.0002554223576516748,0.01964272995216376,0.013495389820084294,True,False
17:58,250,250,0.0010492628624842882,0.02200376360415321,0.014983523003501151,True,False
17:59,250,250,0.0021301716663261637,0.022710227594010552,0.015502062959731479,True,False
18:00,250,250,-0.0024620862531011447,0.02557298635361095,0.01822603826427231,True,False
18:01,250,250,0.000603025501400892,0.020700494390575575,0.013077611652161605,True,False
18:02,250,250,-0.0019436449173017955,0.018719931333214656,0.013272134997855222,True,False
18:03,250,250,-0.00015971387886941861,0.01929163496451073,0.012590151696558716,True,False
18:04,250,250,-0.00040200092310517874,0.01878029426261978,0.012713498622582585,True,False
18:05,250,250,-0.0008495573660373785,0.01848529624353486,0.01350756222943767,False,False
18:06,250,250,0.0021386447297846163,0.020185342064387907,0.013268273774882029,False,False
18:07,250,250,-0.0015207269342684356,0.018363776448289286,0.012657442287147887,False,False
18:08,250,250,-0.00035028095597842946,0.01979197219191819,0.012881727960144819,False,False
18:09,250,250,0.00021259344547154628,0.01636473028394404,0.010966024947577237,False,False
18:10,250,250,0.0003613878310668846,0.02100686933131949,0.014975079899533929,False,False
18:11,250,250,-0.0012901491262150239,0.016331508494472183,0.01127198744610986,False,False
18:12,250,250,-0.000222834637681613,0.0208534535742495,0.013601084736262007,False,False
18:13,250,250,0.0005646271520514615,0.0208669028563702,0.01455193705042558,False,False
18:14,250,250,0.00040233753925851063,0.022146932277362558,0.01626056072621842,False,False
18:15,250,250,0.0009522732639267679,0.029475340460086295,0.021116954191819137,False,False
18:16,250,250,-0.0011237053717000616,0.02537621744707348,0.016256124167672446,False,False
18:17,250,250,0.0012868377321868037,0.019263703247100725,0.01194492272230754,False,False
18:18,250,250,-0.0002265388465739772,0.019031718315103578,0.012702685344989374,False,False
18:19,250,250,0.0018880856720648238,0.03189993276730276,0.02175551946743693,False,False
18:20,250,250,-0.0010419226470313972,0.032452164131040136,0.02413475635297274,False,False
18:21,250,250,0.00010594202329674142,0.022581105261446698,0.015287166205188007,False,False
18:22,250,250,0.0007819614574329369,0.018497567351908887,0.01409616478652854,False,False
18:23,250,250,-0.0005253414296238871,0.023148980832135815,0.016529866599385053,False,False
18:24,250,250,0.0058331678005472416,0.04556769487994383,0.02322255944332844,False,False
18:25,1,1,,,,False,True
18:30,1,0,,,,False,True
18:31,248,1,,,,False,True
18:38,1,0,,,,False,True
18:44,1,0,,,,False,True
18:46,1,0,,,,False,True
18:55,1,0,,,,False,True
18:59,1,0,,,,False,True
