scale,lag,acf,pacf,n,valid_pairs,white_noise_pointwise_band,pacf_method,sequence,model
1min,1,-0.0026622532677618,-0.0026622532677618,132840,132839,0.0053776389150922,Yule_Walker_MLE,annual_trading_time,ARMA_BIC
1min,2,-0.000517495850007,-0.0005245871605287,132840,132838,0.0053776389150922,Yule_Walker_MLE,annual_trading_time,ARMA_BIC
1min,3,0.0011527172320877,0.0011499506872977,132840,132837,0.0053776389150922,Yule_Walker_MLE,annual_trading_time,ARMA_BIC
1min,4,-0.0005508134436071,-0.0005449568635155,132840,132836,0.0053776389150922,Yule_Walker_MLE,annual_trading_time,ARMA_BIC
1min,5,-0.0094067912926114,-0.0094085972706598,132840,132835,0.0053776389150922,Yule_Walker_MLE,annual_trading_time,ARMA_BIC
1min,6,0.0053420612066274,0.005290541242896,132840,132834,0.0053776389150922,Yule_Walker_MLE,annual_trading_time,ARMA_BIC
1min,7,-0.0051904782974081,-0.0051714178289288,132840,132833,0.0053776389150922,Yule_Walker_MLE,annual_trading_time,ARMA_BIC
1min,8,-0.0003491741198435,-0.0003495403936809,132840,132832,0.0053776389150922,Yule_Walker_MLE,annual_trading_time,ARMA_BIC
1min,9,0.0013705488263537,0.0013407763482342,132840,132831,0.0053776389150922,Yule_Walker_MLE,annual_trading_time,ARMA_BIC
1min,10,-0.0056557093542169,-0.0057205904579299,132840,132830,0.0053776389150922,Yule_Walker_MLE,annual_trading_time,ARMA_BIC
1min,11,0.0016247010676863,0.0016919340994583,132840,132829,0.0053776389150922,Yule_Walker_MLE,annual_trading_time,ARMA_BIC
1min,12,0.006320673748109,0.006195130307462,132840,132828,0.0053776389150922,Yule_Walker_MLE,annual_trading_time,ARMA_BIC
1min,13,-0.0025511356666162,-0.0024549961899452,132840,132827,0.0053776389150922,Yule_Walker_MLE,annual_trading_time,ARMA_BIC
1min,14,-0.0004667334430639,-0.0004805002512488,132840,132826,0.0053776389150922,Yule_Walker_MLE,annual_trading_time,ARMA_BIC
1min,15,0.004610281026831,0.0044691921343321,132840,132825,0.0053776389150922,Yule_Walker_MLE,annual_trading_time,ARMA_BIC
1min,16,-0.0066297202244862,-0.0064911338800882,132840,132824,0.0053776389150922,Yule_Walker_MLE,annual_trading_time,ARMA_BIC
1min,17,-0.0020559840256095,-0.0020444791931699,132840,132823,0.0053776389150922,Yule_Walker_MLE,annual_trading_time,ARMA_BIC
1min,18,0.0016002785994202,0.0014715326702672,132840,132822,0.0053776389150922,Yule_Walker_MLE,annual_trading_time,ARMA_BIC
1min,19,-0.0009511107355248,-0.0008288846133186,132840,132821,0.0053776389150922,Yule_Walker_MLE,annual_trading_time,ARMA_BIC
1min,20,-0.0026982973301814,-0.0026720119872558,132840,132820,0.0053776389150922,Yule_Walker_MLE,annual_trading_time,ARMA_BIC
1min,21,-0.0048656366271268,-0.0050624662729191,132840,132819,0.0053776389150922,Yule_Walker_MLE,annual_trading_time,ARMA_BIC
1min,22,-0.0051680697299576,-0.0050430742266438,132840,132818,0.0053776389150922,Yule_Walker_MLE,annual_trading_time,ARMA_BIC
1min,23,0.0044109118452259,0.0043245520011847,132840,132817,0.0053776389150922,Yule_Walker_MLE,annual_trading_time,ARMA_BIC
1min,24,0.0016768125315563,0.0015961402847229,132840,132816,0.0053776389150922,Yule_Walker_MLE,annual_trading_time,ARMA_BIC
1min,25,0.0017014249163637,0.0017945941539919,132840,132815,0.0053776389150922,Yule_Walker_MLE,annual_trading_time,ARMA_BIC
1min,26,0.0003643494637524,0.0002037420517684,132840,132814,0.0053776389150922,Yule_Walker_MLE,annual_trading_time,ARMA_BIC
1min,27,-0.001665050639984,-0.0017981747448264,132840,132813,0.0053776389150922,Yule_Walker_MLE,annual_trading_time,ARMA_BIC
1min,28,-0.0001206851560767,8.220385039439517e-05,132840,132812,0.0053776389150922,Yule_Walker_MLE,annual_trading_time,ARMA_BIC
1min,29,0.0042150373599739,0.0041348552576238,132840,132811,0.0053776389150922,Yule_Walker_MLE,annual_trading_time,ARMA_BIC
1min,30,-0.0010942305554706,-0.001083023052146,132840,132810,0.0053776389150922,Yule_Walker_MLE,annual_trading_time,ARMA_BIC
1min,31,-3.803341679939478e-05,7.72942972945888e-06,132840,132809,0.0053776389150922,Yule_Walker_MLE,annual_trading_time,ARMA_BIC
1min,32,-0.0087769916804222,-0.0088536344509581,132840,132808,0.0053776389150922,Yule_Walker_MLE,annual_trading_time,ARMA_BIC
1min,33,0.0047969780299538,0.0048496977696099,132840,132807,0.0053776389150922,Yule_Walker_MLE,annual_trading_time,ARMA_BIC
1min,34,0.0006787762350843,0.0008158435637585,132840,132806,0.0053776389150922,Yule_Walker_MLE,annual_trading_time,ARMA_BIC
1min,35,0.0013517689118885,0.0012624907530907,132840,132805,0.0053776389150922,Yule_Walker_MLE,annual_trading_time,ARMA_BIC
1min,36,-0.0002890194750443,-0.0002454474901695,132840,132804,0.0053776389150922,Yule_Walker_MLE,annual_trading_time,ARMA_BIC
1min,37,0.0040101370771862,0.0037836707858916,132840,132803,0.0053776389150922,Yule_Walker_MLE,annual_trading_time,ARMA_BIC
1min,38,0.0016676897418113,0.0017492729274898,132840,132802,0.0053776389150922,Yule_Walker_MLE,annual_trading_time,ARMA_BIC
1min,39,0.0022246753871838,0.0022214184739399,132840,132801,0.0053776389150922,Yule_Walker_MLE,annual_trading_time,ARMA_BIC
1min,40,0.0027377790297691,0.0027934504063007,132840,132800,0.0053776389150922,Yule_Walker_MLE,annual_trading_time,ARMA_BIC
1min,41,0.0001012135393402,6.0612129942446704e-05,132840,132799,0.0053776389150922,Yule_Walker_MLE,annual_trading_time,ARMA_BIC
1min,42,-0.0021138049993961,-0.0021256423284248,132840,132798,0.0053776389150922,Yule_Walker_MLE,annual_trading_time,ARMA_BIC
1min,43,-0.0013040710994928,-0.0013017834775886,132840,132797,0.0053776389150922,Yule_Walker_MLE,annual_trading_time,ARMA_BIC
1min,44,-0.0008883522810307,-0.0007506350808219,132840,132796,0.0053776389150922,Yule_Walker_MLE,annual_trading_time,ARMA_BIC
1min,45,0.0062134898812764,0.0063157738393646,132840,132795,0.0053776389150922,Yule_Walker_MLE,annual_trading_time,ARMA_BIC
1min,46,-0.0003605674050792,-0.0003276467699103,132840,132794,0.0053776389150922,Yule_Walker_MLE,annual_trading_time,ARMA_BIC
1min,47,0.0009376215182374,0.0010224766447609,132840,132793,0.0053776389150922,Yule_Walker_MLE,annual_trading_time,ARMA_BIC
1min,48,-0.0009628405648141,-0.001142755753459,132840,132792,0.0053776389150922,Yule_Walker_MLE,annual_trading_time,ARMA_BIC
1min,49,-0.0043179268927922,-0.004362431627242,132840,132791,0.0053776389150922,Yule_Walker_MLE,annual_trading_time,ARMA_BIC
1min,50,-0.001191308846076,-0.0009911466635988,132840,132790,0.0053776389150922,Yule_Walker_MLE,annual_trading_time,ARMA_BIC
1min,51,-0.0043467011357656,-0.0044247550145688,132840,132789,0.0053776389150922,Yule_Walker_MLE,annual_trading_time,ARMA_BIC
1min,52,0.0008743510284701,0.0007858802565977,132840,132788,0.0053776389150922,Yule_Walker_MLE,annual_trading_time,ARMA_BIC
1min,53,-0.0014475202565321,-0.0015044606630988,132840,132787,0.0053776389150922,Yule_Walker_MLE,annual_trading_time,ARMA_BIC
1min,54,-0.0073880476716841,-0.0074751786721865,132840,132786,0.0053776389150922,Yule_Walker_MLE,annual_trading_time,ARMA_BIC
1min,55,-0.0060224835673605,-0.0058364466198197,132840,132785,0.0053776389150922,Yule_Walker_MLE,annual_trading_time,ARMA_BIC
1min,56,-0.0025379834163938,-0.0026453515064001,132840,132784,0.0053776389150922,Yule_Walker_MLE,annual_trading_time,ARMA_BIC
1min,57,0.0006819522537741,0.0007203502819922,132840,132783,0.0053776389150922,Yule_Walker_MLE,annual_trading_time,ARMA_BIC
1min,58,0.0032272623380713,0.0031666643714615,132840,132782,0.0053776389150922,Yule_Walker_MLE,annual_trading_time,ARMA_BIC
1min,59,-0.0029061205409611,-0.0030361177477024,132840,132781,0.0053776389150922,Yule_Walker_MLE,annual_trading_time,ARMA_BIC
1min,60,0.0020075912762286,0.0019402580084012,132840,132780,0.0053776389150922,Yule_Walker_MLE,annual_trading_time,ARMA_BIC
1min,1,-2.1587873567850745e-05,-2.15878735678557e-05,132840,132839,0.0053776389150922,Yule_Walker_MLE,annual_trading_time,AR_BIC
1min,2,-0.0026679941982234,-0.002667994665503,132840,132838,0.0053776389150922,Yule_Walker_MLE,annual_trading_time,AR_BIC
1min,3,0.0030671740281981,0.0030670805153867,132840,132837,0.0053776389150922,Yule_Walker_MLE,annual_trading_time,AR_BIC
1min,4,0.0043039833661104,0.0042970438637013,132840,132836,0.0053776389150922,Yule_Walker_MLE,annual_trading_time,AR_BIC
1min,5,-0.0037132430412677,-0.0036968340176832,132840,132835,0.0053776389150922,Yule_Walker_MLE,annual_trading_time,AR_BIC
1min,6,0.0093626030749711,0.0093764110202117,132840,132834,0.0053776389150922,Yule_Walker_MLE,annual_trading_time,AR_BIC
1min,7,-0.0042904330636624,-0.0043371720743828,132840,132833,0.0053776389150922,Yule_Walker_MLE,annual_trading_time,AR_BIC
1min,8,-0.0028655653344776,-0.0028114769736431,132840,132832,0.0053776389150922,Yule_Walker_MLE,annual_trading_time,AR_BIC
1min,9,-0.0032932885251575,-0.0033418975187782,132840,132831,0.0053776389150922,Yule_Walker_MLE,annual_trading_time,AR_BIC
1min,10,-0.0103918174000041,-0.0104769252337808,132840,132830,0.0053776389150922,Yule_Walker_MLE,annual_trading_time,AR_BIC
1min,11,-0.0012207310525495,-0.001114242947798,132840,132829,0.0053776389150922,Yule_Walker_MLE,annual_trading_time,AR_BIC
1min,12,0.0064210915856722,0.0062915796139851,132840,132828,0.0053776389150922,Yule_Walker_MLE,annual_trading_time,AR_BIC
1min,13,0.000261198190826,0.0004071153705449,132840,132827,0.0053776389150922,Yule_Walker_MLE,annual_trading_time,AR_BIC
1min,14,0.0037269435172438,0.0038710199570173,132840,132826,0.0053776389150922,Yule_Walker_MLE,annual_trading_time,AR_BIC
1min,15,0.0083461421600072,0.0082827415084749,132840,132825,0.0053776389150922,Yule_Walker_MLE,annual_trading_time,AR_BIC
1min,16,-0.0048404624947122,-0.0047296822170356,132840,132824,0.0053776389150922,Yule_Walker_MLE,annual_trading_time,AR_BIC
1min,17,-0.0028744816472635,-0.0028969716456885,132840,132823,0.0053776389150922,Yule_Walker_MLE,annual_trading_time,AR_BIC
1min,18,-0.0012762266744871,-0.0015841222585006,132840,132822,0.0053776389150922,Yule_Walker_MLE,annual_trading_time,AR_BIC
1min,19,-0.0046117859340461,-0.0046750744758215,132840,132821,0.0053776389150922,Yule_Walker_MLE,annual_trading_time,AR_BIC
1min,20,-0.0056315609347084,-0.005669211879661,132840,132820,0.0053776389150922,Yule_Walker_MLE,annual_trading_time,AR_BIC
1min,21,-0.0059103577521107,-0.0060417485419244,132840,132819,0.0053776389150922,Yule_Walker_MLE,annual_trading_time,AR_BIC
1min,22,-0.0039573056404784,-0.0036542929526494,132840,132818,0.0053776389150922,Yule_Walker_MLE,annual_trading_time,AR_BIC
1min,23,0.0072089638065219,0.0073549756882097,132840,132817,0.0053776389150922,Yule_Walker_MLE,annual_trading_time,AR_BIC
1min,24,0.0048290096912418,0.0049366973169138,132840,132816,0.0053776389150922,Yule_Walker_MLE,annual_trading_time,AR_BIC
1min,25,0.003816522868162,0.0040992507484859,132840,132815,0.0053776389150922,Yule_Walker_MLE,annual_trading_time,AR_BIC
1min,26,0.0006455793299156,0.0005320658475122,132840,132814,0.0053776389150922,Yule_Walker_MLE,annual_trading_time,AR_BIC
1min,27,-0.0032116585011363,-0.0034675479776693,132840,132813,0.0053776389150922,Yule_Walker_MLE,annual_trading_time,AR_BIC
1min,28,-0.0027084519039559,-0.0027651620288216,132840,132812,0.0053776389150922,Yule_Walker_MLE,annual_trading_time,AR_BIC
1min,29,0.0016991647214973,0.0013097020760722,132840,132811,0.0053776389150922,Yule_Walker_MLE,annual_trading_time,AR_BIC
1min,30,-0.0024847164081007,-0.0026944709753245,132840,132810,0.0053776389150922,Yule_Walker_MLE,annual_trading_time,AR_BIC
1min,31,0.0001013565436256,0.0001650366469313,132840,132809,0.0053776389150922,Yule_Walker_MLE,annual_trading_time,AR_BIC
1min,32,-0.0071284769905453,-0.0070369332840024,132840,132808,0.0053776389150922,Yule_Walker_MLE,annual_trading_time,AR_BIC
1min,33,0.0071064691671723,0.0074722794570635,132840,132807,0.0053776389150922,Yule_Walker_MLE,annual_trading_time,AR_BIC
1min,34,0.0027406821444768,0.0030678164144455,132840,132806,0.0053776389150922,Yule_Walker_MLE,annual_trading_time,AR_BIC
1min,35,0.0022253596446252,0.002319438548146,132840,132805,0.0053776389150922,Yule_Walker_MLE,annual_trading_time,AR_BIC
1min,36,-0.0008199801749147,-0.0007587390790258,132840,132804,0.0053776389150922,Yule_Walker_MLE,annual_trading_time,AR_BIC
1min,37,0.0023630431938376,0.0019903481963058,132840,132803,0.0053776389150922,Yule_Walker_MLE,annual_trading_time,AR_BIC
1min,38,-0.0003083091572662,-0.0005176094208684,132840,132802,0.0053776389150922,Yule_Walker_MLE,annual_trading_time,AR_BIC
1min,39,0.0007448190807344,0.0004773575376401,132840,132801,0.0053776389150922,Yule_Walker_MLE,annual_trading_time,AR_BIC
1min,40,0.0023501652050948,0.0022295903986561,132840,132800,0.0053776389150922,Yule_Walker_MLE,annual_trading_time,AR_BIC
1min,41,0.0008934020492736,0.0008267753088196,132840,132799,0.0053776389150922,Yule_Walker_MLE,annual_trading_time,AR_BIC
1min,42,-0.0005395138449022,-0.0004191353949059,132840,132798,0.0053776389150922,Yule_Walker_MLE,annual_trading_time,AR_BIC
1min,43,0.0003642990096468,0.0005677807108954,132840,132797,0.0053776389150922,Yule_Walker_MLE,annual_trading_time,AR_BIC
1min,44,0.0002438432812327,0.0005438686558503,132840,132796,0.0053776389150922,Yule_Walker_MLE,annual_trading_time,AR_BIC
1min,45,0.006326069885506,0.0065045375927087,132840,132795,0.0053776389150922,Yule_Walker_MLE,annual_trading_time,AR_BIC
1min,46,-0.0012121888645241,-0.0012445526430332,132840,132794,0.0053776389150922,Yule_Walker_MLE,annual_trading_time,AR_BIC
1min,47,-0.0005280410992469,-0.000532406359607,132840,132793,0.0053776389150922,Yule_Walker_MLE,annual_trading_time,AR_BIC
1min,48,-0.0023780073098665,-0.0027408191837688,132840,132792,0.0053776389150922,Yule_Walker_MLE,annual_trading_time,AR_BIC
1min,49,-0.0051047624158728,-0.0053200317450115,132840,132791,0.0053776389150922,Yule_Walker_MLE,annual_trading_time,AR_BIC
1min,50,-0.0011053047253158,-0.0009965099254537,132840,132790,0.0053776389150922,Yule_Walker_MLE,annual_trading_time,AR_BIC
1min,51,-0.0034318872028839,-0.0035138010075849,132840,132789,0.0053776389150922,Yule_Walker_MLE,annual_trading_time,AR_BIC
1min,52,0.0021292875987223,0.0022024543009858,132840,132788,0.0053776389150922,Yule_Walker_MLE,annual_trading_time,AR_BIC
1min,53,-0.0004123044579898,-0.0002582588466642,132840,132787,0.0053776389150922,Yule_Walker_MLE,annual_trading_time,AR_BIC
1min,54,-0.0070297649963077,-0.0068628487328256,132840,132786,0.0053776389150922,Yule_Walker_MLE,annual_trading_time,AR_BIC
1min,55,-0.006449088145013,-0.0060733012710139,132840,132785,0.0053776389150922,Yule_Walker_MLE,annual_trading_time,AR_BIC
1min,56,-0.0034984823625028,-0.0035954195297185,132840,132784,0.0053776389150922,Yule_Walker_MLE,annual_trading_time,AR_BIC
1min,57,-0.000393789212912,-0.000466331463242,132840,132783,0.0053776389150922,Yule_Walker_MLE,annual_trading_time,AR_BIC
1min,58,0.0024148708710629,0.002230293604797,132840,132782,0.0053776389150922,Yule_Walker_MLE,annual_trading_time,AR_BIC
1min,59,-0.0031149002691307,-0.0032968058696933,132840,132781,0.0053776389150922,Yule_Walker_MLE,annual_trading_time,AR_BIC
1min,60,0.0024406534663731,0.0024595133278664,132840,132780,0.0053776389150922,Yule_Walker_MLE,annual_trading_time,AR_BIC
1min,1,2.133437200863875e-05,2.1334372008638256e-05,132840,132839,0.0053776389150922,Yule_Walker_MLE,annual_trading_time,MA_BIC
1min,2,-0.0026013236133376,-0.0026013240696771,132840,132838,0.0053776389150922,Yule_Walker_MLE,annual_trading_time,MA_BIC
1min,3,0.003067003971108,0.003067135867054,132840,132837,0.0053776389150922,Yule_Walker_MLE,annual_trading_time,MA_BIC
1min,4,0.0043044051151299,0.0042975520612546,132840,132836,0.0053776389150922,Yule_Walker_MLE,annual_trading_time,MA_BIC
1min,5,-0.0037127401241851,-0.0036971070971172,132840,132835,0.0053776389150922,Yule_Walker_MLE,annual_trading_time,MA_BIC
1min,6,0.0093623583707078,0.009375912123217,132840,132834,0.0053776389150922,Yule_Walker_MLE,annual_trading_time,MA_BIC
1min,7,-0.0042906203852552,-0.0043376705343424,132840,132833,0.0053776389150922,Yule_Walker_MLE,annual_trading_time,MA_BIC
1min,8,-0.0028659589717583,-0.0028127492363243,132840,132832,0.0053776389150922,Yule_Walker_MLE,annual_trading_time,MA_BIC
1min,9,-0.0032942227336516,-0.0033420122835006,132840,132831,0.0053776389150922,Yule_Walker_MLE,annual_trading_time,MA_BIC
1min,10,-0.0103917787530717,-0.0104762265859508,132840,132830,0.0053776389150922,Yule_Walker_MLE,annual_trading_time,MA_BIC
1min,11,-0.0012211030024233,-0.0011132768511486,132840,132829,0.0053776389150922,Yule_Walker_MLE,annual_trading_time,MA_BIC
1min,12,0.0064206112861207,0.0062925954639644,132840,132828,0.0053776389150922,Yule_Walker_MLE,annual_trading_time,MA_BIC
1min,13,0.0002621048642607,0.0004076341243624,132840,132827,0.0053776389150922,Yule_Walker_MLE,annual_trading_time,MA_BIC
1min,14,0.0037274182896975,0.0038706271084161,132840,132826,0.0053776389150922,Yule_Walker_MLE,annual_trading_time,MA_BIC
1min,15,0.0083459242127816,0.0082821540978078,132840,132825,0.0053776389150922,Yule_Walker_MLE,annual_trading_time,MA_BIC
1min,16,-0.0048400675486046,-0.0047305225893084,132840,132824,0.0053776389150922,Yule_Walker_MLE,annual_trading_time,MA_BIC
1min,17,-0.0028744977901791,-0.0028976959283634,132840,132823,0.0053776389150922,Yule_Walker_MLE,annual_trading_time,MA_BIC
1min,18,-0.0012772408974639,-0.001584259966572,132840,132822,0.0053776389150922,Yule_Walker_MLE,annual_trading_time,MA_BIC
1min,19,-0.0046126656035342,-0.0046754578279105,132840,132821,0.0053776389150922,Yule_Walker_MLE,annual_trading_time,MA_BIC
1min,20,-0.0056323602372693,-0.0056694072888308,132840,132820,0.0053776389150922,Yule_Walker_MLE,annual_trading_time,MA_BIC
1min,21,-0.0059105984825802,-0.0060408651308865,132840,132819,0.0053776389150922,Yule_Walker_MLE,annual_trading_time,MA_BIC
1min,22,-0.0039573047741965,-0.0036530166374537,132840,132818,0.0053776389150922,Yule_Walker_MLE,annual_trading_time,MA_BIC
1min,23,0.0072088650796752,0.0073560155932655,132840,132817,0.0053776389150922,Yule_Walker_MLE,annual_trading_time,MA_BIC
1min,24,0.0048292644809228,0.0049368354310894,132840,132816,0.0053776389150922,Yule_Walker_MLE,annual_trading_time,MA_BIC
1min,25,0.0038170231288988,0.0040983446540053,132840,132815,0.0053776389150922,Yule_Walker_MLE,annual_trading_time,MA_BIC
1min,26,0.0006457459935152,0.0005312314588925,132840,132814,0.0053776389150922,Yule_Walker_MLE,annual_trading_time,MA_BIC
1min,27,-0.0032113826672159,-0.0034678741792448,132840,132813,0.0053776389150922,Yule_Walker_MLE,annual_trading_time,MA_BIC
1min,28,-0.0027086389735244,-0.0027651706547894,132840,132812,0.0053776389150922,Yule_Walker_MLE,annual_trading_time,MA_BIC
1min,29,0.0016987369017525,0.0013099458817898,132840,132811,0.0053776389150922,Yule_Walker_MLE,annual_trading_time,MA_BIC
1min,30,-0.0024852930724246,-0.0026948041613686,132840,132810,0.0053776389150922,Yule_Walker_MLE,annual_trading_time,MA_BIC
1min,31,0.0001015287208536,0.0001652594971582,132840,132809,0.0053776389150922,Yule_Walker_MLE,annual_trading_time,MA_BIC
1min,32,-0.0071281532088977,-0.0070362379323031,132840,132808,0.0053776389150922,Yule_Walker_MLE,annual_trading_time,MA_BIC
1min,33,0.0071064373861257,0.0074728544412509,132840,132807,0.0053776389150922,Yule_Walker_MLE,annual_trading_time,MA_BIC
1min,34,0.0027405571116256,0.0030680125233928,132840,132806,0.0053776389150922,Yule_Walker_MLE,annual_trading_time,MA_BIC
1min,35,0.0022260691382006,0.0023189104833112,132840,132805,0.0053776389150922,Yule_Walker_MLE,annual_trading_time,MA_BIC
1min,36,-0.0008196227720056,-0.0007589907294968,132840,132804,0.0053776389150922,Yule_Walker_MLE,annual_trading_time,MA_BIC
1min,37,0.0023631926342358,0.0019902365440911,132840,132803,0.0053776389150922,Yule_Walker_MLE,annual_trading_time,MA_BIC
1min,38,-0.0003080746685146,-0.000517476192476,132840,132802,0.0053776389150922,Yule_Walker_MLE,annual_trading_time,MA_BIC
1min,39,0.0007451222112549,0.0004773977900657,132840,132801,0.0053776389150922,Yule_Walker_MLE,annual_trading_time,MA_BIC
1min,40,0.0023501802987945,0.0022296121008099,132840,132800,0.0053776389150922,Yule_Walker_MLE,annual_trading_time,MA_BIC
1min,41,0.0008935528381924,0.000826667275915,132840,132799,0.0053776389150922,Yule_Walker_MLE,annual_trading_time,MA_BIC
1min,42,-0.0005392883764468,-0.0004192582356062,132840,132798,0.0053776389150922,Yule_Walker_MLE,annual_trading_time,MA_BIC
1min,43,0.0003647644404648,0.000568197712744,132840,132797,0.0053776389150922,Yule_Walker_MLE,annual_trading_time,MA_BIC
1min,44,0.0002440148052172,0.0005440691464676,132840,132796,0.0053776389150922,Yule_Walker_MLE,annual_trading_time,MA_BIC
1min,45,0.006326020308544,0.0065043885901728,132840,132795,0.0053776389150922,Yule_Walker_MLE,annual_trading_time,MA_BIC
1min,46,-0.00121208273,-0.0012450721111014,132840,132794,0.0053776389150922,Yule_Walker_MLE,annual_trading_time,MA_BIC
1min,47,-0.0005281142039483,-0.0005332539159809,132840,132793,0.0053776389150922,Yule_Walker_MLE,annual_trading_time,MA_BIC
1min,48,-0.0023784028269231,-0.0027410076608176,132840,132792,0.0053776389150922,Yule_Walker_MLE,annual_trading_time,MA_BIC
1min,49,-0.0051051758691464,-0.0053201546272096,132840,132791,0.0053776389150922,Yule_Walker_MLE,annual_trading_time,MA_BIC
1min,50,-0.0011056869495386,-0.0009961046659254,132840,132790,0.0053776389150922,Yule_Walker_MLE,annual_trading_time,MA_BIC
1min,51,-0.0034322103987801,-0.0035133289228791,132840,132789,0.0053776389150922,Yule_Walker_MLE,annual_trading_time,MA_BIC
1min,52,0.0021285849020137,0.0022022053088561,132840,132788,0.0053776389150922,Yule_Walker_MLE,annual_trading_time,MA_BIC
1min,53,-0.0004131695829168,-0.0002588170354608,132840,132787,0.0053776389150922,Yule_Walker_MLE,annual_trading_time,MA_BIC
1min,54,-0.0070301521325626,-0.0068634817864948,132840,132786,0.0053776389150922,Yule_Walker_MLE,annual_trading_time,MA_BIC
1min,55,-0.0064495945762425,-0.0060731748090935,132840,132785,0.0053776389150922,Yule_Walker_MLE,annual_trading_time,MA_BIC
1min,56,-0.00349908244185,-0.0035945768742252,132840,132784,0.0053776389150922,Yule_Walker_MLE,annual_trading_time,MA_BIC
1min,57,-0.0003944697341591,-0.0004658982680766,132840,132783,0.0053776389150922,Yule_Walker_MLE,annual_trading_time,MA_BIC
1min,58,0.0024146517733986,0.0022305740342963,132840,132782,0.0053776389150922,Yule_Walker_MLE,annual_trading_time,MA_BIC
1min,59,-0.0031143735846198,-0.0032964051024028,132840,132781,0.0053776389150922,Yule_Walker_MLE,annual_trading_time,MA_BIC
1min,60,0.0024410269867719,0.0024598667710971,132840,132780,0.0053776389150922,Yule_Walker_MLE,annual_trading_time,MA_BIC
5min,1,0.0024168222232547,0.0024168222232547,26568,26567,0.0120247661725944,Yule_Walker_MLE,annual_trading_time,ARMA_BIC
5min,2,-0.0120035256824971,-0.0120094368596328,26568,26566,0.0120247661725944,Yule_Walker_MLE,annual_trading_time,ARMA_BIC
5min,3,0.009973113758314,0.0100330028384887,26568,26565,0.0120247661725944,Yule_Walker_MLE,annual_trading_time,ARMA_BIC
5min,4,-0.0119400088427651,-0.0121373443320849,26568,26564,0.0120247661725944,Yule_Walker_MLE,annual_trading_time,ARMA_BIC
5min,5,-0.0023984898033411,-0.0020956157699716,26568,26563,0.0120247661725944,Yule_Walker_MLE,annual_trading_time,ARMA_BIC
5min,6,0.0002344468212602,-0.0001450780161767,26568,26562,0.0120247661725944,Yule_Walker_MLE,annual_trading_time,ARMA_BIC
5min,7,0.0081822727691123,0.0083719378334641,26568,26561,0.0120247661725944,Yule_Walker_MLE,annual_trading_time,ARMA_BIC
5min,8,-0.0049760078640016,-0.0051212893619361,26568,26560,0.0120247661725944,Yule_Walker_MLE,annual_trading_time,ARMA_BIC
5min,9,0.0087856117326462,0.0089632274222769,26568,26559,0.0120247661725944,Yule_Walker_MLE,annual_trading_time,ARMA_BIC
5min,10,-0.0099306771405146,-0.0102780130107201,26568,26558,0.0120247661725944,Yule_Walker_MLE,annual_trading_time,ARMA_BIC
5min,11,-0.0135105070775381,-0.0129447106360346,26568,26557,0.0120247661725944,Yule_Walker_MLE,annual_trading_time,ARMA_BIC
5min,12,-0.0010009900547953,-0.0014415305173483,26568,26556,0.0120247661725944,Yule_Walker_MLE,annual_trading_time,ARMA_BIC
5min,13,-0.0161028055626297,-0.0160340030218455,26568,26555,0.0120247661725944,Yule_Walker_MLE,annual_trading_time,ARMA_BIC
5min,14,0.0025227327870533,0.0025726165874722,26568,26554,0.0120247661725944,Yule_Walker_MLE,annual_trading_time,ARMA_BIC
5min,15,0.0053882121874858,0.0047346854298826,26568,26553,0.0120247661725944,Yule_Walker_MLE,annual_trading_time,ARMA_BIC
5min,16,-0.0050212560043003,-0.0049281504362787,26568,26552,0.0120247661725944,Yule_Walker_MLE,annual_trading_time,ARMA_BIC
5min,17,-0.0009034356568065,-0.0009404319802903,26568,26551,0.0120247661725944,Yule_Walker_MLE,annual_trading_time,ARMA_BIC
5min,18,-0.0001438553443962,-0.0003278974238715,26568,26550,0.0120247661725944,Yule_Walker_MLE,annual_trading_time,ARMA_BIC
5min,19,0.0007486284113691,0.0010157946578134,26568,26549,0.0120247661725944,Yule_Walker_MLE,annual_trading_time,ARMA_BIC
5min,20,-0.0032983995371595,-0.0030033946423954,26568,26548,0.0120247661725944,Yule_Walker_MLE,annual_trading_time,ARMA_BIC
5min,21,-0.0049146040379574,-0.0053699910185332,26568,26547,0.0120247661725944,Yule_Walker_MLE,annual_trading_time,ARMA_BIC
5min,22,0.0034684888790983,0.003414596986248,26568,26546,0.0120247661725944,Yule_Walker_MLE,annual_trading_time,ARMA_BIC
5min,23,0.0055842216822048,0.005265488608261,26568,26545,0.0120247661725944,Yule_Walker_MLE,annual_trading_time,ARMA_BIC
5min,24,-0.0001133734152658,-0.0005297566301986,26568,26544,0.0120247661725944,Yule_Walker_MLE,annual_trading_time,ARMA_BIC
5min,1,2.886014647545346e-05,2.8860146475452632e-05,26568,26567,0.0120247661725944,Yule_Walker_MLE,annual_trading_time,AR_BIC
5min,2,-0.0120335670649229,-0.0120335679078538,26568,26566,0.0120247661725944,Yule_Walker_MLE,annual_trading_time,AR_BIC
5min,3,0.0100311241720957,0.0100332758267662,26568,26565,0.0120247661725944,Yule_Walker_MLE,annual_trading_time,AR_BIC
5min,4,-0.0119585033647517,-0.0121080793464497,26568,26564,0.0120247661725944,Yule_Walker_MLE,annual_trading_time,AR_BIC
5min,5,-0.0023702111370404,-0.0021245160021194,26568,26563,0.0120247661725944,Yule_Walker_MLE,annual_trading_time,AR_BIC
5min,6,0.0002204763684875,-0.0001704421186802,26568,26562,0.0120247661725944,Yule_Walker_MLE,annual_trading_time,AR_BIC
5min,7,0.0081938995685167,0.0083839760117576,26568,26561,0.0120247661725944,Yule_Walker_MLE,annual_trading_time,AR_BIC
5min,8,-0.0050169783050377,-0.0051225915958016,26568,26560,0.0120247661725944,Yule_Walker_MLE,annual_trading_time,AR_BIC
5min,9,0.0088216084498937,0.0089755522526652,26568,26559,0.0120247661725944,Yule_Walker_MLE,annual_trading_time,AR_BIC
5min,10,-0.0099194163403255,-0.010225079172881,26568,26558,0.0120247661725944,Yule_Walker_MLE,annual_trading_time,AR_BIC
5min,11,-0.0134842539385013,-0.0129659509039076,26568,26557,0.0120247661725944,Yule_Walker_MLE,annual_trading_time,AR_BIC
5min,12,-0.0009294074325197,-0.0014340920565842,26568,26556,0.0120247661725944,Yule_Walker_MLE,annual_trading_time,AR_BIC
5min,13,-0.0161066940115191,-0.0160437067795476,26568,26555,0.0120247661725944,Yule_Walker_MLE,annual_trading_time,AR_BIC
5min,14,0.0025486022143922,0.0025223360964544,26568,26554,0.0120247661725944,Yule_Walker_MLE,annual_trading_time,AR_BIC
5min,15,0.0053943099277011,0.004752686828632,26568,26553,0.0120247661725944,Yule_Walker_MLE,annual_trading_time,AR_BIC
5min,16,-0.0050321126807131,-0.0049143463538001,26568,26552,0.0120247661725944,Yule_Walker_MLE,annual_trading_time,AR_BIC
5min,17,-0.0008909836674425,-0.0009515413440052,26568,26551,0.0120247661725944,Yule_Walker_MLE,annual_trading_time,AR_BIC
5min,18,-0.0001434899478292,-0.000332652895333,26568,26550,0.0120247661725944,Yule_Walker_MLE,annual_trading_time,AR_BIC
5min,19,0.0007569387258532,0.0010222309682559,26568,26549,0.0120247661725944,Yule_Walker_MLE,annual_trading_time,AR_BIC
5min,20,-0.0032883372777694,-0.0029879135435289,26568,26548,0.0120247661725944,Yule_Walker_MLE,annual_trading_time,AR_BIC
5min,21,-0.0049150550858983,-0.0053854472938511,26568,26547,0.0120247661725944,Yule_Walker_MLE,annual_trading_time,AR_BIC
5min,22,0.0034668708469959,0.0033888094600543,26568,26546,0.0120247661725944,Yule_Walker_MLE,annual_trading_time,AR_BIC
5min,23,0.0055761554884648,0.0052749368872369,26568,26545,0.0120247661725944,Yule_Walker_MLE,annual_trading_time,AR_BIC
5min,24,-0.0001017130803613,-0.0004921584001578,26568,26544,0.0120247661725944,Yule_Walker_MLE,annual_trading_time,AR_BIC
5min,1,-3.0010087189280985e-05,-3.0010087189288205e-05,26568,26567,0.0120247661725944,Yule_Walker_MLE,annual_trading_time,MA_BIC
5min,2,-0.0120282498645105,-0.0120282507759485,26568,26566,0.0120247661725944,Yule_Walker_MLE,annual_trading_time,MA_BIC
5min,3,0.0100325423820996,0.0100332677129297,26568,26565,0.0120247661725944,Yule_Walker_MLE,annual_trading_time,MA_BIC
5min,4,-0.011959033898265,-0.0121072842941233,26568,26564,0.0120247661725944,Yule_Walker_MLE,annual_trading_time,MA_BIC
5min,5,-0.0023694017257686,-0.0021252374598155,26568,26563,0.0120247661725944,Yule_Walker_MLE,annual_trading_time,MA_BIC
5min,6,0.000220027438022,-0.000171027040635,26568,26562,0.0120247661725944,Yule_Walker_MLE,annual_trading_time,MA_BIC
5min,7,0.0081942270745139,0.0083843394042828,26568,26561,0.0120247661725944,Yule_Walker_MLE,annual_trading_time,MA_BIC
5min,8,-0.0050180500735906,-0.0051226850948715,26568,26560,0.0120247661725944,Yule_Walker_MLE,annual_trading_time,MA_BIC
5min,9,0.0088224657792185,0.0089757255171636,26568,26559,0.0120247661725944,Yule_Walker_MLE,annual_trading_time,MA_BIC
5min,10,-0.0099191759116842,-0.0102237490093257,26568,26558,0.0120247661725944,Yule_Walker_MLE,annual_trading_time,MA_BIC
5min,11,-0.0134836525829981,-0.0129666251520236,26568,26557,0.0120247661725944,Yule_Walker_MLE,annual_trading_time,MA_BIC
5min,12,-0.0009276862315823,-0.001433831634438,26568,26556,0.0120247661725944,Yule_Walker_MLE,annual_trading_time,MA_BIC
5min,13,-0.0161068419584443,-0.016043837141717,26568,26555,0.0120247661725944,Yule_Walker_MLE,annual_trading_time,MA_BIC
5min,14,0.0025492046676712,0.002521073526439,26568,26554,0.0120247661725944,Yule_Walker_MLE,annual_trading_time,MA_BIC
5min,15,0.0053943571024809,0.0047532207350952,26568,26553,0.0120247661725944,Yule_Walker_MLE,annual_trading_time,MA_BIC
5min,16,-0.0050323667137441,-0.0049140222207991,26568,26552,0.0120247661725944,Yule_Walker_MLE,annual_trading_time,MA_BIC
5min,17,-0.0008906388132601,-0.0009518375861452,26568,26551,0.0120247661725944,Yule_Walker_MLE,annual_trading_time,MA_BIC
5min,18,-0.0001435318972205,-0.0003327590375849,26568,26550,0.0120247661725944,Yule_Walker_MLE,annual_trading_time,MA_BIC
5min,19,0.0007571083812161,0.0010223623706586,26568,26549,0.0120247661725944,Yule_Walker_MLE,annual_trading_time,MA_BIC
5min,20,-0.0032880691019321,-0.0029875083202153,26568,26548,0.0120247661725944,Yule_Walker_MLE,annual_trading_time,MA_BIC
5min,21,-0.0049150282196727,-0.0053858018234464,26568,26547,0.0120247661725944,Yule_Walker_MLE,annual_trading_time,MA_BIC
5min,22,0.003466810696997,0.0033881875004625,26568,26546,0.0120247661725944,Yule_Walker_MLE,annual_trading_time,MA_BIC
5min,23,0.0055758634775943,0.0052751386853787,26568,26545,0.0120247661725944,Yule_Walker_MLE,annual_trading_time,MA_BIC
5min,24,-0.0001013561805639,-0.0004912044390955,26568,26544,0.0120247661725944,Yule_Walker_MLE,annual_trading_time,MA_BIC
15min,1,0.0074473232341578,0.0074473232341578,8856,8855,0.020827505960069,Yule_Walker_MLE,annual_trading_time,ARMA_BIC
15min,2,0.005689201453368,0.0056340513092797,8856,8854,0.020827505960069,Yule_Walker_MLE,annual_trading_time,ARMA_BIC
15min,3,-0.0119742741372293,-0.0120594149716309,8856,8853,0.020827505960069,Yule_Walker_MLE,annual_trading_time,ARMA_BIC
15min,4,-0.0221015813267403,-0.0219599531790001,8856,8852,0.020827505960069,Yule_Walker_MLE,annual_trading_time,ARMA_BIC
15min,5,0.0007036934388848,0.0011651007308586,8856,8851,0.020827505960069,Yule_Walker_MLE,annual_trading_time,ARMA_BIC
15min,6,-0.0060852663436598,-0.0059912816463282,8856,8850,0.020827505960069,Yule_Walker_MLE,annual_trading_time,ARMA_BIC
15min,7,-0.0029893409219929,-0.0034414202715911,8856,8849,0.020827505960069,Yule_Walker_MLE,annual_trading_time,ARMA_BIC
15min,8,0.0024572254928789,0.0021124136409831,8856,8848,0.020827505960069,Yule_Walker_MLE,annual_trading_time,ARMA_BIC
15min,9,0.0116408727489328,0.0115513169120677,8856,8847,0.020827505960069,Yule_Walker_MLE,annual_trading_time,ARMA_BIC
15min,10,0.0268049420193655,0.0262913526712809,8856,8846,0.020827505960069,Yule_Walker_MLE,annual_trading_time,ARMA_BIC
15min,11,0.0050018398591723,0.0044250287862517,8856,8845,0.020827505960069,Yule_Walker_MLE,annual_trading_time,ARMA_BIC
15min,12,0.0038256933721692,0.00380815807648,8856,8844,0.020827505960069,Yule_Walker_MLE,annual_trading_time,ARMA_BIC
15min,13,-0.0111698827070196,-0.0101940343533299,8856,8843,0.020827505960069,Yule_Walker_MLE,annual_trading_time,ARMA_BIC
15min,14,-0.0036246561130443,-0.0022602291924566,8856,8842,0.020827505960069,Yule_Walker_MLE,annual_trading_time,ARMA_BIC
15min,15,-0.006308145843858,-0.0057753474314554,8856,8841,0.020827505960069,Yule_Walker_MLE,annual_trading_time,ARMA_BIC
15min,16,0.0127535443047632,0.0131630024562898,8856,8840,0.020827505960069,Yule_Walker_MLE,annual_trading_time,ARMA_BIC
15min,17,-0.0212755036335135,-0.0218048588064237,8856,8839,0.020827505960069,Yule_Walker_MLE,annual_trading_time,ARMA_BIC
15min,18,0.0109512244154295,0.0107134323575057,8856,8838,0.020827505960069,Yule_Walker_MLE,annual_trading_time,ARMA_BIC
15min,19,-0.0040962159102085,-0.0047014688301422,8856,8837,0.020827505960069,Yule_Walker_MLE,annual_trading_time,ARMA_BIC
15min,20,0.0023941247713877,0.0015069529541117,8856,8836,0.020827505960069,Yule_Walker_MLE,annual_trading_time,ARMA_BIC
15min,21,0.003679261416588,0.0026046234151421,8856,8835,0.020827505960069,Yule_Walker_MLE,annual_trading_time,ARMA_BIC
15min,22,-0.0004324141869077,7.268523026759419e-05,8856,8834,0.020827505960069,Yule_Walker_MLE,annual_trading_time,ARMA_BIC
15min,23,-0.008734565833973,-0.008509628353167,8856,8833,0.020827505960069,Yule_Walker_MLE,annual_trading_time,ARMA_BIC
15min,24,0.001728704071798,0.0023540621196677,8856,8832,0.020827505960069,Yule_Walker_MLE,annual_trading_time,ARMA_BIC
15min,1,-4.165500267159432e-05,-4.165500267160583e-05,8856,8855,0.020827505960069,Yule_Walker_MLE,annual_trading_time,AR_BIC
15min,2,0.0057233310055793,0.0057233292803708,8856,8854,0.020827505960069,Yule_Walker_MLE,annual_trading_time,AR_BIC
15min,3,-0.0118530761831863,-0.0118529890199716,8856,8853,0.020827505960069,Yule_Walker_MLE,annual_trading_time,AR_BIC
15min,4,-0.0220203883940759,-0.0220571439806937,8856,8852,0.020827505960069,Yule_Walker_MLE,annual_trading_time,AR_BIC
15min,5,0.0009130249520135,0.0010447848199087,8856,8851,0.020827505960069,Yule_Walker_MLE,annual_trading_time,AR_BIC
15min,6,-0.0060688120143997,-0.0059577612199461,8856,8850,0.020827505960069,Yule_Walker_MLE,annual_trading_time,AR_BIC
15min,7,-0.0029623993609151,-0.0035012510867486,8856,8849,0.020827505960069,Yule_Walker_MLE,annual_trading_time,AR_BIC
15min,8,0.0023931367516415,0.0020003524603228,8856,8848,0.020827505960069,Yule_Walker_MLE,annual_trading_time,AR_BIC
15min,9,0.0114237900349185,0.0113699717911512,8856,8847,0.020827505960069,Yule_Walker_MLE,annual_trading_time,AR_BIC
15min,10,0.0266836766879066,0.0263427569254725,8856,8846,0.020827505960069,Yule_Walker_MLE,annual_trading_time,AR_BIC
15min,11,0.004774179403759,0.0045927591865717,8856,8845,0.020827505960069,Yule_Walker_MLE,annual_trading_time,AR_BIC
15min,12,0.0038719821655534,0.0039182004223359,8856,8844,0.020827505960069,Yule_Walker_MLE,annual_trading_time,AR_BIC
15min,13,-0.0111727509649132,-0.0101481864523833,8856,8843,0.020827505960069,Yule_Walker_MLE,annual_trading_time,AR_BIC
15min,14,-0.0034949796703853,-0.0022928623183133,8856,8842,0.020827505960069,Yule_Walker_MLE,annual_trading_time,AR_BIC
15min,15,-0.006376618298427,-0.0058902095543053,8856,8841,0.020827505960069,Yule_Walker_MLE,annual_trading_time,AR_BIC
15min,16,0.0129604932603616,0.0132815942960825,8856,8840,0.020827505960069,Yule_Walker_MLE,annual_trading_time,AR_BIC
15min,17,-0.0214550321244996,-0.0217864019104484,8856,8839,0.020827505960069,Yule_Walker_MLE,annual_trading_time,AR_BIC
15min,18,0.0111420809780535,0.0105869073333433,8856,8838,0.020827505960069,Yule_Walker_MLE,annual_trading_time,AR_BIC
15min,19,-0.0041964432532348,-0.0046342189032459,8856,8837,0.020827505960069,Yule_Walker_MLE,annual_trading_time,AR_BIC
15min,20,0.002398599868408,0.0014541802019606,8856,8836,0.020827505960069,Yule_Walker_MLE,annual_trading_time,AR_BIC
15min,21,0.0036651530760936,0.0026150032088862,8856,8835,0.020827505960069,Yule_Walker_MLE,annual_trading_time,AR_BIC
15min,22,-0.0003936510533529,0.000156691422668,8856,8834,0.020827505960069,Yule_Walker_MLE,annual_trading_time,AR_BIC
15min,23,-0.0087448830156833,-0.0085256824537187,8856,8833,0.020827505960069,Yule_Walker_MLE,annual_trading_time,AR_BIC
15min,24,0.0018195652032311,0.0023130915743749,8856,8832,0.020827505960069,Yule_Walker_MLE,annual_trading_time,AR_BIC
15min,1,4.346324100104337e-05,4.346324100104161e-05,8856,8855,0.020827505960069,Yule_Walker_MLE,annual_trading_time,MA_BIC
15min,2,0.0057759442930334,0.0057759424148911,8856,8854,0.020827505960069,Yule_Walker_MLE,annual_trading_time,MA_BIC
15min,3,-0.0118544028271242,-0.01185529899264,8856,8853,0.020827505960069,Yule_Walker_MLE,annual_trading_time,MA_BIC
15min,4,-0.022021322895671,-0.0220566839231553,8856,8852,0.020827505960069,Yule_Walker_MLE,annual_trading_time,MA_BIC
15min,5,0.0009098251009379,0.00104662415074,8856,8851,0.020827505960069,Yule_Walker_MLE,annual_trading_time,MA_BIC
15min,6,-0.0060700553531932,-0.005956825664352,8856,8850,0.020827505960069,Yule_Walker_MLE,annual_trading_time,MA_BIC
15min,7,-0.0029620375843476,-0.0035000091966611,8856,8849,0.020827505960069,Yule_Walker_MLE,annual_trading_time,MA_BIC
15min,8,0.0023949849141966,0.0020033894500992,8856,8848,0.020827505960069,Yule_Walker_MLE,annual_trading_time,MA_BIC
15min,9,0.0114263657529766,0.0113724945762835,8856,8847,0.020827505960069,Yule_Walker_MLE,annual_trading_time,MA_BIC
15min,10,0.0266853909133881,0.0263422902821729,8856,8846,0.020827505960069,Yule_Walker_MLE,annual_trading_time,MA_BIC
15min,11,0.004776799058953,0.0045896702477744,8856,8845,0.020827505960069,Yule_Walker_MLE,annual_trading_time,MA_BIC
15min,12,0.0038727072483942,0.0039153747185503,8856,8844,0.020827505960069,Yule_Walker_MLE,annual_trading_time,MA_BIC
15min,13,-0.0111727975922778,-0.0101492885742901,8856,8843,0.020827505960069,Yule_Walker_MLE,annual_trading_time,MA_BIC
15min,14,-0.0034955492488714,-0.0022919838821275,8856,8842,0.020827505960069,Yule_Walker_MLE,annual_trading_time,MA_BIC
15min,15,-0.006377597733569,-0.005889521235342,8856,8841,0.020827505960069,Yule_Walker_MLE,annual_trading_time,MA_BIC
15min,16,0.0129585282644133,0.0132809417642607,8856,8840,0.020827505960069,Yule_Walker_MLE,annual_trading_time,MA_BIC
15min,17,-0.0214535376638886,-0.0217865569748911,8856,8839,0.020827505960069,Yule_Walker_MLE,annual_trading_time,MA_BIC
15min,18,0.0111407265609508,0.0105877202356537,8856,8838,0.020827505960069,Yule_Walker_MLE,annual_trading_time,MA_BIC
15min,19,-0.0041962626981911,-0.0046336615803179,8856,8837,0.020827505960069,Yule_Walker_MLE,annual_trading_time,MA_BIC
15min,20,0.0023991343734219,0.0014542181675127,8856,8836,0.020827505960069,Yule_Walker_MLE,annual_trading_time,MA_BIC
15min,21,0.0036646030563505,0.0026146697356026,8856,8835,0.020827505960069,Yule_Walker_MLE,annual_trading_time,MA_BIC
15min,22,-0.0003938645187812,0.0001557766370634,8856,8834,0.020827505960069,Yule_Walker_MLE,annual_trading_time,MA_BIC
15min,23,-0.0087447674218721,-0.0085258294872284,8856,8833,0.020827505960069,Yule_Walker_MLE,annual_trading_time,MA_BIC
15min,24,0.001819353346485,0.002314378482719,8856,8832,0.020827505960069,Yule_Walker_MLE,annual_trading_time,MA_BIC
30min,1,0.00642080371445,0.00642080371445,4428,4427,0.0294545413991361,Yule_Walker_MLE,annual_trading_time,ARMA_BIC
30min,2,-0.0217228838617921,-0.0217650078820247,4428,4426,0.0294545413991361,Yule_Walker_MLE,annual_trading_time,ARMA_BIC
30min,3,-0.0033370167040843,-0.0030563275119398,4428,4425,0.0294545413991361,Yule_Walker_MLE,annual_trading_time,ARMA_BIC
30min,4,0.004885064002474,0.0044563318771633,4428,4424,0.0294545413991361,Yule_Walker_MLE,annual_trading_time,ARMA_BIC
30min,5,0.0372477772567306,0.0370682820469527,4428,4423,0.0294545413991361,Yule_Walker_MLE,annual_trading_time,ARMA_BIC
30min,6,-0.0087075626808162,-0.0090099494361821,4428,4422,0.0294545413991361,Yule_Walker_MLE,annual_trading_time,ARMA_BIC
30min,7,-0.014690879982101,-0.0129690017040089,4428,4421,0.0294545413991361,Yule_Walker_MLE,annual_trading_time,ARMA_BIC
30min,8,-0.0019667178691064,-0.0019808814580627,4428,4420,0.0294545413991361,Yule_Walker_MLE,annual_trading_time,ARMA_BIC
30min,9,0.0037006180402846,0.0027639482349405,4428,4419,0.0294545413991361,Yule_Walker_MLE,annual_trading_time,ARMA_BIC
30min,10,0.0027973308462084,0.0013046558804349,4428,4418,0.0294545413991361,Yule_Walker_MLE,annual_trading_time,ARMA_BIC
30min,11,-0.0053817583021911,-0.0045168978284204,4428,4417,0.0294545413991361,Yule_Walker_MLE,annual_trading_time,ARMA_BIC
30min,12,0.0024700835479911,0.0036067965092141,4428,4416,0.0294545413991361,Yule_Walker_MLE,annual_trading_time,ARMA_BIC
30min,13,0.0201474970030353,0.0198284647175729,4428,4415,0.0294545413991361,Yule_Walker_MLE,annual_trading_time,ARMA_BIC
30min,14,0.0110382257583364,0.0104294240216783,4428,4414,0.0294545413991361,Yule_Walker_MLE,annual_trading_time,ARMA_BIC
30min,15,-0.0061085483514604,-0.0055194421352465,4428,4413,0.0294545413991361,Yule_Walker_MLE,annual_trading_time,ARMA_BIC
30min,16,-0.0139765284716619,-0.0129384176583298,4428,4412,0.0294545413991361,Yule_Walker_MLE,annual_trading_time,ARMA_BIC
30min,17,-0.0012858103649718,-0.001717666655336,4428,4411,0.0294545413991361,Yule_Walker_MLE,annual_trading_time,ARMA_BIC
30min,18,-0.0150244926793464,-0.0172836735503403,4428,4410,0.0294545413991361,Yule_Walker_MLE,annual_trading_time,ARMA_BIC
30min,19,0.0402319150143203,0.0400888621258479,4428,4409,0.0294545413991361,Yule_Walker_MLE,annual_trading_time,ARMA_BIC
30min,20,-0.0039818345069531,-0.0039000467505015,4428,4408,0.0294545413991361,Yule_Walker_MLE,annual_trading_time,ARMA_BIC
30min,21,-0.0089221103671493,-0.0059967694293647,4428,4407,0.0294545413991361,Yule_Walker_MLE,annual_trading_time,ARMA_BIC
30min,22,0.0018655453001795,0.0017192030882224,4428,4406,0.0294545413991361,Yule_Walker_MLE,annual_trading_time,ARMA_BIC
30min,23,-0.0019646376457694,-0.0020108673776189,4428,4405,0.0294545413991361,Yule_Walker_MLE,annual_trading_time,ARMA_BIC
30min,24,0.0061591562506397,0.0031068214339347,4428,4404,0.0294545413991361,Yule_Walker_MLE,annual_trading_time,ARMA_BIC
30min,1,0.0001405460452963,0.0001405460452963,4428,4427,0.0294545413991361,Yule_Walker_MLE,annual_trading_time,AR_BIC
30min,2,-0.0217444865205479,-0.0217445067032621,4428,4426,0.0294545413991361,Yule_Walker_MLE,annual_trading_time,AR_BIC
30min,3,-0.0032295692559672,-0.0032249154762606,4428,4425,0.0294545413991361,Yule_Walker_MLE,annual_trading_time,AR_BIC
30min,4,0.0046679517939738,0.004197857848738,4428,4424,0.0294545413991361,Yule_Walker_MLE,annual_trading_time,AR_BIC
30min,5,0.0372749295687261,0.0371524813419621,4428,4423,0.0294545413991361,Yule_Walker_MLE,annual_trading_time,AR_BIC
30min,6,-0.0088531986791941,-0.0086882817707367,4428,4422,0.0294545413991361,Yule_Walker_MLE,annual_trading_time,AR_BIC
30min,7,-0.0146237088744183,-0.0130122200484214,4428,4421,0.0294545413991361,Yule_Walker_MLE,annual_trading_time,AR_BIC
30min,8,-0.0018961197056113,-0.0020819422029051,4428,4420,0.0294545413991361,Yule_Walker_MLE,annual_trading_time,AR_BIC
30min,9,0.003695627381131,0.0027422172753671,4428,4419,0.0294545413991361,Yule_Walker_MLE,annual_trading_time,AR_BIC
30min,10,0.0028088341748408,0.001351776083996,4428,4418,0.0294545413991361,Yule_Walker_MLE,annual_trading_time,AR_BIC
30min,11,-0.0054151828528661,-0.0045305330164395,4428,4417,0.0294545413991361,Yule_Walker_MLE,annual_trading_time,AR_BIC
30min,12,0.002375190154409,0.0034501298171248,4428,4416,0.0294545413991361,Yule_Walker_MLE,annual_trading_time,AR_BIC
30min,13,0.0200629926403225,0.0197842543264442,4428,4415,0.0294545413991361,Yule_Walker_MLE,annual_trading_time,AR_BIC
30min,14,0.0109494204671729,0.010592254469965,4428,4414,0.0294545413991361,Yule_Walker_MLE,annual_trading_time,AR_BIC
30min,15,-0.006089728708509,-0.0053679307756053,4428,4413,0.0294545413991361,Yule_Walker_MLE,annual_trading_time,AR_BIC
30min,16,-0.0139321131112816,-0.0129637809404792,4428,4412,0.0294545413991361,Yule_Walker_MLE,annual_trading_time,AR_BIC
30min,17,-0.0010993595177995,-0.0016894905191312,4428,4411,0.0294545413991361,Yule_Walker_MLE,annual_trading_time,AR_BIC
30min,18,-0.0152763189287871,-0.0175524528457275,4428,4410,0.0294545413991361,Yule_Walker_MLE,annual_trading_time,AR_BIC
30min,19,0.0403581199045228,0.0400022109828091,4428,4409,0.0294545413991361,Yule_Walker_MLE,annual_trading_time,AR_BIC
30min,20,-0.0041832341879365,-0.0036048196979576,4428,4408,0.0294545413991361,Yule_Walker_MLE,annual_trading_time,AR_BIC
30min,21,-0.0089094029147695,-0.0060309255696408,4428,4407,0.0294545413991361,Yule_Walker_MLE,annual_trading_time,AR_BIC
30min,22,0.0019353795871443,0.0016931605335551,4428,4406,0.0294545413991361,Yule_Walker_MLE,annual_trading_time,AR_BIC
30min,23,-0.0020153838669177,-0.0020190796397219,4428,4405,0.0294545413991361,Yule_Walker_MLE,annual_trading_time,AR_BIC
30min,24,0.0061268778895954,0.003044725205826,4428,4404,0.0294545413991361,Yule_Walker_MLE,annual_trading_time,AR_BIC
30min,1,-0.0001446415309689,-0.0001446415309689,4428,4427,0.0294545413991361,Yule_Walker_MLE,annual_trading_time,MA_BIC
30min,2,-0.0217002536866807,-0.0217002750618484,4428,4426,0.0294545413991361,Yule_Walker_MLE,annual_trading_time,MA_BIC
30min,3,-0.0032230264002609,-0.0032308935326816,4428,4425,0.0294545413991361,Yule_Walker_MLE,annual_trading_time,MA_BIC
30min,4,0.0046567331982498,0.004186667051455,4428,4424,0.0294545413991361,Yule_Walker_MLE,annual_trading_time,MA_BIC
30min,5,0.0372754292931357,0.0371557819852768,4428,4423,0.0294545413991361,Yule_Walker_MLE,annual_trading_time,MA_BIC
30min,6,-0.0088596977346471,-0.0086739364819705,4428,4422,0.0294545413991361,Yule_Walker_MLE,annual_trading_time,MA_BIC
30min,7,-0.0146188426322903,-0.0130156327422332,4428,4421,0.0294545413991361,Yule_Walker_MLE,annual_trading_time,MA_BIC
30min,8,-0.0018931907019121,-0.0020860886694776,4428,4420,0.0294545413991361,Yule_Walker_MLE,annual_trading_time,MA_BIC
30min,9,0.0036945040603204,0.0027415806311801,4428,4419,0.0294545413991361,Yule_Walker_MLE,annual_trading_time,MA_BIC
30min,10,0.0028093827359744,0.0013541565916196,4428,4418,0.0294545413991361,Yule_Walker_MLE,annual_trading_time,MA_BIC
30min,11,-0.0054156432212414,-0.0045303728560129,4428,4417,0.0294545413991361,Yule_Walker_MLE,annual_trading_time,MA_BIC
30min,12,0.0023715013498915,0.0034434254752374,4428,4416,0.0294545413991361,Yule_Walker_MLE,annual_trading_time,MA_BIC
30min,13,0.0200586807344015,0.0197821647826129,4428,4415,0.0294545413991361,Yule_Walker_MLE,annual_trading_time,MA_BIC
30min,14,0.0109448867013782,0.0105988881617214,4428,4414,0.0294545413991361,Yule_Walker_MLE,annual_trading_time,MA_BIC
30min,15,-0.0060880342294387,-0.0053619736701509,4428,4413,0.0294545413991361,Yule_Walker_MLE,annual_trading_time,MA_BIC
30min,16,-0.0139303239817286,-0.0129661577288356,4428,4412,0.0294545413991361,Yule_Walker_MLE,annual_trading_time,MA_BIC
30min,17,-0.0010893418700741,-0.0016861632864353,4428,4411,0.0294545413991361,Yule_Walker_MLE,annual_trading_time,MA_BIC
30min,18,-0.015288597556829,-0.0175642228147947,4428,4410,0.0294545413991361,Yule_Walker_MLE,annual_trading_time,MA_BIC
30min,19,0.0403634803528872,0.0399980059498167,4428,4409,0.0294545413991361,Yule_Walker_MLE,annual_trading_time,MA_BIC
30min,20,-0.0041929907982507,-0.0035905876139238,4428,4408,0.0294545413991361,Yule_Walker_MLE,annual_trading_time,MA_BIC
30min,21,-0.0089071155388618,-0.0060342777347764,4428,4407,0.0294545413991361,Yule_Walker_MLE,annual_trading_time,MA_BIC
30min,22,0.0019386404968941,0.0016922669990179,4428,4406,0.0294545413991361,Yule_Walker_MLE,annual_trading_time,MA_BIC
30min,23,-0.0020177643962492,-0.0020188327065407,4428,4405,0.0294545413991361,Yule_Walker_MLE,annual_trading_time,MA_BIC
30min,24,0.0061248452672671,0.0030412131404158,4428,4404,0.0294545413991361,Yule_Walker_MLE,annual_trading_time,MA_BIC
60min,1,-0.0408412060271923,-0.0408412060271923,2214,2213,0.041655011920138,Yule_Walker_MLE,annual_trading_time,ARMA_BIC
60min,2,0.0317203761136975,0.0301025832364947,2214,2212,0.041655011920138,Yule_Walker_MLE,annual_trading_time,ARMA_BIC
60min,3,0.0051958138167692,0.0077015536525879,2214,2211,0.041655011920138,Yule_Walker_MLE,annual_trading_time,ARMA_BIC
60min,4,0.000674335020697,0.0002319639938312,2214,2210,0.041655011920138,Yule_Walker_MLE,annual_trading_time,ARMA_BIC
60min,5,-0.0019922733681966,-0.0023646993318852,2214,2209,0.041655011920138,Yule_Walker_MLE,annual_trading_time,ARMA_BIC
60min,6,-0.0006895463107895,-0.0009332859012877,2214,2208,0.041655011920138,Yule_Walker_MLE,annual_trading_time,ARMA_BIC
60min,7,0.0313961614576695,0.0315444683082066,2214,2207,0.041655011920138,Yule_Walker_MLE,annual_trading_time,ARMA_BIC
60min,8,-0.020339808814827,-0.0178222934651602,2214,2206,0.041655011920138,Yule_Walker_MLE,annual_trading_time,ARMA_BIC
60min,9,0.0057981146112733,0.0023481935273967,2214,2205,0.041655011920138,Yule_Walker_MLE,annual_trading_time,ARMA_BIC
60min,10,0.0066253716704362,0.0077512372277066,2214,2204,0.041655011920138,Yule_Walker_MLE,annual_trading_time,ARMA_BIC
60min,11,-0.0113605581449566,-0.010862124309467,2214,2203,0.041655011920138,Yule_Walker_MLE,annual_trading_time,ARMA_BIC
60min,12,0.0144657482635597,0.0133186181538952,2214,2202,0.041655011920138,Yule_Walker_MLE,annual_trading_time,ARMA_BIC
60min,13,-0.0179366834642232,-0.0164264178910145,2214,2201,0.041655011920138,Yule_Walker_MLE,annual_trading_time,ARMA_BIC
60min,14,0.0235632071483679,0.0206536700189656,2214,2200,0.041655011920138,Yule_Walker_MLE,annual_trading_time,ARMA_BIC
60min,15,0.0118835496119346,0.0157954837586058,2214,2199,0.041655011920138,Yule_Walker_MLE,annual_trading_time,ARMA_BIC
60min,16,0.0062181163318906,0.0054476797932236,2214,2198,0.041655011920138,Yule_Walker_MLE,annual_trading_time,ARMA_BIC
60min,17,-0.0297386962604656,-0.030736885370714,2214,2197,0.041655011920138,Yule_Walker_MLE,annual_trading_time,ARMA_BIC
60min,18,-0.0054838503737085,-0.0076389359656056,2214,2196,0.041655011920138,Yule_Walker_MLE,annual_trading_time,ARMA_BIC
60min,19,-0.0371564192835782,-0.0372377601181302,2214,2195,0.041655011920138,Yule_Walker_MLE,annual_trading_time,ARMA_BIC
60min,20,0.0174288981059281,0.0171246221926559,2214,2194,0.041655011920138,Yule_Walker_MLE,annual_trading_time,ARMA_BIC
60min,21,0.0101409180331803,0.0120143076206718,2214,2193,0.041655011920138,Yule_Walker_MLE,annual_trading_time,ARMA_BIC
60min,22,0.0217614475891159,0.0218985253498517,2214,2192,0.041655011920138,Yule_Walker_MLE,annual_trading_time,ARMA_BIC
60min,23,-0.0206879437106001,-0.0194898004000426,2214,2191,0.041655011920138,Yule_Walker_MLE,annual_trading_time,ARMA_BIC
60min,24,0.0435614220344528,0.0417158690179696,2214,2190,0.041655011920138,Yule_Walker_MLE,annual_trading_time,ARMA_BIC
60min,1,0.0012295769591718,0.0012295769591718,2214,2213,0.041655011920138,Yule_Walker_MLE,annual_trading_time,AR_BIC
60min,2,0.0303691301265799,0.0303676641787229,2214,2212,0.041655011920138,Yule_Walker_MLE,annual_trading_time,AR_BIC
60min,3,0.0065421008703713,0.0064745348354067,2214,2211,0.041655011920138,Yule_Walker_MLE,annual_trading_time,AR_BIC
60min,4,0.0008072379659306,-0.0001293664611349,2214,2210,0.041655011920138,Yule_Walker_MLE,annual_trading_time,AR_BIC
60min,5,-0.0020027067944207,-0.0024009438860391,2214,2209,0.041655011920138,Yule_Walker_MLE,annual_trading_time,AR_BIC
60min,6,0.0005078988705572,0.0004497807447984,2214,2208,0.041655011920138,Yule_Walker_MLE,annual_trading_time,AR_BIC
60min,7,0.030635146495555,0.0307934111067198,2214,2207,0.041655011920138,Yule_Walker_MLE,annual_trading_time,AR_BIC
60min,8,-0.0188775133166979,-0.0189748846632233,2214,2206,0.041655011920138,Yule_Walker_MLE,annual_trading_time,AR_BIC
60min,9,0.0052571135160453,0.0034410325801391,2214,2205,0.041655011920138,Yule_Walker_MLE,annual_trading_time,AR_BIC
60min,10,0.0064151555541674,0.0071616684336608,2214,2204,0.041655011920138,Yule_Walker_MLE,annual_trading_time,AR_BIC
60min,11,-0.0105342079586723,-0.0106094210165579,2214,2203,0.041655011920138,Yule_Walker_MLE,annual_trading_time,AR_BIC
60min,12,0.0133051823059371,0.0130711442903453,2214,2202,0.041655011920138,Yule_Walker_MLE,annual_trading_time,AR_BIC
60min,13,-0.0164385876641615,-0.0161148011376005,2214,2201,0.041655011920138,Yule_Walker_MLE,annual_trading_time,AR_BIC
60min,14,0.023390546163239,0.0219535083835165,2214,2200,0.041655011920138,Yule_Walker_MLE,annual_trading_time,AR_BIC
60min,15,0.0131385913254325,0.0151175921155335,2214,2199,0.041655011920138,Yule_Walker_MLE,annual_trading_time,AR_BIC
60min,16,0.0055086395436735,0.0035756486120771,2214,2198,0.041655011920138,Yule_Walker_MLE,annual_trading_time,AR_BIC
60min,17,-0.029826410248333,-0.0312125527250515,2214,2197,0.041655011920138,Yule_Walker_MLE,annual_trading_time,AR_BIC
60min,18,-0.0082234054789764,-0.007870791047379,2214,2196,0.041655011920138,Yule_Walker_MLE,annual_trading_time,AR_BIC
60min,19,-0.0367931324352039,-0.0362167758303649,2214,2195,0.041655011920138,Yule_Walker_MLE,annual_trading_time,AR_BIC
60min,20,0.0163825510580468,0.0190933380650656,2214,2194,0.041655011920138,Yule_Walker_MLE,annual_trading_time,AR_BIC
60min,21,0.0117742515873465,0.0121258308001905,2214,2193,0.041655011920138,Yule_Walker_MLE,annual_trading_time,AR_BIC
60min,22,0.0214049183461775,0.0206101452733857,2214,2192,0.041655011920138,Yule_Walker_MLE,annual_trading_time,AR_BIC
60min,23,-0.0180849981975881,-0.0186293388603407,2214,2191,0.041655011920138,Yule_Walker_MLE,annual_trading_time,AR_BIC
60min,24,0.0424984099644908,0.0422838504116843,2214,2190,0.041655011920138,Yule_Walker_MLE,annual_trading_time,AR_BIC
60min,1,-0.0012507922495242,-0.0012507922495242,2214,2213,0.041655011920138,Yule_Walker_MLE,annual_trading_time,MA_BIC
60min,2,0.0319240689564231,0.0319225544174095,2214,2212,0.041655011920138,Yule_Walker_MLE,annual_trading_time,MA_BIC
60min,3,0.0064571170726273,0.0065423784870329,2214,2211,0.041655011920138,Yule_Walker_MLE,annual_trading_time,MA_BIC
60min,4,0.0008471936580275,-0.0001549714522368,2214,2210,0.041655011920138,Yule_Walker_MLE,annual_trading_time,MA_BIC
60min,5,-0.0019469974601033,-0.0023635658831633,2214,2209,0.041655011920138,Yule_Walker_MLE,annual_trading_time,MA_BIC
60min,6,0.0004102350344497,0.0003401342844039,2214,2208,0.041655011920138,Yule_Walker_MLE,annual_trading_time,MA_BIC
60min,7,0.0306821716058789,0.0308492951932522,2214,2207,0.041655011920138,Yule_Walker_MLE,annual_trading_time,MA_BIC
60min,8,-0.0189524619956678,-0.0188987722266614,2214,2206,0.041655011920138,Yule_Walker_MLE,annual_trading_time,MA_BIC
60min,9,0.0053185877938932,0.0033129498783505,2214,2205,0.041655011920138,Yule_Walker_MLE,annual_trading_time,MA_BIC
60min,10,0.0064188868533672,0.0072464912217191,2214,2204,0.041655011920138,Yule_Walker_MLE,annual_trading_time,MA_BIC
60min,11,-0.010598790537816,-0.0106547480954477,2214,2203,0.041655011920138,Yule_Walker_MLE,annual_trading_time,MA_BIC
60min,12,0.0134168647113578,0.0131082788156006,2214,2202,0.041655011920138,Yule_Walker_MLE,annual_trading_time,MA_BIC
60min,13,-0.0165225038995468,-0.0160962085864231,2214,2201,0.041655011920138,Yule_Walker_MLE,annual_trading_time,MA_BIC
60min,14,0.0234267568871403,0.0218635971996407,2214,2200,0.041655011920138,Yule_Walker_MLE,annual_trading_time,MA_BIC
60min,15,0.0129945655632008,0.0151382181694826,2214,2199,0.041655011920138,Yule_Walker_MLE,annual_trading_time,MA_BIC
60min,16,0.0055727485274424,0.0036407255967508,2214,2198,0.041655011920138,Yule_Walker_MLE,annual_trading_time,MA_BIC
60min,17,-0.0298533441349344,-0.0312640944578409,2214,2197,0.041655011920138,Yule_Walker_MLE,annual_trading_time,MA_BIC
60min,18,-0.008028973075162,-0.0078363010222069,2214,2196,0.041655011920138,Yule_Walker_MLE,annual_trading_time,MA_BIC
60min,19,-0.0368375495732174,-0.0362131887473006,2214,2195,0.041655011920138,Yule_Walker_MLE,annual_trading_time,MA_BIC
60min,20,0.0164627401527889,0.0190215003813776,2214,2194,0.041655011920138,Yule_Walker_MLE,annual_trading_time,MA_BIC
60min,21,0.0115953142341064,0.0121495758141834,2214,2193,0.041655011920138,Yule_Walker_MLE,annual_trading_time,MA_BIC
60min,22,0.0215110074127231,0.0207205523645057,2214,2192,0.041655011920138,Yule_Walker_MLE,annual_trading_time,MA_BIC
60min,23,-0.0182313672688631,-0.0187109474140645,2214,2191,0.041655011920138,Yule_Walker_MLE,annual_trading_time,MA_BIC
60min,24,0.0425795783545494,0.0422111900477077,2214,2190,0.041655011920138,Yule_Walker_MLE,annual_trading_time,MA_BIC
1d,1,-0.044538988406971,-0.044538988406971,246,245,0.1249650357604143,Yule_Walker_MLE,annual_trading_time,ARMA_BIC
1d,2,0.0049893615066451,0.0030116142221759,246,244,0.1249650357604143,Yule_Walker_MLE,annual_trading_time,ARMA_BIC
1d,3,0.0170475734083786,0.0174380095294246,246,243,0.1249650357604143,Yule_Walker_MLE,annual_trading_time,ARMA_BIC
1d,4,0.1540778370158799,0.1559516132846125,246,242,0.1249650357604143,Yule_Walker_MLE,annual_trading_time,ARMA_BIC
1d,5,-0.0376462903662429,-0.0242516844542187,246,241,0.1249650357604143,Yule_Walker_MLE,annual_trading_time,ARMA_BIC
1d,6,0.0290964107522548,0.0252963940001378,246,240,0.1249650357604143,Yule_Walker_MLE,annual_trading_time,ARMA_BIC
1d,7,0.0909240065943488,0.0895834532084381,246,239,0.1249650357604143,Yule_Walker_MLE,annual_trading_time,ARMA_BIC
1d,8,0.0021589602660667,-0.0131640500966721,246,238,0.1249650357604143,Yule_Walker_MLE,annual_trading_time,ARMA_BIC
1d,9,-0.0210680600299815,-0.014133476971061,246,237,0.1249650357604143,Yule_Walker_MLE,annual_trading_time,ARMA_BIC
1d,10,0.0492183641498008,0.0368249398796286,246,236,0.1249650357604143,Yule_Walker_MLE,annual_trading_time,ARMA_BIC
1d,11,0.0178590453810481,-0.0042602452496977,246,235,0.1249650357604143,Yule_Walker_MLE,annual_trading_time,ARMA_BIC
1d,12,-0.0081773539017993,-0.001369703218885,246,234,0.1249650357604143,Yule_Walker_MLE,annual_trading_time,ARMA_BIC
1d,13,-0.0452275176730634,-0.0485104262755411,246,233,0.1249650357604143,Yule_Walker_MLE,annual_trading_time,ARMA_BIC
1d,14,-0.0035953006544614,-0.0306658828008683,246,232,0.1249650357604143,Yule_Walker_MLE,annual_trading_time,ARMA_BIC
1d,15,0.0344343652339336,0.0371778194220788,246,231,0.1249650357604143,Yule_Walker_MLE,annual_trading_time,ARMA_BIC
1d,16,-0.0911969868777877,-0.0884376518857184,246,230,0.1249650357604143,Yule_Walker_MLE,annual_trading_time,ARMA_BIC
1d,17,0.0488994088153754,0.0493714319871331,246,229,0.1249650357604143,Yule_Walker_MLE,annual_trading_time,ARMA_BIC
1d,18,-0.1473767207208359,-0.149110854050734,246,228,0.1249650357604143,Yule_Walker_MLE,annual_trading_time,ARMA_BIC
1d,19,0.0352929099567516,0.0213725948516823,246,227,0.1249650357604143,Yule_Walker_MLE,annual_trading_time,ARMA_BIC
1d,20,0.0033469461733051,0.0431068278037693,246,226,0.1249650357604143,Yule_Walker_MLE,annual_trading_time,ARMA_BIC
1d,1,1.5404000618760374e-05,1.54040006187427e-05,246,245,0.1249650357604143,Yule_Walker_MLE,annual_trading_time,AR_BIC
1d,2,0.0037743380150291,0.0037743377786414,246,244,0.1249650357604143,Yule_Walker_MLE,annual_trading_time,AR_BIC
1d,3,0.0242045465652751,0.0242047753228201,246,243,0.1249650357604143,Yule_Walker_MLE,annual_trading_time,AR_BIC
1d,4,0.1537668421472658,0.1538463894387962,246,242,0.1249650357604143,Yule_Walker_MLE,annual_trading_time,AR_BIC
1d,5,-0.0296349621673124,-0.0299481194040105,246,241,0.1249650357604143,Yule_Walker_MLE,annual_trading_time,AR_BIC
1d,6,0.0315750688542913,0.0305971087045799,246,240,0.1249650357604143,Yule_Walker_MLE,annual_trading_time,AR_BIC
1d,7,0.092639133253891,0.0876136210280675,246,239,0.1249650357604143,Yule_Walker_MLE,annual_trading_time,AR_BIC
1d,8,0.0052872397652093,-0.0176704113377759,246,238,0.1249650357604143,Yule_Walker_MLE,annual_trading_time,AR_BIC
1d,9,-0.0188714309926982,-0.0117206731219199,246,237,0.1249650357604143,Yule_Walker_MLE,annual_trading_time,AR_BIC
1d,10,0.0492533006329773,0.0371388771662621,246,236,0.1249650357604143,Yule_Walker_MLE,annual_trading_time,AR_BIC
1d,11,0.0197276838528479,-0.0059892361976769,246,235,0.1249650357604143,Yule_Walker_MLE,annual_trading_time,AR_BIC
1d,12,-0.0094180281922397,-0.0032546683029301,246,234,0.1249650357604143,Yule_Walker_MLE,annual_trading_time,AR_BIC
1d,13,-0.0459310444625437,-0.04971900168797,246,233,0.1249650357604143,Yule_Walker_MLE,annual_trading_time,AR_BIC
1d,14,-0.0040855492277384,-0.0267920859570663,246,232,0.1249650357604143,Yule_Walker_MLE,annual_trading_time,AR_BIC
1d,15,0.0303406493528732,0.0344343016473743,246,231,0.1249650357604143,Yule_Walker_MLE,annual_trading_time,AR_BIC
1d,16,-0.0878374682176068,-0.0877670735297756,246,230,0.1249650357604143,Yule_Walker_MLE,annual_trading_time,AR_BIC
1d,17,0.0384742998876859,0.0466620997213354,246,229,0.1249650357604143,Yule_Walker_MLE,annual_trading_time,AR_BIC
1d,18,-0.1442119759098752,-0.1502067428489646,246,228,0.1249650357604143,Yule_Walker_MLE,annual_trading_time,AR_BIC
1d,19,0.0290204444693101,0.0299554593115968,246,227,0.1249650357604143,Yule_Walker_MLE,annual_trading_time,AR_BIC
1d,20,0.0057071417050263,0.0417960194231262,246,226,0.1249650357604143,Yule_Walker_MLE,annual_trading_time,AR_BIC
1d,1,-0.0004480290419382,-0.0004480290419383,246,245,0.1249650357604143,Yule_Walker_MLE,annual_trading_time,MA_BIC
1d,2,0.0060073758421451,0.0060071763179433,246,244,0.1249650357604143,Yule_Walker_MLE,annual_trading_time,MA_BIC
1d,3,0.024069846747371,0.0240760870938028,246,243,0.1249650357604143,Yule_Walker_MLE,annual_trading_time,MA_BIC
1d,4,0.1538335297190495,0.1539171663925067,246,242,0.1249650357604143,Yule_Walker_MLE,annual_trading_time,MA_BIC
1d,5,-0.0294945988418984,-0.0297553650960348,246,241,0.1249650357604143,Yule_Walker_MLE,annual_trading_time,MA_BIC
1d,6,0.0318489728654618,0.0302006451152741,246,240,0.1249650357604143,Yule_Walker_MLE,annual_trading_time,MA_BIC
1d,7,0.0924946621264932,0.0876408463374001,246,239,0.1249650357604143,Yule_Walker_MLE,annual_trading_time,MA_BIC
1d,8,0.0054123448306641,-0.0175996513632774,246,238,0.1249650357604143,Yule_Walker_MLE,annual_trading_time,MA_BIC
1d,9,-0.0186861181144534,-0.011938872593132,246,237,0.1249650357604143,Yule_Walker_MLE,annual_trading_time,MA_BIC
1d,10,0.0492322692586433,0.0371527009094508,246,236,0.1249650357604143,Yule_Walker_MLE,annual_trading_time,MA_BIC
1d,11,0.0195569277486953,-0.0060574831602726,246,235,0.1249650357604143,Yule_Walker_MLE,annual_trading_time,MA_BIC
1d,12,-0.0093083157114699,-0.0033523922911546,246,234,0.1249650357604143,Yule_Walker_MLE,annual_trading_time,MA_BIC
1d,13,-0.0458245965338972,-0.0496219377166631,246,233,0.1249650357604143,Yule_Walker_MLE,annual_trading_time,MA_BIC
1d,14,-0.0042623394438723,-0.0269848859770027,246,232,0.1249650357604143,Yule_Walker_MLE,annual_trading_time,MA_BIC
1d,15,0.0303616788638157,0.0346430992519578,246,231,0.1249650357604143,Yule_Walker_MLE,annual_trading_time,MA_BIC
1d,16,-0.0881487002629733,-0.0879991331917378,246,230,0.1249650357604143,Yule_Walker_MLE,annual_trading_time,MA_BIC
1d,17,0.0387080353548672,0.0466879764886535,246,229,0.1249650357604143,Yule_Walker_MLE,annual_trading_time,MA_BIC
1d,18,-0.1444034037102777,-0.1499500491538007,246,228,0.1249650357604143,Yule_Walker_MLE,annual_trading_time,MA_BIC
1d,19,0.0291921010837479,0.0297673176905635,246,227,0.1249650357604143,Yule_Walker_MLE,annual_trading_time,MA_BIC
1d,20,0.0052467587416449,0.0420199734687592,246,226,0.1249650357604143,Yule_Walker_MLE,annual_trading_time,MA_BIC
