scale,lag,acf,pacf,n,valid_pairs,white_noise_pointwise_band,pacf_method,sequence
1min,1,-0.0081179975017113,-0.0081179975017113,132840,132839,0.0053776389150922,Yule_Walker_MLE,annual_trading_time
1min,2,-0.0026265747566406,-0.0026926540910545,132840,132838,0.0053776389150922,Yule_Walker_MLE,annual_trading_time
1min,3,0.0030531303520434,0.0030101116464165,132840,132837,0.0053776389150922,Yule_Walker_MLE,annual_trading_time
1min,4,0.0043097058982474,0.0043523189848595,132840,132836,0.0053776389150922,Yule_Walker_MLE,annual_trading_time
1min,5,-0.0038242409979416,-0.0037380750786553,132840,132835,0.0053776389150922,Yule_Walker_MLE,annual_trading_time
1min,6,0.0094276379373582,0.0093807701150466,132840,132834,0.0053776389150922,Yule_Walker_MLE,annual_trading_time
1min,7,-0.0043436604045668,-0.0042381849335888,132840,132833,0.0053776389150922,Yule_Walker_MLE,annual_trading_time
1min,8,-0.0028040277464987,-0.0028200270278178,132840,132832,0.0053776389150922,Yule_Walker_MLE,annual_trading_time
1min,9,-0.0031859973196082,-0.003279494476601,132840,132831,0.0053776389150922,Yule_Walker_MLE,annual_trading_time
1min,10,-0.0103548690989907,-0.0104938371372161,132840,132830,0.0053776389150922,Yule_Walker_MLE,annual_trading_time
1min,11,-0.0011887028012746,-0.0012502787616838,132840,132829,0.0053776389150922,Yule_Walker_MLE,annual_trading_time
1min,12,0.0064284511420401,0.0062790770871851,132840,132828,0.0053776389150922,Yule_Walker_MLE,annual_trading_time
1min,13,0.0001792908757493,0.0004272897473329,132840,132827,0.0053776389150922,Yule_Walker_MLE,annual_trading_time
1min,14,0.0036571906482066,0.003806541301485,132840,132826,0.0053776389150922,Yule_Walker_MLE,annual_trading_time
1min,15,0.0083550185447377,0.0083518329892418,132840,132825,0.0053776389150922,Yule_Walker_MLE,annual_trading_time
1min,16,-0.0048847136983095,-0.0046387121530899,132840,132824,0.0053776389150922,Yule_Walker_MLE,annual_trading_time
1min,17,-0.0028246612928206,-0.0029227057689921,132840,132823,0.0053776389150922,Yule_Walker_MLE,annual_trading_time
1min,18,-0.0012161367686006,-0.0015699509588368,132840,132822,0.0053776389150922,Yule_Walker_MLE,annual_trading_time
1min,19,-0.0045562933629372,-0.0046420143458398,132840,132821,0.0053776389150922,Yule_Walker_MLE,annual_trading_time
1min,20,-0.0055464805897498,-0.0056579843643982,132840,132820,0.0053776389150922,Yule_Walker_MLE,annual_trading_time
1min,21,-0.0058323377990347,-0.0060572204102953,132840,132819,0.0053776389150922,Yule_Walker_MLE,annual_trading_time
1min,22,-0.0039679254342739,-0.0037625078873566,132840,132818,0.0053776389150922,Yule_Walker_MLE,annual_trading_time
1min,23,0.0072017454541814,0.0072850172302099,132840,132817,0.0053776389150922,Yule_Walker_MLE,annual_trading_time
1min,24,0.0047393357125622,0.004962887218855,132840,132816,0.0053776389150922,Yule_Walker_MLE,annual_trading_time
1min,25,0.0037723452678082,0.0041345124184824,132840,132815,0.0053776389150922,Yule_Walker_MLE,annual_trading_time
1min,26,0.0006408035793347,0.0005932757440728,132840,132814,0.0053776389150922,Yule_Walker_MLE,annual_trading_time
1min,27,-0.0031945793868951,-0.0034404984317651,132840,132813,0.0053776389150922,Yule_Walker_MLE,annual_trading_time
1min,28,-0.0026962488618374,-0.0028038931169447,132840,132812,0.0053776389150922,Yule_Walker_MLE,annual_trading_time
1min,29,0.0017412059356863,0.0013091406098429,132840,132811,0.0053776389150922,Yule_Walker_MLE,annual_trading_time
1min,30,-0.0025000748286098,-0.0026855567741594,132840,132810,0.0053776389150922,Yule_Walker_MLE,annual_trading_time
1min,31,0.0001799386257743,0.0002007270285605,132840,132809,0.0053776389150922,Yule_Walker_MLE,annual_trading_time
1min,32,-0.0071869298738783,-0.007095537506259,132840,132808,0.0053776389150922,Yule_Walker_MLE,annual_trading_time
1min,33,0.0071422216352481,0.0073898886135471,132840,132807,0.0053776389150922,Yule_Walker_MLE,annual_trading_time
1min,34,0.0026645237031092,0.0031095212295972,132840,132806,0.0053776389150922,Yule_Walker_MLE,annual_trading_time
1min,35,0.0022104057086176,0.0023504931526254,132840,132805,0.0053776389150922,Yule_Walker_MLE,annual_trading_time
1min,36,-0.0008570623273457,-0.0007560367445908,132840,132804,0.0053776389150922,Yule_Walker_MLE,annual_trading_time
1min,37,0.0023724258552705,0.0019883194112148,132840,132803,0.0053776389150922,Yule_Walker_MLE,annual_trading_time
1min,38,-0.0003333872297778,-0.000505096190251,132840,132802,0.0053776389150922,Yule_Walker_MLE,annual_trading_time
1min,39,0.0007284694293852,0.0004550929833279,132840,132801,0.0053776389150922,Yule_Walker_MLE,annual_trading_time
1min,40,0.00233686748908,0.0022266366355205,132840,132800,0.0053776389150922,Yule_Walker_MLE,annual_trading_time
1min,41,0.000878750999391,0.0008482365219206,132840,132799,0.0053776389150922,Yule_Walker_MLE,annual_trading_time
1min,42,-0.0005496110458791,-0.0004170232559712,132840,132798,0.0053776389150922,Yule_Walker_MLE,annual_trading_time
1min,43,0.0003670316193659,0.0005602086688917,132840,132797,0.0053776389150922,Yule_Walker_MLE,annual_trading_time
1min,44,0.0001893722561691,0.000495514532977,132840,132796,0.0053776389150922,Yule_Walker_MLE,annual_trading_time
1min,45,0.0063339583285246,0.0065186326675288,132840,132795,0.0053776389150922,Yule_Walker_MLE,annual_trading_time
1min,46,-0.0012594096532583,-0.001187532751435,132840,132794,0.0053776389150922,Yule_Walker_MLE,annual_trading_time
1min,47,-0.0004988379732207,-0.0005205985150072,132840,132793,0.0053776389150922,Yule_Walker_MLE,annual_trading_time
1min,48,-0.0023324449189183,-0.0027018498857242,132840,132792,0.0053776389150922,Yule_Walker_MLE,annual_trading_time
1min,49,-0.0050767813718439,-0.0053341136261271,132840,132791,0.0053776389150922,Yule_Walker_MLE,annual_trading_time
1min,50,-0.0010360060835627,-0.0010109514402202,132840,132790,0.0053776389150922,Yule_Walker_MLE,annual_trading_time
1min,51,-0.0034405764216018,-0.0035395715201454,132840,132789,0.0053776389150922,Yule_Walker_MLE,annual_trading_time
1min,52,0.002159996404831,0.002175457177032,132840,132788,0.0053776389150922,Yule_Walker_MLE,annual_trading_time
1min,53,-0.0003731878189457,-0.0001850694565012,132840,132787,0.0053776389150922,Yule_Walker_MLE,annual_trading_time
1min,54,-0.0069741746162135,-0.0068154530163862,132840,132786,0.0053776389150922,Yule_Walker_MLE,annual_trading_time
1min,55,-0.0063636594172924,-0.0060994434332987,132840,132785,0.0053776389150922,Yule_Walker_MLE,annual_trading_time
1min,56,-0.0034432079203765,-0.0036405233997259,132840,132784,0.0053776389150922,Yule_Walker_MLE,annual_trading_time
1min,57,-0.0003856388420276,-0.0005138309080305,132840,132783,0.0053776389150922,Yule_Walker_MLE,annual_trading_time
1min,58,0.0024433401029283,0.0022533375390372,132840,132782,0.0053776389150922,Yule_Walker_MLE,annual_trading_time
1min,59,-0.0031540123093236,-0.0032981023137952,132840,132781,0.0053776389150922,Yule_Walker_MLE,annual_trading_time
1min,60,0.0024237559188208,0.0023885211489704,132840,132780,0.0053776389150922,Yule_Walker_MLE,annual_trading_time
5min,1,0.0024168222232547,0.0024168222232547,26568,26567,0.0120247661725944,Yule_Walker_MLE,annual_trading_time
5min,2,-0.0120035256824971,-0.0120094368596328,26568,26566,0.0120247661725944,Yule_Walker_MLE,annual_trading_time
5min,3,0.009973113758314,0.0100330028384887,26568,26565,0.0120247661725944,Yule_Walker_MLE,annual_trading_time
5min,4,-0.0119400088427651,-0.0121373443320849,26568,26564,0.0120247661725944,Yule_Walker_MLE,annual_trading_time
5min,5,-0.0023984898033411,-0.0020956157699716,26568,26563,0.0120247661725944,Yule_Walker_MLE,annual_trading_time
5min,6,0.0002344468212602,-0.0001450780161767,26568,26562,0.0120247661725944,Yule_Walker_MLE,annual_trading_time
5min,7,0.0081822727691122,0.0083719378334641,26568,26561,0.0120247661725944,Yule_Walker_MLE,annual_trading_time
5min,8,-0.0049760078640016,-0.0051212893619361,26568,26560,0.0120247661725944,Yule_Walker_MLE,annual_trading_time
5min,9,0.0087856117326462,0.0089632274222769,26568,26559,0.0120247661725944,Yule_Walker_MLE,annual_trading_time
5min,10,-0.0099306771405146,-0.0102780130107201,26568,26558,0.0120247661725944,Yule_Walker_MLE,annual_trading_time
5min,11,-0.0135105070775381,-0.0129447106360346,26568,26557,0.0120247661725944,Yule_Walker_MLE,annual_trading_time
5min,12,-0.0010009900547953,-0.0014415305173484,26568,26556,0.0120247661725944,Yule_Walker_MLE,annual_trading_time
5min,13,-0.0161028055626297,-0.0160340030218455,26568,26555,0.0120247661725944,Yule_Walker_MLE,annual_trading_time
5min,14,0.0025227327870533,0.0025726165874722,26568,26554,0.0120247661725944,Yule_Walker_MLE,annual_trading_time
5min,15,0.0053882121874858,0.0047346854298826,26568,26553,0.0120247661725944,Yule_Walker_MLE,annual_trading_time
5min,16,-0.0050212560043003,-0.0049281504362787,26568,26552,0.0120247661725944,Yule_Walker_MLE,annual_trading_time
5min,17,-0.0009034356568065,-0.0009404319802903,26568,26551,0.0120247661725944,Yule_Walker_MLE,annual_trading_time
5min,18,-0.0001438553443962,-0.0003278974238715,26568,26550,0.0120247661725944,Yule_Walker_MLE,annual_trading_time
5min,19,0.0007486284113691,0.0010157946578134,26568,26549,0.0120247661725944,Yule_Walker_MLE,annual_trading_time
5min,20,-0.0032983995371594,-0.0030033946423954,26568,26548,0.0120247661725944,Yule_Walker_MLE,annual_trading_time
5min,21,-0.0049146040379574,-0.0053699910185332,26568,26547,0.0120247661725944,Yule_Walker_MLE,annual_trading_time
5min,22,0.0034684888790983,0.003414596986248,26568,26546,0.0120247661725944,Yule_Walker_MLE,annual_trading_time
5min,23,0.0055842216822048,0.005265488608261,26568,26545,0.0120247661725944,Yule_Walker_MLE,annual_trading_time
5min,24,-0.0001133734152658,-0.0005297566301986,26568,26544,0.0120247661725944,Yule_Walker_MLE,annual_trading_time
15min,1,0.0074473232341578,0.0074473232341578,8856,8855,0.020827505960069,Yule_Walker_MLE,annual_trading_time
15min,2,0.005689201453368,0.0056340513092797,8856,8854,0.020827505960069,Yule_Walker_MLE,annual_trading_time
15min,3,-0.0119742741372293,-0.0120594149716309,8856,8853,0.020827505960069,Yule_Walker_MLE,annual_trading_time
15min,4,-0.0221015813267403,-0.0219599531790001,8856,8852,0.020827505960069,Yule_Walker_MLE,annual_trading_time
15min,5,0.0007036934388848,0.0011651007308586,8856,8851,0.020827505960069,Yule_Walker_MLE,annual_trading_time
15min,6,-0.0060852663436598,-0.0059912816463282,8856,8850,0.020827505960069,Yule_Walker_MLE,annual_trading_time
15min,7,-0.0029893409219929,-0.0034414202715911,8856,8849,0.020827505960069,Yule_Walker_MLE,annual_trading_time
15min,8,0.0024572254928789,0.0021124136409831,8856,8848,0.020827505960069,Yule_Walker_MLE,annual_trading_time
15min,9,0.0116408727489328,0.0115513169120677,8856,8847,0.020827505960069,Yule_Walker_MLE,annual_trading_time
15min,10,0.0268049420193655,0.0262913526712808,8856,8846,0.020827505960069,Yule_Walker_MLE,annual_trading_time
15min,11,0.0050018398591723,0.0044250287862517,8856,8845,0.020827505960069,Yule_Walker_MLE,annual_trading_time
15min,12,0.0038256933721692,0.00380815807648,8856,8844,0.020827505960069,Yule_Walker_MLE,annual_trading_time
15min,13,-0.0111698827070196,-0.0101940343533299,8856,8843,0.020827505960069,Yule_Walker_MLE,annual_trading_time
15min,14,-0.0036246561130443,-0.0022602291924566,8856,8842,0.020827505960069,Yule_Walker_MLE,annual_trading_time
15min,15,-0.006308145843858,-0.0057753474314554,8856,8841,0.020827505960069,Yule_Walker_MLE,annual_trading_time
15min,16,0.0127535443047632,0.0131630024562898,8856,8840,0.020827505960069,Yule_Walker_MLE,annual_trading_time
15min,17,-0.0212755036335135,-0.0218048588064237,8856,8839,0.020827505960069,Yule_Walker_MLE,annual_trading_time
15min,18,0.0109512244154295,0.0107134323575057,8856,8838,0.020827505960069,Yule_Walker_MLE,annual_trading_time
15min,19,-0.0040962159102085,-0.0047014688301422,8856,8837,0.020827505960069,Yule_Walker_MLE,annual_trading_time
15min,20,0.0023941247713877,0.0015069529541117,8856,8836,0.020827505960069,Yule_Walker_MLE,annual_trading_time
15min,21,0.003679261416588,0.0026046234151421,8856,8835,0.020827505960069,Yule_Walker_MLE,annual_trading_time
15min,22,-0.0004324141869077,7.26852302675958e-05,8856,8834,0.020827505960069,Yule_Walker_MLE,annual_trading_time
15min,23,-0.008734565833973,-0.008509628353167,8856,8833,0.020827505960069,Yule_Walker_MLE,annual_trading_time
15min,24,0.001728704071798,0.0023540621196677,8856,8832,0.020827505960069,Yule_Walker_MLE,annual_trading_time
30min,1,0.00642080371445,0.00642080371445,4428,4427,0.0294545413991361,Yule_Walker_MLE,annual_trading_time
30min,2,-0.0217228838617921,-0.0217650078820247,4428,4426,0.0294545413991361,Yule_Walker_MLE,annual_trading_time
30min,3,-0.0033370167040843,-0.0030563275119398,4428,4425,0.0294545413991361,Yule_Walker_MLE,annual_trading_time
30min,4,0.004885064002474,0.0044563318771633,4428,4424,0.0294545413991361,Yule_Walker_MLE,annual_trading_time
30min,5,0.0372477772567306,0.0370682820469527,4428,4423,0.0294545413991361,Yule_Walker_MLE,annual_trading_time
30min,6,-0.0087075626808162,-0.0090099494361821,4428,4422,0.0294545413991361,Yule_Walker_MLE,annual_trading_time
30min,7,-0.0146908799821009,-0.0129690017040089,4428,4421,0.0294545413991361,Yule_Walker_MLE,annual_trading_time
30min,8,-0.0019667178691064,-0.0019808814580627,4428,4420,0.0294545413991361,Yule_Walker_MLE,annual_trading_time
30min,9,0.0037006180402846,0.0027639482349405,4428,4419,0.0294545413991361,Yule_Walker_MLE,annual_trading_time
30min,10,0.0027973308462084,0.0013046558804349,4428,4418,0.0294545413991361,Yule_Walker_MLE,annual_trading_time
30min,11,-0.0053817583021911,-0.0045168978284205,4428,4417,0.0294545413991361,Yule_Walker_MLE,annual_trading_time
30min,12,0.0024700835479911,0.0036067965092141,4428,4416,0.0294545413991361,Yule_Walker_MLE,annual_trading_time
30min,13,0.0201474970030353,0.0198284647175729,4428,4415,0.0294545413991361,Yule_Walker_MLE,annual_trading_time
30min,14,0.0110382257583364,0.0104294240216783,4428,4414,0.0294545413991361,Yule_Walker_MLE,annual_trading_time
30min,15,-0.0061085483514604,-0.0055194421352465,4428,4413,0.0294545413991361,Yule_Walker_MLE,annual_trading_time
30min,16,-0.0139765284716619,-0.0129384176583298,4428,4412,0.0294545413991361,Yule_Walker_MLE,annual_trading_time
30min,17,-0.0012858103649718,-0.001717666655336,4428,4411,0.0294545413991361,Yule_Walker_MLE,annual_trading_time
30min,18,-0.0150244926793463,-0.0172836735503403,4428,4410,0.0294545413991361,Yule_Walker_MLE,annual_trading_time
30min,19,0.0402319150143203,0.0400888621258479,4428,4409,0.0294545413991361,Yule_Walker_MLE,annual_trading_time
30min,20,-0.0039818345069531,-0.0039000467505015,4428,4408,0.0294545413991361,Yule_Walker_MLE,annual_trading_time
30min,21,-0.0089221103671493,-0.0059967694293647,4428,4407,0.0294545413991361,Yule_Walker_MLE,annual_trading_time
30min,22,0.0018655453001795,0.0017192030882224,4428,4406,0.0294545413991361,Yule_Walker_MLE,annual_trading_time
30min,23,-0.0019646376457694,-0.0020108673776189,4428,4405,0.0294545413991361,Yule_Walker_MLE,annual_trading_time
30min,24,0.0061591562506397,0.0031068214339347,4428,4404,0.0294545413991361,Yule_Walker_MLE,annual_trading_time
60min,1,-0.0408412060271923,-0.0408412060271923,2214,2213,0.041655011920138,Yule_Walker_MLE,annual_trading_time
60min,2,0.0317203761136975,0.0301025832364947,2214,2212,0.041655011920138,Yule_Walker_MLE,annual_trading_time
60min,3,0.0051958138167692,0.0077015536525879,2214,2211,0.041655011920138,Yule_Walker_MLE,annual_trading_time
60min,4,0.000674335020697,0.0002319639938312,2214,2210,0.041655011920138,Yule_Walker_MLE,annual_trading_time
60min,5,-0.0019922733681966,-0.0023646993318852,2214,2209,0.041655011920138,Yule_Walker_MLE,annual_trading_time
60min,6,-0.0006895463107895,-0.0009332859012877,2214,2208,0.041655011920138,Yule_Walker_MLE,annual_trading_time
60min,7,0.0313961614576695,0.0315444683082066,2214,2207,0.041655011920138,Yule_Walker_MLE,annual_trading_time
60min,8,-0.020339808814827,-0.0178222934651602,2214,2206,0.041655011920138,Yule_Walker_MLE,annual_trading_time
60min,9,0.0057981146112733,0.0023481935273967,2214,2205,0.041655011920138,Yule_Walker_MLE,annual_trading_time
60min,10,0.0066253716704362,0.0077512372277066,2214,2204,0.041655011920138,Yule_Walker_MLE,annual_trading_time
60min,11,-0.0113605581449566,-0.010862124309467,2214,2203,0.041655011920138,Yule_Walker_MLE,annual_trading_time
60min,12,0.0144657482635597,0.0133186181538952,2214,2202,0.041655011920138,Yule_Walker_MLE,annual_trading_time
60min,13,-0.0179366834642232,-0.0164264178910145,2214,2201,0.041655011920138,Yule_Walker_MLE,annual_trading_time
60min,14,0.0235632071483679,0.0206536700189656,2214,2200,0.041655011920138,Yule_Walker_MLE,annual_trading_time
60min,15,0.0118835496119346,0.0157954837586058,2214,2199,0.041655011920138,Yule_Walker_MLE,annual_trading_time
60min,16,0.0062181163318906,0.0054476797932237,2214,2198,0.041655011920138,Yule_Walker_MLE,annual_trading_time
60min,17,-0.0297386962604656,-0.030736885370714,2214,2197,0.041655011920138,Yule_Walker_MLE,annual_trading_time
60min,18,-0.0054838503737085,-0.0076389359656056,2214,2196,0.041655011920138,Yule_Walker_MLE,annual_trading_time
60min,19,-0.0371564192835782,-0.0372377601181302,2214,2195,0.041655011920138,Yule_Walker_MLE,annual_trading_time
60min,20,0.0174288981059281,0.0171246221926559,2214,2194,0.041655011920138,Yule_Walker_MLE,annual_trading_time
60min,21,0.0101409180331803,0.0120143076206718,2214,2193,0.041655011920138,Yule_Walker_MLE,annual_trading_time
60min,22,0.0217614475891159,0.0218985253498517,2214,2192,0.041655011920138,Yule_Walker_MLE,annual_trading_time
60min,23,-0.0206879437106001,-0.0194898004000426,2214,2191,0.041655011920138,Yule_Walker_MLE,annual_trading_time
60min,24,0.0435614220344528,0.0417158690179696,2214,2190,0.041655011920138,Yule_Walker_MLE,annual_trading_time
1d,1,-0.044538988406971,-0.044538988406971,246,245,0.1249650357604143,Yule_Walker_MLE,annual_trading_time
1d,2,0.0049893615066451,0.0030116142221759,246,244,0.1249650357604143,Yule_Walker_MLE,annual_trading_time
1d,3,0.0170475734083786,0.0174380095294246,246,243,0.1249650357604143,Yule_Walker_MLE,annual_trading_time
1d,4,0.1540778370158799,0.1559516132846125,246,242,0.1249650357604143,Yule_Walker_MLE,annual_trading_time
1d,5,-0.0376462903662429,-0.0242516844542187,246,241,0.1249650357604143,Yule_Walker_MLE,annual_trading_time
1d,6,0.0290964107522548,0.0252963940001378,246,240,0.1249650357604143,Yule_Walker_MLE,annual_trading_time
1d,7,0.0909240065943488,0.0895834532084381,246,239,0.1249650357604143,Yule_Walker_MLE,annual_trading_time
1d,8,0.0021589602660667,-0.0131640500966721,246,238,0.1249650357604143,Yule_Walker_MLE,annual_trading_time
1d,9,-0.0210680600299814,-0.014133476971061,246,237,0.1249650357604143,Yule_Walker_MLE,annual_trading_time
1d,10,0.0492183641498008,0.0368249398796286,246,236,0.1249650357604143,Yule_Walker_MLE,annual_trading_time
1d,11,0.0178590453810481,-0.0042602452496977,246,235,0.1249650357604143,Yule_Walker_MLE,annual_trading_time
1d,12,-0.0081773539017993,-0.001369703218885,246,234,0.1249650357604143,Yule_Walker_MLE,annual_trading_time
1d,13,-0.0452275176730633,-0.0485104262755411,246,233,0.1249650357604143,Yule_Walker_MLE,annual_trading_time
1d,14,-0.0035953006544614,-0.0306658828008683,246,232,0.1249650357604143,Yule_Walker_MLE,annual_trading_time
1d,15,0.0344343652339336,0.0371778194220788,246,231,0.1249650357604143,Yule_Walker_MLE,annual_trading_time
1d,16,-0.0911969868777877,-0.0884376518857184,246,230,0.1249650357604143,Yule_Walker_MLE,annual_trading_time
1d,17,0.0488994088153754,0.0493714319871331,246,229,0.1249650357604143,Yule_Walker_MLE,annual_trading_time
1d,18,-0.147376720720836,-0.149110854050734,246,228,0.1249650357604143,Yule_Walker_MLE,annual_trading_time
1d,19,0.0352929099567516,0.0213725948516823,246,227,0.1249650357604143,Yule_Walker_MLE,annual_trading_time
1d,20,0.003346946173305,0.0431068278037693,246,226,0.1249650357604143,Yule_Walker_MLE,annual_trading_time
